soil_temperature,soil_moisture,soil_health,air_temperature,air_humidity,water_level,root_health,stem_health,leaf_health,branch_health,condition
19.37,65.2,Good,21.98,55.06,75.32,Healthy Roots,Strong Stem,Green Leaves,Healthy Branches,Healthy
32.04,63.84,Good,31.01,65.82,50.56,Healthy Roots,Strong Stem,Green Leaves,Healthy Branches,Healthy
25.89,81.78,Poor,21.65,59.43,36.66,Root Rot Risk,Soft Stem,Yellowing Leaves,Branch Weakness,Overwatered
31.02,37.32,Good,25.71,47.78,55.61,Healthy Roots,Strong Stem,Green Leaves,Healthy Branches,Healthy
35.6,53.77,Good,39.71,62.06,95.58,Healthy Roots,Strong Stem,Green Leaves,Healthy Branches,Healthy
27.69,27.09,Good,39.77,80.49,81.95,Healthy Roots,Strong Stem,Green Leaves,Healthy Branches,Healthy
27.02,36.62,Good,34.14,59.97,80.37,Healthy Roots,Strong Stem,Green Leaves,Healthy Branches,Healthy
19.3,75.75,Poor,29.48,58.24,37.79,Root Rot Risk,Soft Stem,Yellowing Leaves,Branch Weakness,Overwatered
22.83,87.1,Poor,20.12,85.32,35.18,Root Rot Risk,Soft Stem,Yellowing Leaves,Branch Weakness,Overwatered
27,36.23,Good,26.6,43.38,59.76,Healthy Roots,Strong Stem,Green Leaves,Healthy Branches,Healthy
30.23,70.94,Good,25.71,56,77.38,Healthy Roots,Strong Stem,Green Leaves,Healthy Branches,Healthy
32.47,53.01,Good,31.13,49.46,48.44,Healthy Roots,Strong Stem,Green Leaves,Healthy Branches,Healthy
24.86,65.41,Good,30.78,78.39,28.8,Healthy Roots,Strong Stem,Green Leaves,Healthy Branches,Healthy
19.19,39.31,Good,33.95,65.99,12.53,Healthy Roots,Strong Stem,Green Leaves,Healthy Branches,Healthy
23.19,38.27,Good,33.88,59.2,11.05,Healthy Roots,Strong Stem,Green Leaves,Healthy Branches,Healthy
34.37,26.5,Good,32.22,65.17,54.24,Healthy Roots,Strong Stem,Green Leaves,Healthy Branches,Healthy
21.84,50.12,Good,33.01,55.77,56.93,Healthy Roots,Strong Stem,Green Leaves,Healthy Branches,Healthy
26.14,14.46,Poor,22.38,82.22,86.99,Root Stress,Weak Stem,Leaf Wilting,Slow Growth,Dry_Stress
34.76,78.83,Poor,21.11,94.55,7.49,Root Rot Risk,Soft Stem,Yellowing Leaves,Branch Weakness,Overwatered
18.45,29.52,Good,26.27,74.37,63.71,Healthy Roots,Strong Stem,Green Leaves,Healthy Branches,Healthy
28.81,60.7,Good,33.04,54.29,94.89,Healthy Roots,Strong Stem,Green Leaves,Healthy Branches,Healthy
35.1,50.47,Good,20.74,49.94,12.47,Healthy Roots,Strong Stem,Green Leaves,Healthy Branches,Healthy
22.15,37.79,Good,33.39,76.92,38.89,Healthy Roots,Strong Stem,Green Leaves,Healthy Branches,Healthy
27.87,85.51,Poor,35.09,92.69,85.59,Root Rot Risk,Soft Stem,Yellowing Leaves,Branch Weakness,Overwatered
34.36,77.92,Poor,36.63,51.32,41.57,Root Rot Risk,Soft Stem,Yellowing Leaves,Branch Weakness,Overwatered
20.4,68.83,Good,31.59,87.2,7.86,Healthy Roots,Strong Stem,Green Leaves,Healthy Branches,Healthy
27.42,19.47,Poor,30.04,46.85,37.81,Root Stress,Weak Stem,Leaf Wilting,Slow Growth,Dry_Stress
31.51,46.99,Good,27.39,68.15,21.64,Healthy Roots,Strong Stem,Green Leaves,Healthy Branches,Healthy
30.04,62.09,Good,36.26,57.92,99.99,Healthy Roots,Strong Stem,Green Leaves,Healthy Branches,Healthy
26.42,17.63,Poor,37.07,51.1,59.12,Root Stress,Weak Stem,Leaf Wilting,Slow Growth,Dry_Stress
21.69,65.66,Good,30.74,55.05,46.08,Healthy Roots,Strong Stem,Green Leaves,Healthy Branches,Healthy
26.83,75.31,Poor,35.93,64.06,61.58,Root Rot Risk,Soft Stem,Yellowing Leaves,Branch Weakness,Overwatered
24.7,85.94,Poor,29.25,77.06,50.92,Root Rot Risk,Soft Stem,Yellowing Leaves,Branch Weakness,Overwatered
26.59,50.16,Good,36.12,57.66,8.57,Healthy Roots,Strong Stem,Green Leaves,Healthy Branches,Healthy
24.59,12.3,Poor,36.05,76.7,99.93,Root Stress,Weak Stem,Leaf Wilting,Slow Growth,Dry_Stress
33.08,26.64,Good,38,74.05,67.27,Healthy Roots,Strong Stem,Green Leaves,Healthy Branches,Healthy
31.84,74.42,Good,31.45,78.02,91.17,Healthy Roots,Strong Stem,Green Leaves,Healthy Branches,Healthy
23.65,21.87,Poor,38.69,81.21,5.76,Root Stress,Weak Stem,Leaf Wilting,Slow Growth,Dry_Stress
28.31,59.78,Good,38.38,71.89,86.93,Healthy Roots,Strong Stem,Green Leaves,Healthy Branches,Healthy
22.97,62.26,Good,26.22,79.57,78.61,Healthy Roots,Strong Stem,Green Leaves,Healthy Branches,Healthy
26.15,45.56,Good,23.7,50.11,24.68,Healthy Roots,Strong Stem,Green Leaves,Healthy Branches,Healthy
24.35,72.81,Good,34.17,48.04,53.83,Healthy Roots,Strong Stem,Green Leaves,Healthy Branches,Healthy
29.83,19.83,Poor,28.04,88.24,35.35,Root Stress,Weak Stem,Leaf Wilting,Slow Growth,Dry_Stress
24.67,59.61,Good,37.57,83.02,46.93,Healthy Roots,Strong Stem,Green Leaves,Healthy Branches,Healthy
26.26,40.44,Good,20.21,43.39,97.3,Healthy Roots,Strong Stem,Green Leaves,Healthy Branches,Healthy
30.95,78.6,Poor,23.62,56.42,24.23,Root Rot Risk,Soft Stem,Yellowing Leaves,Branch Weakness,Overwatered
25.43,41.7,Good,22.86,44.01,71.63,Healthy Roots,Strong Stem,Green Leaves,Healthy Branches,Healthy
34.32,25.11,Good,21.41,65.72,86.68,Healthy Roots,Strong Stem,Green Leaves,Healthy Branches,Healthy
21.25,37.56,Good,20.54,69.3,28.73,Healthy Roots,Strong Stem,Green Leaves,Healthy Branches,Healthy
31.34,52,Good,20.05,75.44,61.5,Healthy Roots,Strong Stem,Green Leaves,Healthy Branches,Healthy
25.6,16.41,Poor,21.74,71.07,99.02,Root Stress,Weak Stem,Leaf Wilting,Slow Growth,Dry_Stress
25.68,79.1,Poor,20.6,59.23,76.09,Root Rot Risk,Soft Stem,Yellowing Leaves,Branch Weakness,Overwatered
29.42,62.1,Good,28.33,61.33,75.77,Healthy Roots,Strong Stem,Green Leaves,Healthy Branches,Healthy
27.41,35.02,Good,30.07,45.22,3.37,Healthy Roots,Strong Stem,Green Leaves,Healthy Branches,Healthy
25.47,58.65,Good,25.95,45.15,50.67,Healthy Roots,Strong Stem,Green Leaves,Healthy Branches,Healthy
18.03,88.7,Poor,29.97,86.13,31.2,Root Rot Risk,Soft Stem,Yellowing Leaves,Branch Weakness,Overwatered
19.66,58.22,Good,21.86,40.34,28.39,Healthy Roots,Strong Stem,Green Leaves,Healthy Branches,Healthy
30.77,42.5,Good,39.58,45.71,31.84,Healthy Roots,Strong Stem,Green Leaves,Healthy Branches,Healthy
27.44,64.52,Good,25.31,90.37,28.85,Healthy Roots,Strong Stem,Green Leaves,Healthy Branches,Healthy
30.53,70.5,Good,35.36,67.61,38.59,Healthy Roots,Strong Stem,Green Leaves,Healthy Branches,Healthy
35.2,64.93,Moderate,25.99,94.2,53.99,Moderate Stress,Possible Fungal Infection,Leaf Spot Risk,Moderate Growth,Disease_Risk
30.29,26.89,Good,39.62,63.67,28.79,Healthy Roots,Strong Stem,Green Leaves,Healthy Branches,Healthy
18.96,11.67,Poor,24.29,75.24,9.41,Root Stress,Weak Stem,Leaf Wilting,Slow Growth,Dry_Stress
23.56,35.35,Good,20.58,67.06,88.68,Healthy Roots,Strong Stem,Green Leaves,Healthy Branches,Healthy
28.67,44.78,Good,26.61,44.67,89.91,Healthy Roots,Strong Stem,Green Leaves,Healthy Branches,Healthy
22.23,76.51,Poor,21.14,66.44,65.53,Root Rot Risk,Soft Stem,Yellowing Leaves,Branch Weakness,Overwatered
35.37,17.07,Poor,39.98,67.72,62.36,Root Stress,Weak Stem,Leaf Wilting,Slow Growth,Dry_Stress
35.01,77.49,Poor,39.72,49.01,97.3,Root Rot Risk,Soft Stem,Yellowing Leaves,Branch Weakness,Overwatered
33.27,14.76,Poor,25.04,77.35,21.97,Root Stress,Weak Stem,Leaf Wilting,Slow Growth,Dry_Stress
26.5,35.11,Good,21.07,43.39,87.37,Healthy Roots,Strong Stem,Green Leaves,Healthy Branches,Healthy
33.15,42.32,Good,36.28,49.54,16.38,Healthy Roots,Strong Stem,Green Leaves,Healthy Branches,Healthy
20.36,84.54,Poor,38.61,74.37,6.33,Root Rot Risk,Soft Stem,Yellowing Leaves,Branch Weakness,Overwatered
23.56,85.92,Poor,38.95,47.7,6.34,Root Rot Risk,Soft Stem,Yellowing Leaves,Branch Weakness,Overwatered
26.33,13.25,Poor,37.38,47.88,73.26,Root Stress,Weak Stem,Leaf Wilting,Slow Growth,Dry_Stress
31.35,25.68,Good,30.19,43.31,71.01,Healthy Roots,Strong Stem,Green Leaves,Healthy Branches,Healthy
26.74,45.86,Good,23.53,69.99,4.24,Healthy Roots,Strong Stem,Green Leaves,Healthy Branches,Healthy
20.46,31.79,Good,28.89,51.47,52.16,Healthy Roots,Strong Stem,Green Leaves,Healthy Branches,Healthy
24.18,86.27,Poor,23.24,55.69,36.22,Root Rot Risk,Soft Stem,Yellowing Leaves,Branch Weakness,Overwatered
23.84,58.97,Good,34.52,44.65,59.64,Healthy Roots,Strong Stem,Green Leaves,Healthy Branches,Healthy
23.41,36.12,Good,33.04,59.81,60.84,Healthy Roots,Strong Stem,Green Leaves,Healthy Branches,Healthy
20.98,57.98,Good,29.14,56.74,89.15,Healthy Roots,Strong Stem,Green Leaves,Healthy Branches,Healthy
25.47,63.96,Good,35.8,46.25,22.23,Healthy Roots,Strong Stem,Green Leaves,Healthy Branches,Healthy
26.07,78.53,Poor,33.49,76.3,74.18,Root Rot Risk,Soft Stem,Yellowing Leaves,Branch Weakness,Overwatered
31.95,81,Poor,23.35,58.85,52.81,Root Rot Risk,Soft Stem,Yellowing Leaves,Branch Weakness,Overwatered
32.34,43.7,Good,27.85,55.09,40.49,Healthy Roots,Strong Stem,Green Leaves,Healthy Branches,Healthy
27.4,70.67,Good,33.91,88.29,70.39,Healthy Roots,Strong Stem,Green Leaves,Healthy Branches,Healthy
26.29,87.88,Poor,29.43,46.63,28.93,Root Rot Risk,Soft Stem,Yellowing Leaves,Branch Weakness,Overwatered
32.01,52.7,Good,36.21,74.19,14.88,Healthy Roots,Strong Stem,Green Leaves,Healthy Branches,Healthy
33.97,68.53,Good,39.36,51.6,74.34,Healthy Roots,Strong Stem,Green Leaves,Healthy Branches,Healthy
30.15,49.11,Good,39.58,68.55,40.42,Healthy Roots,Strong Stem,Green Leaves,Healthy Branches,Healthy
32.41,40.61,Moderate,30.05,91.42,42.31,Moderate Stress,Possible Fungal Infection,Leaf Spot Risk,Moderate Growth,Disease_Risk
34.9,26.27,Good,28.24,54.16,36.84,Healthy Roots,Strong Stem,Green Leaves,Healthy Branches,Healthy
18.73,17.3,Poor,31.29,88.49,38.1,Root Stress,Weak Stem,Leaf Wilting,Slow Growth,Dry_Stress
33.76,35.96,Good,33.34,56.87,25.12,Healthy Roots,Strong Stem,Green Leaves,Healthy Branches,Healthy
22.98,38.38,Good,39.66,71.05,20.06,Healthy Roots,Strong Stem,Green Leaves,Healthy Branches,Healthy
26.56,55.6,Good,32.87,44.26,66.87,Healthy Roots,Strong Stem,Green Leaves,Healthy Branches,Healthy
32.34,63.64,Good,35.82,84,70.24,Healthy Roots,Strong Stem,Green Leaves,Healthy Branches,Healthy
30.91,66.86,Good,39.45,84.96,59.73,Healthy Roots,Strong Stem,Green Leaves,Healthy Branches,Healthy
20.65,71.53,Good,32.55,81.99,6.21,Healthy Roots,Strong Stem,Green Leaves,Healthy Branches,Healthy
29.86,55.78,Good,36.7,67.28,97.02,Healthy Roots,Strong Stem,Green Leaves,Healthy Branches,Healthy
19.25,50.97,Good,28.99,92.18,84.83,Healthy Roots,Strong Stem,Green Leaves,Healthy Branches,Healthy
24.43,58.94,Good,29.28,53.69,54.73,Healthy Roots,Strong Stem,Green Leaves,Healthy Branches,Healthy
32.63,66.2,Good,27.55,81.23,90.08,Healthy Roots,Strong Stem,Green Leaves,Healthy Branches,Healthy
25.7,77.64,Poor,23.12,84.14,23.74,Root Rot Risk,Soft Stem,Yellowing Leaves,Branch Weakness,Overwatered
28.8,30.15,Good,24.82,70,85.45,Healthy Roots,Strong Stem,Green Leaves,Healthy Branches,Healthy
31.11,78.72,Poor,39.27,43.32,41.11,Root Rot Risk,Soft Stem,Yellowing Leaves,Branch Weakness,Overwatered
32.78,25.84,Good,25.86,76.9,75.5,Healthy Roots,Strong Stem,Green Leaves,Healthy Branches,Healthy
31.69,11.39,Poor,24.82,65.03,99.31,Root Stress,Weak Stem,Leaf Wilting,Slow Growth,Dry_Stress
18.13,73.73,Good,34.39,88.3,89.16,Healthy Roots,Strong Stem,Green Leaves,Healthy Branches,Healthy
25.56,28.46,Good,32.35,92.29,69.74,Healthy Roots,Strong Stem,Green Leaves,Healthy Branches,Healthy
26.34,77.08,Poor,28.03,46.63,74.15,Root Rot Risk,Soft Stem,Yellowing Leaves,Branch Weakness,Overwatered
19,38.54,Good,26.87,77.78,70.88,Healthy Roots,Strong Stem,Green Leaves,Healthy Branches,Healthy
27.75,38.23,Good,23.37,81.28,60.84,Healthy Roots,Strong Stem,Green Leaves,Healthy Branches,Healthy
28.94,79.58,Poor,21.57,78.23,12.06,Root Rot Risk,Soft Stem,Yellowing Leaves,Branch Weakness,Overwatered
32.91,70.71,Good,21.06,41.72,29.65,Healthy Roots,Strong Stem,Green Leaves,Healthy Branches,Healthy
34.95,14.67,Poor,25.79,80.98,12.58,Root Stress,Weak Stem,Leaf Wilting,Slow Growth,Dry_Stress
20.31,85.54,Poor,30.22,47.13,95.3,Root Rot Risk,Soft Stem,Yellowing Leaves,Branch Weakness,Overwatered
22.15,26.67,Good,29.82,88.59,76.61,Healthy Roots,Strong Stem,Green Leaves,Healthy Branches,Healthy
29.86,63.33,Good,33.89,74.8,95.89,Healthy Roots,Strong Stem,Green Leaves,Healthy Branches,Healthy
20.38,85.24,Poor,37.57,43.28,49.65,Root Rot Risk,Soft Stem,Yellowing Leaves,Branch Weakness,Overwatered
22.03,77.39,Poor,30.6,67.61,0.81,Root Rot Risk,Soft Stem,Yellowing Leaves,Branch Weakness,Overwatered
28.35,49.06,Good,26.18,73.96,45.65,Healthy Roots,Strong Stem,Green Leaves,Healthy Branches,Healthy
21.05,85.77,Poor,39.1,70.23,60.56,Root Rot Risk,Soft Stem,Yellowing Leaves,Branch Weakness,Overwatered
32.08,64.86,Good,23.53,67.81,79.7,Healthy Roots,Strong Stem,Green Leaves,Healthy Branches,Healthy
33.43,30,Good,32.68,47.65,53.06,Healthy Roots,Strong Stem,Green Leaves,Healthy Branches,Healthy
18.61,87.14,Poor,23.93,67.38,33.82,Root Rot Risk,Soft Stem,Yellowing Leaves,Branch Weakness,Overwatered
27.59,55.38,Good,31.54,70.72,85.54,Healthy Roots,Strong Stem,Green Leaves,Healthy Branches,Healthy
32.35,35.79,Good,39.65,45.52,26.02,Healthy Roots,Strong Stem,Green Leaves,Healthy Branches,Healthy
35.55,44.76,Good,22.62,52.55,69.99,Healthy Roots,Strong Stem,Green Leaves,Healthy Branches,Healthy
22.94,25.52,Good,37.59,80.76,59.17,Healthy Roots,Strong Stem,Green Leaves,Healthy Branches,Healthy
21.04,55.88,Good,23.01,70.09,87.59,Healthy Roots,Strong Stem,Green Leaves,Healthy Branches,Healthy
33.78,55.33,Good,35.29,58.19,35.16,Healthy Roots,Strong Stem,Green Leaves,Healthy Branches,Healthy
34.37,22.77,Poor,27.68,43.92,6.59,Root Stress,Weak Stem,Leaf Wilting,Slow Growth,Dry_Stress
21.56,43.19,Good,30.18,57.43,39.44,Healthy Roots,Strong Stem,Green Leaves,Healthy Branches,Healthy
25.95,31.3,Good,27.94,80.84,80.76,Healthy Roots,Strong Stem,Green Leaves,Healthy Branches,Healthy
30.95,81.65,Poor,38.41,56.82,99.29,Root Rot Risk,Soft Stem,Yellowing Leaves,Branch Weakness,Overwatered
33.22,25.59,Moderate,30.09,91.67,55,Moderate Stress,Possible Fungal Infection,Leaf Spot Risk,Moderate Growth,Disease_Risk
21.03,58.67,Good,31.96,53.41,22.8,Healthy Roots,Strong Stem,Green Leaves,Healthy Branches,Healthy
29.97,61.21,Good,30.76,49.47,45.89,Healthy Roots,Strong Stem,Green Leaves,Healthy Branches,Healthy
32.54,58.3,Good,28.84,65.15,79.43,Healthy Roots,Strong Stem,Green Leaves,Healthy Branches,Healthy
27.89,39.85,Good,24.66,92.2,53.28,Healthy Roots,Strong Stem,Green Leaves,Healthy Branches,Healthy
20.96,29.57,Good,26.54,92.58,87.74,Healthy Roots,Strong Stem,Green Leaves,Healthy Branches,Healthy
18.64,10.66,Poor,36.57,58.9,42.55,Root Stress,Weak Stem,Leaf Wilting,Slow Growth,Dry_Stress
23.07,26.37,Good,29.79,48.7,91.52,Healthy Roots,Strong Stem,Green Leaves,Healthy Branches,Healthy
32.54,75.13,Poor,29.29,62.22,18.1,Root Rot Risk,Soft Stem,Yellowing Leaves,Branch Weakness,Overwatered
18.81,32.24,Good,33.62,52.83,68.04,Healthy Roots,Strong Stem,Green Leaves,Healthy Branches,Healthy
18.15,52.72,Good,38.7,93.36,67.34,Healthy Roots,Strong Stem,Green Leaves,Healthy Branches,Healthy
24.51,33.8,Good,24.72,94.32,56.84,Healthy Roots,Strong Stem,Green Leaves,Healthy Branches,Healthy
19.15,15.14,Poor,37.03,77.71,1.41,Root Stress,Weak Stem,Leaf Wilting,Slow Growth,Dry_Stress
20.69,43.72,Good,36.75,81.32,28.19,Healthy Roots,Strong Stem,Green Leaves,Healthy Branches,Healthy
18.42,89.39,Poor,24.84,79.74,34.96,Root Rot Risk,Soft Stem,Yellowing Leaves,Branch Weakness,Overwatered
27.44,42.14,Good,23.33,79.97,81.71,Healthy Roots,Strong Stem,Green Leaves,Healthy Branches,Healthy
30.54,36.69,Moderate,39.16,92.12,52.46,Moderate Stress,Possible Fungal Infection,Leaf Spot Risk,Moderate Growth,Disease_Risk
25.69,55.84,Good,25.51,77.34,28.5,Healthy Roots,Strong Stem,Green Leaves,Healthy Branches,Healthy
20.42,38.68,Good,21.25,72.18,16.44,Healthy Roots,Strong Stem,Green Leaves,Healthy Branches,Healthy
23.96,28.88,Good,22.84,56.61,8.88,Healthy Roots,Strong Stem,Green Leaves,Healthy Branches,Healthy
28.63,40.54,Good,26.22,76.13,46.45,Healthy Roots,Strong Stem,Green Leaves,Healthy Branches,Healthy
34.93,82.02,Poor,20.8,90.76,13.16,Root Rot Risk,Soft Stem,Yellowing Leaves,Branch Weakness,Overwatered
35.87,21.42,Poor,27.43,49.7,39.31,Root Stress,Weak Stem,Leaf Wilting,Slow Growth,Dry_Stress
22.35,20.49,Poor,31.42,94.58,54.82,Root Stress,Weak Stem,Leaf Wilting,Slow Growth,Dry_Stress
18.19,70.33,Good,35.63,47.28,24.92,Healthy Roots,Strong Stem,Green Leaves,Healthy Branches,Healthy
32.95,25.01,Good,37.16,71.64,7.88,Healthy Roots,Strong Stem,Green Leaves,Healthy Branches,Healthy
34.68,20.47,Poor,37.35,86.4,70.68,Root Stress,Weak Stem,Leaf Wilting,Slow Growth,Dry_Stress
26.25,29.47,Good,38.66,93.5,86.37,Healthy Roots,Strong Stem,Green Leaves,Healthy Branches,Healthy
31.89,80.61,Poor,28.39,53.6,56.08,Root Rot Risk,Soft Stem,Yellowing Leaves,Branch Weakness,Overwatered
33.59,85.22,Poor,35.75,63.29,72.76,Root Rot Risk,Soft Stem,Yellowing Leaves,Branch Weakness,Overwatered
28.97,84.62,Poor,32.59,55.39,33.96,Root Rot Risk,Soft Stem,Yellowing Leaves,Branch Weakness,Overwatered
33.71,35.11,Good,20.73,44.96,55.81,Healthy Roots,Strong Stem,Green Leaves,Healthy Branches,Healthy
18.43,82.46,Poor,23.88,83.36,1.12,Root Rot Risk,Soft Stem,Yellowing Leaves,Branch Weakness,Overwatered
22.89,15.07,Poor,24.2,58.54,52.32,Root Stress,Weak Stem,Leaf Wilting,Slow Growth,Dry_Stress
22.99,48.55,Good,24.37,75.7,88.16,Healthy Roots,Strong Stem,Green Leaves,Healthy Branches,Healthy
20.17,54.17,Good,24.35,46.3,48.91,Healthy Roots,Strong Stem,Green Leaves,Healthy Branches,Healthy
34.39,45.95,Good,26.44,49.19,43.31,Healthy Roots,Strong Stem,Green Leaves,Healthy Branches,Healthy
18.55,88.28,Poor,24.02,87.4,46.85,Root Rot Risk,Soft Stem,Yellowing Leaves,Branch Weakness,Overwatered
30.11,70.33,Good,24.9,81.65,48.25,Healthy Roots,Strong Stem,Green Leaves,Healthy Branches,Healthy
19.28,48.2,Good,24.59,87.77,71.83,Healthy Roots,Strong Stem,Green Leaves,Healthy Branches,Healthy
24.49,68.61,Good,32.9,84.57,78.33,Healthy Roots,Strong Stem,Green Leaves,Healthy Branches,Healthy
25.53,71,Good,25.85,62.49,42.79,Healthy Roots,Strong Stem,Green Leaves,Healthy Branches,Healthy
21.27,18.98,Poor,22.47,91.86,60.84,Root Stress,Weak Stem,Leaf Wilting,Slow Growth,Dry_Stress
27.38,35.79,Good,38.2,61.79,90.4,Healthy Roots,Strong Stem,Green Leaves,Healthy Branches,Healthy
27.63,36.2,Good,28.01,55.86,87.72,Healthy Roots,Strong Stem,Green Leaves,Healthy Branches,Healthy
23.71,85.46,Poor,39.56,54.34,2.54,Root Rot Risk,Soft Stem,Yellowing Leaves,Branch Weakness,Overwatered
31.27,78.28,Poor,33.33,75.34,88.6,Root Rot Risk,Soft Stem,Yellowing Leaves,Branch Weakness,Overwatered
20.88,34.05,Good,24.2,68.08,67.12,Healthy Roots,Strong Stem,Green Leaves,Healthy Branches,Healthy
21.47,89.05,Poor,22.58,58.19,88.94,Root Rot Risk,Soft Stem,Yellowing Leaves,Branch Weakness,Overwatered
24.38,15.8,Poor,37.12,57.62,90.93,Root Stress,Weak Stem,Leaf Wilting,Slow Growth,Dry_Stress
24.81,36.72,Good,25.82,56.12,2.09,Healthy Roots,Strong Stem,Green Leaves,Healthy Branches,Healthy
21.71,26.1,Good,21.13,47.62,81.47,Healthy Roots,Strong Stem,Green Leaves,Healthy Branches,Healthy
34.54,51.66,Moderate,33.31,88.8,56.97,Moderate Stress,Possible Fungal Infection,Leaf Spot Risk,Moderate Growth,Disease_Risk
32.91,82.39,Poor,20.38,68.83,9.36,Root Rot Risk,Soft Stem,Yellowing Leaves,Branch Weakness,Overwatered
19.92,73.03,Good,21.49,91.72,54.41,Healthy Roots,Strong Stem,Green Leaves,Healthy Branches,Healthy
24.65,12.98,Poor,35.15,60.67,65.13,Root Stress,Weak Stem,Leaf Wilting,Slow Growth,Dry_Stress
22.19,29.87,Good,25.72,42.03,67.27,Healthy Roots,Strong Stem,Green Leaves,Healthy Branches,Healthy
26.12,72.21,Good,35.15,68.68,52.99,Healthy Roots,Strong Stem,Green Leaves,Healthy Branches,Healthy
22.97,32.41,Good,31.75,85.16,74.07,Healthy Roots,Strong Stem,Green Leaves,Healthy Branches,Healthy
27.03,75.44,Poor,21.29,50.36,54.2,Root Rot Risk,Soft Stem,Yellowing Leaves,Branch Weakness,Overwatered
34.61,59.81,Moderate,38.53,85.33,33.35,Moderate Stress,Possible Fungal Infection,Leaf Spot Risk,Moderate Growth,Disease_Risk
24.89,65.78,Good,26.56,70.01,94.93,Healthy Roots,Strong Stem,Green Leaves,Healthy Branches,Healthy
29.7,67.14,Good,34.24,54.89,78.42,Healthy Roots,Strong Stem,Green Leaves,Healthy Branches,Healthy
28.72,56.15,Good,32.81,91.55,86.07,Healthy Roots,Strong Stem,Green Leaves,Healthy Branches,Healthy
31.54,24.76,Poor,27.71,57.6,59.38,Root Stress,Weak Stem,Leaf Wilting,Slow Growth,Dry_Stress
19.11,74.93,Good,37.48,52.6,44.22,Healthy Roots,Strong Stem,Green Leaves,Healthy Branches,Healthy
31.41,55.1,Good,21.3,84.5,62.95,Healthy Roots,Strong Stem,Green Leaves,Healthy Branches,Healthy
35.03,67.73,Moderate,26.03,87.07,53.4,Moderate Stress,Possible Fungal Infection,Leaf Spot Risk,Moderate Growth,Disease_Risk
28.86,12.1,Poor,38.43,63,31.75,Root Stress,Weak Stem,Leaf Wilting,Slow Growth,Dry_Stress
23.18,24.53,Poor,23.98,79.91,10.04,Root Stress,Weak Stem,Leaf Wilting,Slow Growth,Dry_Stress
30.1,55.23,Good,28.56,65.5,47.04,Healthy Roots,Strong Stem,Green Leaves,Healthy Branches,Healthy
30.82,74.11,Moderate,36.95,92.2,14.52,Moderate Stress,Possible Fungal Infection,Leaf Spot Risk,Moderate Growth,Disease_Risk
29.82,38.91,Good,25.12,63.8,63.65,Healthy Roots,Strong Stem,Green Leaves,Healthy Branches,Healthy
20.64,70.1,Good,26,60.8,54.5,Healthy Roots,Strong Stem,Green Leaves,Healthy Branches,Healthy
35.52,10.12,Poor,24.52,47.31,23.52,Root Stress,Weak Stem,Leaf Wilting,Slow Growth,Dry_Stress
35.2,13.57,Poor,34.63,84.37,10.55,Root Stress,Weak Stem,Leaf Wilting,Slow Growth,Dry_Stress
25.64,65.08,Good,30.39,83.64,67.07,Healthy Roots,Strong Stem,Green Leaves,Healthy Branches,Healthy
28.69,88.99,Poor,28.53,58.33,80.79,Root Rot Risk,Soft Stem,Yellowing Leaves,Branch Weakness,Overwatered
18.71,35.26,Good,37.72,90.1,25.52,Healthy Roots,Strong Stem,Green Leaves,Healthy Branches,Healthy
35.8,36.89,Good,33.34,53.4,13.06,Healthy Roots,Strong Stem,Green Leaves,Healthy Branches,Healthy
32.74,37.21,Good,22.54,56.61,77.98,Healthy Roots,Strong Stem,Green Leaves,Healthy Branches,Healthy
29.46,56.39,Good,39.39,87.5,36.89,Healthy Roots,Strong Stem,Green Leaves,Healthy Branches,Healthy
31.7,41.56,Good,33.38,51.19,28.33,Healthy Roots,Strong Stem,Green Leaves,Healthy Branches,Healthy
21.38,39.13,Good,36.53,78.86,9.24,Healthy Roots,Strong Stem,Green Leaves,Healthy Branches,Healthy
23.54,71.38,Good,31.3,76.91,37.49,Healthy Roots,Strong Stem,Green Leaves,Healthy Branches,Healthy
22.44,10.15,Poor,39.53,57.07,79.83,Root Stress,Weak Stem,Leaf Wilting,Slow Growth,Dry_Stress
28.73,79.65,Poor,27.37,46.03,5.26,Root Rot Risk,Soft Stem,Yellowing Leaves,Branch Weakness,Overwatered
19.65,69.29,Good,29.02,91.1,75.7,Healthy Roots,Strong Stem,Green Leaves,Healthy Branches,Healthy
34.12,86.54,Poor,30.69,75.39,31.56,Root Rot Risk,Soft Stem,Yellowing Leaves,Branch Weakness,Overwatered
26.32,77.29,Poor,26.38,81.37,64.96,Root Rot Risk,Soft Stem,Yellowing Leaves,Branch Weakness,Overwatered
26.01,73.5,Good,30.38,58.08,75.78,Healthy Roots,Strong Stem,Green Leaves,Healthy Branches,Healthy
19.88,33.43,Good,38.49,45.71,39.59,Healthy Roots,Strong Stem,Green Leaves,Healthy Branches,Healthy
30.33,72.46,Good,35.03,54.26,20.27,Healthy Roots,Strong Stem,Green Leaves,Healthy Branches,Healthy
32.7,57.79,Good,24.03,54.3,73.08,Healthy Roots,Strong Stem,Green Leaves,Healthy Branches,Healthy
29.33,37.95,Good,35.57,42.86,28.55,Healthy Roots,Strong Stem,Green Leaves,Healthy Branches,Healthy
22.36,74.79,Good,21.7,76.1,97.82,Healthy Roots,Strong Stem,Green Leaves,Healthy Branches,Healthy
32.14,49.16,Good,23.41,58.4,33.59,Healthy Roots,Strong Stem,Green Leaves,Healthy Branches,Healthy
20.62,88.75,Poor,27.98,74.46,38.45,Root Rot Risk,Soft Stem,Yellowing Leaves,Branch Weakness,Overwatered
32.89,67.73,Good,32.72,50.36,27.99,Healthy Roots,Strong Stem,Green Leaves,Healthy Branches,Healthy
28.45,80.39,Poor,23.02,60.35,92.31,Root Rot Risk,Soft Stem,Yellowing Leaves,Branch Weakness,Overwatered
23.21,82.11,Poor,31.73,43.01,45.44,Root Rot Risk,Soft Stem,Yellowing Leaves,Branch Weakness,Overwatered
27.24,56.8,Good,31.6,91.22,98.29,Healthy Roots,Strong Stem,Green Leaves,Healthy Branches,Healthy
29.32,81.41,Poor,38.8,74.24,51.97,Root Rot Risk,Soft Stem,Yellowing Leaves,Branch Weakness,Overwatered
22.65,57.8,Good,26.65,62.91,54.29,Healthy Roots,Strong Stem,Green Leaves,Healthy Branches,Healthy
33.24,50.92,Good,38.93,71.36,55.74,Healthy Roots,Strong Stem,Green Leaves,Healthy Branches,Healthy
25.58,89.6,Poor,25.68,81.62,21.98,Root Rot Risk,Soft Stem,Yellowing Leaves,Branch Weakness,Overwatered
34.06,65.69,Moderate,37.03,85.16,57.63,Moderate Stress,Possible Fungal Infection,Leaf Spot Risk,Moderate Growth,Disease_Risk
33.04,65.25,Good,33.26,83.02,16.02,Healthy Roots,Strong Stem,Green Leaves,Healthy Branches,Healthy
19.79,89.07,Poor,32.78,64.63,86.4,Root Rot Risk,Soft Stem,Yellowing Leaves,Branch Weakness,Overwatered
29.63,60.32,Good,28.24,67.55,18.18,Healthy Roots,Strong Stem,Green Leaves,Healthy Branches,Healthy
23.59,10.23,Poor,22.16,69.44,32.7,Root Stress,Weak Stem,Leaf Wilting,Slow Growth,Dry_Stress
31.57,64.1,Good,29.08,59.93,47.48,Healthy Roots,Strong Stem,Green Leaves,Healthy Branches,Healthy
27.77,60.3,Good,29.25,69.28,30.74,Healthy Roots,Strong Stem,Green Leaves,Healthy Branches,Healthy
26.24,68.22,Good,32,64.25,56.91,Healthy Roots,Strong Stem,Green Leaves,Healthy Branches,Healthy
34.12,87.98,Poor,21.22,75.54,27.3,Root Rot Risk,Soft Stem,Yellowing Leaves,Branch Weakness,Overwatered
19.03,68.97,Good,29.72,89.05,21.47,Healthy Roots,Strong Stem,Green Leaves,Healthy Branches,Healthy
28.03,89.55,Poor,37.74,88.55,15.41,Root Rot Risk,Soft Stem,Yellowing Leaves,Branch Weakness,Overwatered
23.9,73.04,Good,37.22,78.59,55.91,Healthy Roots,Strong Stem,Green Leaves,Healthy Branches,Healthy
18.63,88.4,Poor,28.92,78.35,89.7,Root Rot Risk,Soft Stem,Yellowing Leaves,Branch Weakness,Overwatered
31.56,44.82,Good,30.49,63.88,86.54,Healthy Roots,Strong Stem,Green Leaves,Healthy Branches,Healthy
28.11,29.7,Good,37.73,82.76,81.58,Healthy Roots,Strong Stem,Green Leaves,Healthy Branches,Healthy
34.09,54.1,Moderate,39.94,92.83,11.69,Moderate Stress,Possible Fungal Infection,Leaf Spot Risk,Moderate Growth,Disease_Risk
28.77,81.07,Poor,24.91,46.35,6.36,Root Rot Risk,Soft Stem,Yellowing Leaves,Branch Weakness,Overwatered
24.07,78.77,Poor,31.14,61.35,76.41,Root Rot Risk,Soft Stem,Yellowing Leaves,Branch Weakness,Overwatered
35.73,63.6,Moderate,31.42,92.91,44.63,Moderate Stress,Possible Fungal Infection,Leaf Spot Risk,Moderate Growth,Disease_Risk
20.08,42.29,Good,31.05,40.78,66.79,Healthy Roots,Strong Stem,Green Leaves,Healthy Branches,Healthy
18.95,32.01,Good,25.31,68.36,90.01,Healthy Roots,Strong Stem,Green Leaves,Healthy Branches,Healthy
31.19,12.01,Poor,35.37,79.8,66.96,Root Stress,Weak Stem,Leaf Wilting,Slow Growth,Dry_Stress
24.68,43.4,Good,31.84,86.06,19.23,Healthy Roots,Strong Stem,Green Leaves,Healthy Branches,Healthy
24.51,50.26,Good,30.98,72.53,0.3,Healthy Roots,Strong Stem,Green Leaves,Healthy Branches,Healthy
33.78,88.57,Poor,22.39,47.37,92.2,Root Rot Risk,Soft Stem,Yellowing Leaves,Branch Weakness,Overwatered
23.89,55.4,Good,35.71,44.91,24.9,Healthy Roots,Strong Stem,Green Leaves,Healthy Branches,Healthy
34,56.29,Good,27.52,67.31,31.6,Healthy Roots,Strong Stem,Green Leaves,Healthy Branches,Healthy
29.59,47.26,Good,32.8,76.36,80.26,Healthy Roots,Strong Stem,Green Leaves,Healthy Branches,Healthy
23.92,11.16,Poor,28.65,44.25,49.41,Root Stress,Weak Stem,Leaf Wilting,Slow Growth,Dry_Stress
19.07,32.93,Good,20.29,51.82,43.23,Healthy Roots,Strong Stem,Green Leaves,Healthy Branches,Healthy
22.41,62.59,Good,37.22,50.34,88.41,Healthy Roots,Strong Stem,Green Leaves,Healthy Branches,Healthy
35.43,66.65,Good,30.89,68.67,73.55,Healthy Roots,Strong Stem,Green Leaves,Healthy Branches,Healthy
25.29,86.04,Poor,22.67,81.76,7.93,Root Rot Risk,Soft Stem,Yellowing Leaves,Branch Weakness,Overwatered
20.88,48.53,Good,29.1,67.66,0.52,Healthy Roots,Strong Stem,Green Leaves,Healthy Branches,Healthy
23.36,65.06,Good,23.97,53.34,79.52,Healthy Roots,Strong Stem,Green Leaves,Healthy Branches,Healthy
34.19,73.73,Moderate,38.09,91.61,63.09,Moderate Stress,Possible Fungal Infection,Leaf Spot Risk,Moderate Growth,Disease_Risk
20.97,70.67,Good,29.41,52.62,4.72,Healthy Roots,Strong Stem,Green Leaves,Healthy Branches,Healthy
32,20.06,Poor,23.89,54.93,59.54,Root Stress,Weak Stem,Leaf Wilting,Slow Growth,Dry_Stress
20.43,81.24,Poor,36.68,90.63,6.58,Root Rot Risk,Soft Stem,Yellowing Leaves,Branch Weakness,Overwatered
35.31,70.24,Moderate,33.27,92.23,15.08,Moderate Stress,Possible Fungal Infection,Leaf Spot Risk,Moderate Growth,Disease_Risk
27.54,63.56,Good,24.85,61.93,30.83,Healthy Roots,Strong Stem,Green Leaves,Healthy Branches,Healthy
18.78,21.52,Poor,32.38,60.16,33.6,Root Stress,Weak Stem,Leaf Wilting,Slow Growth,Dry_Stress
34.76,85.46,Poor,23.84,58.99,32.07,Root Rot Risk,Soft Stem,Yellowing Leaves,Branch Weakness,Overwatered
24.45,64.39,Good,35.51,40.34,81.37,Healthy Roots,Strong Stem,Green Leaves,Healthy Branches,Healthy
31.17,25.23,Good,28.62,42.86,71.61,Healthy Roots,Strong Stem,Green Leaves,Healthy Branches,Healthy
27.43,56.83,Good,36.21,45.61,39.02,Healthy Roots,Strong Stem,Green Leaves,Healthy Branches,Healthy
19.67,21.86,Poor,21.82,67.52,65.59,Root Stress,Weak Stem,Leaf Wilting,Slow Growth,Dry_Stress
19.91,14.4,Poor,25.96,49.47,27.53,Root Stress,Weak Stem,Leaf Wilting,Slow Growth,Dry_Stress
20.69,66.93,Good,29.25,40.43,87.14,Healthy Roots,Strong Stem,Green Leaves,Healthy Branches,Healthy
20.9,68.98,Good,37.75,75.24,14.4,Healthy Roots,Strong Stem,Green Leaves,Healthy Branches,Healthy
18.95,51.23,Good,22.02,57.5,33.12,Healthy Roots,Strong Stem,Green Leaves,Healthy Branches,Healthy
18.85,21.98,Poor,39.97,68.85,16.99,Root Stress,Weak Stem,Leaf Wilting,Slow Growth,Dry_Stress
35.07,36.15,Good,20.55,84.42,78.37,Healthy Roots,Strong Stem,Green Leaves,Healthy Branches,Healthy
19.64,18.38,Poor,23.9,72.98,14.82,Root Stress,Weak Stem,Leaf Wilting,Slow Growth,Dry_Stress
27.15,28.14,Good,30.41,53.86,86.61,Healthy Roots,Strong Stem,Green Leaves,Healthy Branches,Healthy
20.14,15.27,Poor,30.96,82.4,36.85,Root Stress,Weak Stem,Leaf Wilting,Slow Growth,Dry_Stress
21.87,63.05,Good,29.88,55.64,76.91,Healthy Roots,Strong Stem,Green Leaves,Healthy Branches,Healthy
31.74,72.27,Moderate,22.84,86.05,93.03,Moderate Stress,Possible Fungal Infection,Leaf Spot Risk,Moderate Growth,Disease_Risk
34.89,51.39,Good,33.89,57.68,34.69,Healthy Roots,Strong Stem,Green Leaves,Healthy Branches,Healthy
26.45,62.85,Good,35.09,59.71,0.42,Healthy Roots,Strong Stem,Green Leaves,Healthy Branches,Healthy
18.1,22.03,Poor,33.46,63.98,85.63,Root Stress,Weak Stem,Leaf Wilting,Slow Growth,Dry_Stress
35.99,82.64,Poor,38.2,52.31,88.87,Root Rot Risk,Soft Stem,Yellowing Leaves,Branch Weakness,Overwatered
18.86,57.53,Good,27.74,90.91,68.05,Healthy Roots,Strong Stem,Green Leaves,Healthy Branches,Healthy
25.01,19.96,Poor,27.68,87.92,44.26,Root Stress,Weak Stem,Leaf Wilting,Slow Growth,Dry_Stress
27.7,52.73,Good,25.45,56.53,28.92,Healthy Roots,Strong Stem,Green Leaves,Healthy Branches,Healthy
34.05,46.7,Good,36.17,71.06,45.67,Healthy Roots,Strong Stem,Green Leaves,Healthy Branches,Healthy
32.82,79.44,Poor,22.33,71.2,27.64,Root Rot Risk,Soft Stem,Yellowing Leaves,Branch Weakness,Overwatered
28.97,69.98,Good,38.57,61.03,27.27,Healthy Roots,Strong Stem,Green Leaves,Healthy Branches,Healthy
25.17,17.77,Poor,38.95,73.75,73.75,Root Stress,Weak Stem,Leaf Wilting,Slow Growth,Dry_Stress
33.02,61.84,Good,30.55,64.77,95.94,Healthy Roots,Strong Stem,Green Leaves,Healthy Branches,Healthy
33.64,14.27,Poor,28.77,51.87,19.99,Root Stress,Weak Stem,Leaf Wilting,Slow Growth,Dry_Stress
33.69,49.66,Good,28.77,71.6,56.45,Healthy Roots,Strong Stem,Green Leaves,Healthy Branches,Healthy
30.92,76.87,Poor,36.41,80.5,32.28,Root Rot Risk,Soft Stem,Yellowing Leaves,Branch Weakness,Overwatered
19.76,25.07,Good,39.28,79.33,72.9,Healthy Roots,Strong Stem,Green Leaves,Healthy Branches,Healthy
23.37,61.78,Good,23.89,65.45,19.67,Healthy Roots,Strong Stem,Green Leaves,Healthy Branches,Healthy
26.75,42.5,Good,35.98,54.41,92.12,Healthy Roots,Strong Stem,Green Leaves,Healthy Branches,Healthy
27.09,19.2,Poor,36.7,43.7,81.81,Root Stress,Weak Stem,Leaf Wilting,Slow Growth,Dry_Stress
32.99,80.9,Poor,28.09,87.63,35.1,Root Rot Risk,Soft Stem,Yellowing Leaves,Branch Weakness,Overwatered
22.28,67.58,Good,28.36,60.03,95.54,Healthy Roots,Strong Stem,Green Leaves,Healthy Branches,Healthy
29.96,31.37,Good,20.3,74.08,80.9,Healthy Roots,Strong Stem,Green Leaves,Healthy Branches,Healthy
24.74,26.07,Good,25.39,46.97,53.69,Healthy Roots,Strong Stem,Green Leaves,Healthy Branches,Healthy
31.96,38.6,Good,30.82,44.31,46.3,Healthy Roots,Strong Stem,Green Leaves,Healthy Branches,Healthy
21.52,67.17,Good,31.04,83.36,35.21,Healthy Roots,Strong Stem,Green Leaves,Healthy Branches,Healthy
26.58,83.24,Poor,34.32,87.76,43.31,Root Rot Risk,Soft Stem,Yellowing Leaves,Branch Weakness,Overwatered
19.86,51.22,Good,36.07,71.64,46.14,Healthy Roots,Strong Stem,Green Leaves,Healthy Branches,Healthy
21.82,10.27,Poor,27.19,73.65,77.54,Root Stress,Weak Stem,Leaf Wilting,Slow Growth,Dry_Stress
34.83,11.09,Poor,25.71,94.18,56.73,Root Stress,Weak Stem,Leaf Wilting,Slow Growth,Dry_Stress
23.69,29.59,Good,24.19,44.06,30.91,Healthy Roots,Strong Stem,Green Leaves,Healthy Branches,Healthy
34.07,72.66,Good,28.79,52.17,5,Healthy Roots,Strong Stem,Green Leaves,Healthy Branches,Healthy
27.44,23.45,Poor,23.31,63.13,16.06,Root Stress,Weak Stem,Leaf Wilting,Slow Growth,Dry_Stress
18.7,56.1,Good,32.96,90.67,59.3,Healthy Roots,Strong Stem,Green Leaves,Healthy Branches,Healthy
32.27,12.32,Poor,21.96,46.08,59.28,Root Stress,Weak Stem,Leaf Wilting,Slow Growth,Dry_Stress
18.94,35.8,Good,33.3,73.22,19.7,Healthy Roots,Strong Stem,Green Leaves,Healthy Branches,Healthy
32.88,62.82,Good,21.84,41.53,68.58,Healthy Roots,Strong Stem,Green Leaves,Healthy Branches,Healthy
18.16,64.46,Good,36.11,41.43,82.88,Healthy Roots,Strong Stem,Green Leaves,Healthy Branches,Healthy
30.13,11.43,Poor,36.82,65.27,29.1,Root Stress,Weak Stem,Leaf Wilting,Slow Growth,Dry_Stress
20.98,24.07,Poor,32.16,79.38,25.24,Root Stress,Weak Stem,Leaf Wilting,Slow Growth,Dry_Stress
24.17,28.46,Good,39.38,58.33,89.34,Healthy Roots,Strong Stem,Green Leaves,Healthy Branches,Healthy
35.15,30.49,Good,27.08,47.14,37.5,Healthy Roots,Strong Stem,Green Leaves,Healthy Branches,Healthy
26.75,38.69,Good,28.79,56.81,64.43,Healthy Roots,Strong Stem,Green Leaves,Healthy Branches,Healthy
29.83,72.87,Good,24.25,81.97,39.8,Healthy Roots,Strong Stem,Green Leaves,Healthy Branches,Healthy
31.33,18.29,Poor,31.46,90.47,65.36,Root Stress,Weak Stem,Leaf Wilting,Slow Growth,Dry_Stress
19.98,28.44,Good,28.65,87.07,42.34,Healthy Roots,Strong Stem,Green Leaves,Healthy Branches,Healthy
33.1,48.77,Good,39.61,66.97,3.77,Healthy Roots,Strong Stem,Green Leaves,Healthy Branches,Healthy
34.45,72.4,Good,31.69,72.46,74.05,Healthy Roots,Strong Stem,Green Leaves,Healthy Branches,Healthy
20.8,71.66,Good,20.15,47.13,65.9,Healthy Roots,Strong Stem,Green Leaves,Healthy Branches,Healthy
27.83,18.7,Poor,23.74,58.85,39.01,Root Stress,Weak Stem,Leaf Wilting,Slow Growth,Dry_Stress
23.1,52.79,Good,33.7,86.01,31.44,Healthy Roots,Strong Stem,Green Leaves,Healthy Branches,Healthy
31.33,61.94,Moderate,36.99,91.74,41.81,Moderate Stress,Possible Fungal Infection,Leaf Spot Risk,Moderate Growth,Disease_Risk
18.51,44.87,Good,32.05,72.6,6.82,Healthy Roots,Strong Stem,Green Leaves,Healthy Branches,Healthy
27.23,78.2,Poor,39.32,67.99,24.9,Root Rot Risk,Soft Stem,Yellowing Leaves,Branch Weakness,Overwatered
32.27,18.81,Poor,37.05,93.29,31.64,Root Stress,Weak Stem,Leaf Wilting,Slow Growth,Dry_Stress
31.23,54.84,Good,35.13,58.34,60.29,Healthy Roots,Strong Stem,Green Leaves,Healthy Branches,Healthy
19.95,67.3,Good,33.67,54.96,71.56,Healthy Roots,Strong Stem,Green Leaves,Healthy Branches,Healthy
32.99,88.48,Poor,27.24,40.62,89.72,Root Rot Risk,Soft Stem,Yellowing Leaves,Branch Weakness,Overwatered
22.28,10.79,Poor,20.6,68.53,51.7,Root Stress,Weak Stem,Leaf Wilting,Slow Growth,Dry_Stress
32.54,67.89,Good,31.02,45.82,23.46,Healthy Roots,Strong Stem,Green Leaves,Healthy Branches,Healthy
26.95,37.27,Good,33.77,54.93,46.31,Healthy Roots,Strong Stem,Green Leaves,Healthy Branches,Healthy
20.89,69.62,Good,37.41,71.5,55.88,Healthy Roots,Strong Stem,Green Leaves,Healthy Branches,Healthy
31.21,52.15,Good,31.93,56.07,32.59,Healthy Roots,Strong Stem,Green Leaves,Healthy Branches,Healthy
32.54,72.4,Good,28.77,77.09,9.52,Healthy Roots,Strong Stem,Green Leaves,Healthy Branches,Healthy
30.58,23.18,Poor,21.85,61.05,20.84,Root Stress,Weak Stem,Leaf Wilting,Slow Growth,Dry_Stress
35.37,83.17,Poor,28.74,68.5,56.09,Root Rot Risk,Soft Stem,Yellowing Leaves,Branch Weakness,Overwatered
22.61,41.02,Good,39.43,71.01,12.09,Healthy Roots,Strong Stem,Green Leaves,Healthy Branches,Healthy
22.24,74.28,Good,31.5,46.38,0.43,Healthy Roots,Strong Stem,Green Leaves,Healthy Branches,Healthy
20.65,33.42,Good,35.17,88.66,43.26,Healthy Roots,Strong Stem,Green Leaves,Healthy Branches,Healthy
27.71,20.8,Poor,38.76,48.46,79.02,Root Stress,Weak Stem,Leaf Wilting,Slow Growth,Dry_Stress
25.19,37.44,Good,24.81,81.57,55.29,Healthy Roots,Strong Stem,Green Leaves,Healthy Branches,Healthy
24.42,63.98,Good,25.27,59.47,37.72,Healthy Roots,Strong Stem,Green Leaves,Healthy Branches,Healthy
26.29,83.59,Poor,35.08,48.15,76.39,Root Rot Risk,Soft Stem,Yellowing Leaves,Branch Weakness,Overwatered
22.94,49.76,Good,20.63,54.75,57.24,Healthy Roots,Strong Stem,Green Leaves,Healthy Branches,Healthy
18.08,36.7,Good,26.51,40.6,64.13,Healthy Roots,Strong Stem,Green Leaves,Healthy Branches,Healthy
26.49,84.55,Poor,36.02,68.28,47.75,Root Rot Risk,Soft Stem,Yellowing Leaves,Branch Weakness,Overwatered
22.97,69.24,Good,36.42,88.95,76.22,Healthy Roots,Strong Stem,Green Leaves,Healthy Branches,Healthy
26.1,46.18,Good,23.64,73.01,88.73,Healthy Roots,Strong Stem,Green Leaves,Healthy Branches,Healthy
34.72,62.22,Good,20,56.35,99.2,Healthy Roots,Strong Stem,Green Leaves,Healthy Branches,Healthy
21.22,30.38,Good,39.19,86.29,33.6,Healthy Roots,Strong Stem,Green Leaves,Healthy Branches,Healthy
29.47,49.83,Good,30.07,56.12,61.21,Healthy Roots,Strong Stem,Green Leaves,Healthy Branches,Healthy
29.6,42.02,Good,30.06,43.81,35.34,Healthy Roots,Strong Stem,Green Leaves,Healthy Branches,Healthy
23.06,29.66,Good,33.34,67.8,75.67,Healthy Roots,Strong Stem,Green Leaves,Healthy Branches,Healthy
26.48,17.08,Poor,35.51,86.99,94.31,Root Stress,Weak Stem,Leaf Wilting,Slow Growth,Dry_Stress
35.45,28.26,Good,27.05,55.44,23.82,Healthy Roots,Strong Stem,Green Leaves,Healthy Branches,Healthy
24.16,73.92,Good,30.73,93.6,15.51,Healthy Roots,Strong Stem,Green Leaves,Healthy Branches,Healthy
30.82,70.79,Good,35.65,55.84,74.96,Healthy Roots,Strong Stem,Green Leaves,Healthy Branches,Healthy
33.12,45.05,Good,27.46,82.67,85.73,Healthy Roots,Strong Stem,Green Leaves,Healthy Branches,Healthy
24.49,80.48,Poor,31.21,61.06,97.91,Root Rot Risk,Soft Stem,Yellowing Leaves,Branch Weakness,Overwatered
35.82,22.64,Poor,26.83,47.6,7.45,Root Stress,Weak Stem,Leaf Wilting,Slow Growth,Dry_Stress
29.27,68.74,Good,38.81,94.06,15.23,Healthy Roots,Strong Stem,Green Leaves,Healthy Branches,Healthy
27.02,71.03,Good,20.96,80.12,95.97,Healthy Roots,Strong Stem,Green Leaves,Healthy Branches,Healthy
30.87,15.37,Poor,34.68,60.6,69.19,Root Stress,Weak Stem,Leaf Wilting,Slow Growth,Dry_Stress
25.63,79.26,Poor,30.32,58.9,54.63,Root Rot Risk,Soft Stem,Yellowing Leaves,Branch Weakness,Overwatered
30.82,71.93,Good,32.89,56.98,17.74,Healthy Roots,Strong Stem,Green Leaves,Healthy Branches,Healthy
22.95,47.16,Good,24.38,81.1,92.75,Healthy Roots,Strong Stem,Green Leaves,Healthy Branches,Healthy
34.69,49.56,Good,39.11,72.91,84.82,Healthy Roots,Strong Stem,Green Leaves,Healthy Branches,Healthy
27.76,56.73,Good,29.61,89.18,55.17,Healthy Roots,Strong Stem,Green Leaves,Healthy Branches,Healthy
22.35,48.29,Good,34.22,59.39,87.62,Healthy Roots,Strong Stem,Green Leaves,Healthy Branches,Healthy
25.87,14.37,Poor,21.79,54.62,57.16,Root Stress,Weak Stem,Leaf Wilting,Slow Growth,Dry_Stress
34.11,44.49,Good,25.86,55.66,53.63,Healthy Roots,Strong Stem,Green Leaves,Healthy Branches,Healthy
32.53,79.19,Poor,38.12,76.59,78.77,Root Rot Risk,Soft Stem,Yellowing Leaves,Branch Weakness,Overwatered
26.72,52.75,Good,20.33,67.6,53.52,Healthy Roots,Strong Stem,Green Leaves,Healthy Branches,Healthy
24.33,29.57,Good,27.13,53.18,61.47,Healthy Roots,Strong Stem,Green Leaves,Healthy Branches,Healthy
24.77,82.64,Poor,24,65.07,0.67,Root Rot Risk,Soft Stem,Yellowing Leaves,Branch Weakness,Overwatered
35.66,44.12,Good,26.66,49.26,14.81,Healthy Roots,Strong Stem,Green Leaves,Healthy Branches,Healthy
20.02,24.72,Poor,32.46,91.92,57.64,Root Stress,Weak Stem,Leaf Wilting,Slow Growth,Dry_Stress
34,57.64,Good,37.23,67.27,26.53,Healthy Roots,Strong Stem,Green Leaves,Healthy Branches,Healthy
33.44,23.93,Poor,30.7,61.23,67.09,Root Stress,Weak Stem,Leaf Wilting,Slow Growth,Dry_Stress
22.04,59.91,Good,38.15,54.51,61.86,Healthy Roots,Strong Stem,Green Leaves,Healthy Branches,Healthy
24.29,64.19,Good,34.14,88.13,50.48,Healthy Roots,Strong Stem,Green Leaves,Healthy Branches,Healthy
28.25,25.4,Good,38.75,91.98,4.38,Healthy Roots,Strong Stem,Green Leaves,Healthy Branches,Healthy
32.44,35.16,Good,23.28,44.09,27.03,Healthy Roots,Strong Stem,Green Leaves,Healthy Branches,Healthy
35.11,57.04,Good,37.47,44.43,21.84,Healthy Roots,Strong Stem,Green Leaves,Healthy Branches,Healthy
35.85,27.6,Good,35.03,71.83,33,Healthy Roots,Strong Stem,Green Leaves,Healthy Branches,Healthy
23.06,75.73,Poor,38.87,73.96,88.01,Root Rot Risk,Soft Stem,Yellowing Leaves,Branch Weakness,Overwatered
21.46,68.51,Good,20.83,84.3,24.64,Healthy Roots,Strong Stem,Green Leaves,Healthy Branches,Healthy
26.78,24.03,Poor,21.94,61.17,30.81,Root Stress,Weak Stem,Leaf Wilting,Slow Growth,Dry_Stress
28.04,57.13,Good,20.15,53.61,82.1,Healthy Roots,Strong Stem,Green Leaves,Healthy Branches,Healthy
29.82,55.81,Good,20.08,66.38,86.53,Healthy Roots,Strong Stem,Green Leaves,Healthy Branches,Healthy
19.94,39.87,Good,24.88,87.04,0.91,Healthy Roots,Strong Stem,Green Leaves,Healthy Branches,Healthy
29.63,62.56,Good,31.45,66.33,80.37,Healthy Roots,Strong Stem,Green Leaves,Healthy Branches,Healthy
34.58,44.37,Good,28.19,61.07,22.66,Healthy Roots,Strong Stem,Green Leaves,Healthy Branches,Healthy
34.47,45.54,Good,22.68,63.55,86.93,Healthy Roots,Strong Stem,Green Leaves,Healthy Branches,Healthy
34.99,41.53,Good,35.23,66.72,48.97,Healthy Roots,Strong Stem,Green Leaves,Healthy Branches,Healthy
34.6,55.92,Good,22.85,83.86,31.32,Healthy Roots,Strong Stem,Green Leaves,Healthy Branches,Healthy
35.29,10.09,Poor,39.74,72.53,1.87,Root Stress,Weak Stem,Leaf Wilting,Slow Growth,Dry_Stress
18.88,58.07,Good,26.19,50.44,3.51,Healthy Roots,Strong Stem,Green Leaves,Healthy Branches,Healthy
34.49,19.57,Poor,20.99,56.7,19.27,Root Stress,Weak Stem,Leaf Wilting,Slow Growth,Dry_Stress
22.88,28.18,Good,23.54,45.31,71.55,Healthy Roots,Strong Stem,Green Leaves,Healthy Branches,Healthy
23.77,75.06,Poor,20.63,55.74,38.6,Root Rot Risk,Soft Stem,Yellowing Leaves,Branch Weakness,Overwatered
26.26,28.17,Good,24.57,92.23,48.96,Healthy Roots,Strong Stem,Green Leaves,Healthy Branches,Healthy
35.2,59.64,Good,33.31,59.24,98.64,Healthy Roots,Strong Stem,Green Leaves,Healthy Branches,Healthy
28.89,30.26,Good,27.25,64.22,45.54,Healthy Roots,Strong Stem,Green Leaves,Healthy Branches,Healthy
24.35,89.64,Poor,20.22,54.4,24.84,Root Rot Risk,Soft Stem,Yellowing Leaves,Branch Weakness,Overwatered
24.73,88.55,Poor,26.7,66.01,84.5,Root Rot Risk,Soft Stem,Yellowing Leaves,Branch Weakness,Overwatered
34.29,36.56,Good,26.84,79.67,48.2,Healthy Roots,Strong Stem,Green Leaves,Healthy Branches,Healthy
32.8,82.93,Poor,25.39,94.47,12.31,Root Rot Risk,Soft Stem,Yellowing Leaves,Branch Weakness,Overwatered
20.48,82.85,Poor,34.82,69.87,58.37,Root Rot Risk,Soft Stem,Yellowing Leaves,Branch Weakness,Overwatered
22.48,26.33,Good,22.76,90.54,64.06,Healthy Roots,Strong Stem,Green Leaves,Healthy Branches,Healthy
24.7,40.05,Good,30.98,51.78,29.71,Healthy Roots,Strong Stem,Green Leaves,Healthy Branches,Healthy
21.9,25.07,Good,20.56,86,11.88,Healthy Roots,Strong Stem,Green Leaves,Healthy Branches,Healthy
28.14,28.29,Good,29.25,40.82,93.74,Healthy Roots,Strong Stem,Green Leaves,Healthy Branches,Healthy
22.03,52.11,Good,35.43,56.33,63.02,Healthy Roots,Strong Stem,Green Leaves,Healthy Branches,Healthy
28.35,50.18,Good,26.69,60.64,41.78,Healthy Roots,Strong Stem,Green Leaves,Healthy Branches,Healthy
34.85,46.14,Good,22.02,67.24,11.04,Healthy Roots,Strong Stem,Green Leaves,Healthy Branches,Healthy
33.28,25.91,Good,31.14,76.05,74.45,Healthy Roots,Strong Stem,Green Leaves,Healthy Branches,Healthy
19.79,52.68,Good,39.58,90.16,71.61,Healthy Roots,Strong Stem,Green Leaves,Healthy Branches,Healthy
21.72,85.72,Poor,34.38,85.02,38.08,Root Rot Risk,Soft Stem,Yellowing Leaves,Branch Weakness,Overwatered
25.43,38.79,Good,29.33,77.68,93.47,Healthy Roots,Strong Stem,Green Leaves,Healthy Branches,Healthy
29.63,65,Good,31.78,53.22,26.82,Healthy Roots,Strong Stem,Green Leaves,Healthy Branches,Healthy
24.96,28.45,Good,26.94,49.47,51.61,Healthy Roots,Strong Stem,Green Leaves,Healthy Branches,Healthy
22.53,70.19,Good,27.88,58.77,32.48,Healthy Roots,Strong Stem,Green Leaves,Healthy Branches,Healthy
24.2,56.09,Good,36.49,53.67,6.36,Healthy Roots,Strong Stem,Green Leaves,Healthy Branches,Healthy
21.67,83.41,Poor,37.62,61.71,92.42,Root Rot Risk,Soft Stem,Yellowing Leaves,Branch Weakness,Overwatered
33.51,16.24,Poor,30.73,77.64,40.71,Root Stress,Weak Stem,Leaf Wilting,Slow Growth,Dry_Stress
30.55,62.53,Good,34.99,53.41,45.92,Healthy Roots,Strong Stem,Green Leaves,Healthy Branches,Healthy
25.4,43.72,Good,36.67,47.87,28.27,Healthy Roots,Strong Stem,Green Leaves,Healthy Branches,Healthy
30.61,39.56,Moderate,32.18,89.99,5.75,Moderate Stress,Possible Fungal Infection,Leaf Spot Risk,Moderate Growth,Disease_Risk
27.36,36.65,Good,38.41,40.93,53.62,Healthy Roots,Strong Stem,Green Leaves,Healthy Branches,Healthy
27.47,82.19,Poor,31.81,68.57,48.46,Root Rot Risk,Soft Stem,Yellowing Leaves,Branch Weakness,Overwatered
24.61,30.21,Good,30.8,75.45,32.47,Healthy Roots,Strong Stem,Green Leaves,Healthy Branches,Healthy
26.79,60.52,Good,34.65,83.2,27.01,Healthy Roots,Strong Stem,Green Leaves,Healthy Branches,Healthy
35.74,12.1,Poor,32.35,54.06,79.29,Root Stress,Weak Stem,Leaf Wilting,Slow Growth,Dry_Stress
32.12,87.07,Poor,37.88,63.23,96.66,Root Rot Risk,Soft Stem,Yellowing Leaves,Branch Weakness,Overwatered
32.9,74.16,Good,35.74,83.1,85.56,Healthy Roots,Strong Stem,Green Leaves,Healthy Branches,Healthy
20.24,65.16,Good,30.74,59.04,81.28,Healthy Roots,Strong Stem,Green Leaves,Healthy Branches,Healthy
27.08,51.51,Good,34.05,74.22,19.44,Healthy Roots,Strong Stem,Green Leaves,Healthy Branches,Healthy
24.6,38.8,Good,37.83,64.13,87.08,Healthy Roots,Strong Stem,Green Leaves,Healthy Branches,Healthy
19.6,44.86,Good,28.49,51.9,39.94,Healthy Roots,Strong Stem,Green Leaves,Healthy Branches,Healthy
25.11,62.74,Good,26.7,64.14,69.78,Healthy Roots,Strong Stem,Green Leaves,Healthy Branches,Healthy
19.34,50.7,Good,36.76,82.68,42.45,Healthy Roots,Strong Stem,Green Leaves,Healthy Branches,Healthy
22.21,81.48,Poor,21.85,61.27,36.54,Root Rot Risk,Soft Stem,Yellowing Leaves,Branch Weakness,Overwatered
32.38,35.98,Good,30.47,77.86,94.7,Healthy Roots,Strong Stem,Green Leaves,Healthy Branches,Healthy
30.35,79.06,Poor,20.97,46.39,21.49,Root Rot Risk,Soft Stem,Yellowing Leaves,Branch Weakness,Overwatered
30.57,34.07,Good,34.17,51.54,20.38,Healthy Roots,Strong Stem,Green Leaves,Healthy Branches,Healthy
19.43,21.6,Poor,38.49,83.19,9.41,Root Stress,Weak Stem,Leaf Wilting,Slow Growth,Dry_Stress
20.95,20.18,Poor,39.25,87.18,78.97,Root Stress,Weak Stem,Leaf Wilting,Slow Growth,Dry_Stress
18.39,31.26,Good,27.46,45.86,9.69,Healthy Roots,Strong Stem,Green Leaves,Healthy Branches,Healthy
19.76,83.37,Poor,37.06,79.06,49.41,Root Rot Risk,Soft Stem,Yellowing Leaves,Branch Weakness,Overwatered
19.82,74.03,Good,33.04,75.87,66.93,Healthy Roots,Strong Stem,Green Leaves,Healthy Branches,Healthy
35.28,68.83,Good,24.51,57.71,16.27,Healthy Roots,Strong Stem,Green Leaves,Healthy Branches,Healthy
34.09,34.52,Good,21.15,71.18,21.66,Healthy Roots,Strong Stem,Green Leaves,Healthy Branches,Healthy
21.68,27.32,Good,31.91,40.6,74.49,Healthy Roots,Strong Stem,Green Leaves,Healthy Branches,Healthy
22.57,38.94,Good,26.93,58.24,23.22,Healthy Roots,Strong Stem,Green Leaves,Healthy Branches,Healthy
35.3,63.45,Moderate,37.51,90.81,1.45,Moderate Stress,Possible Fungal Infection,Leaf Spot Risk,Moderate Growth,Disease_Risk
28.26,22.98,Poor,38.67,75.24,17.22,Root Stress,Weak Stem,Leaf Wilting,Slow Growth,Dry_Stress
24.63,52.27,Good,31.33,77.61,65.65,Healthy Roots,Strong Stem,Green Leaves,Healthy Branches,Healthy
26.4,39.49,Good,32.24,72.17,36.77,Healthy Roots,Strong Stem,Green Leaves,Healthy Branches,Healthy
22.9,70.78,Good,22.62,63.14,29.69,Healthy Roots,Strong Stem,Green Leaves,Healthy Branches,Healthy
28.5,61.52,Good,26.72,94.34,20.97,Healthy Roots,Strong Stem,Green Leaves,Healthy Branches,Healthy
31.05,21.94,Poor,36.18,64.38,25.36,Root Stress,Weak Stem,Leaf Wilting,Slow Growth,Dry_Stress
27.28,34.72,Good,29.95,62.2,50.97,Healthy Roots,Strong Stem,Green Leaves,Healthy Branches,Healthy
32.77,74.63,Good,26.28,56.46,48.53,Healthy Roots,Strong Stem,Green Leaves,Healthy Branches,Healthy
20.04,80.97,Poor,30.62,76.88,99.69,Root Rot Risk,Soft Stem,Yellowing Leaves,Branch Weakness,Overwatered
28.87,50.89,Good,30.06,55.26,62.64,Healthy Roots,Strong Stem,Green Leaves,Healthy Branches,Healthy
35.81,76.17,Poor,29.28,65.28,73.09,Root Rot Risk,Soft Stem,Yellowing Leaves,Branch Weakness,Overwatered
20.68,26.85,Good,29.3,50.71,51.59,Healthy Roots,Strong Stem,Green Leaves,Healthy Branches,Healthy
26.91,42.48,Good,31.09,62.7,39.97,Healthy Roots,Strong Stem,Green Leaves,Healthy Branches,Healthy
29.34,61.48,Good,38.9,41.09,29.08,Healthy Roots,Strong Stem,Green Leaves,Healthy Branches,Healthy
24.08,12.22,Poor,37.5,91.87,28.5,Root Stress,Weak Stem,Leaf Wilting,Slow Growth,Dry_Stress
35.36,52.37,Good,30.8,57.09,74.38,Healthy Roots,Strong Stem,Green Leaves,Healthy Branches,Healthy
26.74,78.22,Poor,20.89,91.71,3.31,Root Rot Risk,Soft Stem,Yellowing Leaves,Branch Weakness,Overwatered
26.62,26.8,Good,37.45,53.55,62.92,Healthy Roots,Strong Stem,Green Leaves,Healthy Branches,Healthy
34.25,10.94,Poor,32.79,69.73,44.69,Root Stress,Weak Stem,Leaf Wilting,Slow Growth,Dry_Stress
18.29,61.81,Good,22.47,89.29,52.3,Healthy Roots,Strong Stem,Green Leaves,Healthy Branches,Healthy
33.64,62.85,Good,37.56,59.03,2.38,Healthy Roots,Strong Stem,Green Leaves,Healthy Branches,Healthy
20.32,29.41,Good,30.43,67.12,64.48,Healthy Roots,Strong Stem,Green Leaves,Healthy Branches,Healthy
24.83,36.11,Good,24.62,65.77,57.2,Healthy Roots,Strong Stem,Green Leaves,Healthy Branches,Healthy
26.79,37.52,Good,36.02,90.65,96.3,Healthy Roots,Strong Stem,Green Leaves,Healthy Branches,Healthy
26.58,16.67,Poor,25.42,61.33,89.97,Root Stress,Weak Stem,Leaf Wilting,Slow Growth,Dry_Stress
18.71,69.53,Good,36.63,85.03,81.46,Healthy Roots,Strong Stem,Green Leaves,Healthy Branches,Healthy
23.71,27.15,Good,32.34,84.08,7.81,Healthy Roots,Strong Stem,Green Leaves,Healthy Branches,Healthy
24.42,71.75,Good,26.56,90.28,68.19,Healthy Roots,Strong Stem,Green Leaves,Healthy Branches,Healthy
35.21,62.11,Good,26.23,75.49,5.75,Healthy Roots,Strong Stem,Green Leaves,Healthy Branches,Healthy
34.51,18.3,Poor,25.38,50.49,66.17,Root Stress,Weak Stem,Leaf Wilting,Slow Growth,Dry_Stress
28.52,69.84,Good,23.04,46.81,96.15,Healthy Roots,Strong Stem,Green Leaves,Healthy Branches,Healthy
34.8,21.5,Poor,24.84,91.1,15.31,Root Stress,Weak Stem,Leaf Wilting,Slow Growth,Dry_Stress
33.55,62.66,Moderate,27.06,91.15,43.8,Moderate Stress,Possible Fungal Infection,Leaf Spot Risk,Moderate Growth,Disease_Risk
24.76,16.21,Poor,25.55,63.3,74.48,Root Stress,Weak Stem,Leaf Wilting,Slow Growth,Dry_Stress
20.11,56.45,Good,28.4,49.87,98.73,Healthy Roots,Strong Stem,Green Leaves,Healthy Branches,Healthy
28.93,45.54,Good,26.63,82.88,2.87,Healthy Roots,Strong Stem,Green Leaves,Healthy Branches,Healthy
23.81,51.93,Good,36.59,63.83,77.95,Healthy Roots,Strong Stem,Green Leaves,Healthy Branches,Healthy
18.18,69.89,Good,30.81,54.38,19.84,Healthy Roots,Strong Stem,Green Leaves,Healthy Branches,Healthy
35.66,69.06,Moderate,23.45,93.96,99.52,Moderate Stress,Possible Fungal Infection,Leaf Spot Risk,Moderate Growth,Disease_Risk
35.45,13.64,Poor,31.05,70.23,16.82,Root Stress,Weak Stem,Leaf Wilting,Slow Growth,Dry_Stress
27.66,23.06,Poor,25.09,48.62,28.73,Root Stress,Weak Stem,Leaf Wilting,Slow Growth,Dry_Stress
29.13,88.56,Poor,34.56,41.08,33.01,Root Rot Risk,Soft Stem,Yellowing Leaves,Branch Weakness,Overwatered
30.04,45.15,Moderate,29.01,90.09,18.71,Moderate Stress,Possible Fungal Infection,Leaf Spot Risk,Moderate Growth,Disease_Risk
34.68,75.73,Poor,38.89,65.06,5.89,Root Rot Risk,Soft Stem,Yellowing Leaves,Branch Weakness,Overwatered
26.42,54.06,Good,21.72,41.05,45.94,Healthy Roots,Strong Stem,Green Leaves,Healthy Branches,Healthy
28.49,71.86,Good,23.31,64.42,85.34,Healthy Roots,Strong Stem,Green Leaves,Healthy Branches,Healthy
22.08,15.66,Poor,34.34,88.68,34.47,Root Stress,Weak Stem,Leaf Wilting,Slow Growth,Dry_Stress
22.36,50.13,Good,24.59,68.11,23.29,Healthy Roots,Strong Stem,Green Leaves,Healthy Branches,Healthy
27.4,70.19,Good,21.03,46.04,70.38,Healthy Roots,Strong Stem,Green Leaves,Healthy Branches,Healthy
22.13,43.22,Good,30.97,73.45,53.08,Healthy Roots,Strong Stem,Green Leaves,Healthy Branches,Healthy
18.54,67.22,Good,38.2,88.91,47.8,Healthy Roots,Strong Stem,Green Leaves,Healthy Branches,Healthy
24.63,76.48,Poor,29.19,92.71,71.5,Root Rot Risk,Soft Stem,Yellowing Leaves,Branch Weakness,Overwatered
31.5,75.15,Poor,30.17,47.39,47.63,Root Rot Risk,Soft Stem,Yellowing Leaves,Branch Weakness,Overwatered
22.99,26.43,Good,20.04,53.75,87.66,Healthy Roots,Strong Stem,Green Leaves,Healthy Branches,Healthy
33.53,82.58,Poor,35.88,73.61,97.45,Root Rot Risk,Soft Stem,Yellowing Leaves,Branch Weakness,Overwatered
30.65,56.58,Good,39.9,56.22,80.73,Healthy Roots,Strong Stem,Green Leaves,Healthy Branches,Healthy
29.76,24.67,Poor,20.78,85.46,6.12,Root Stress,Weak Stem,Leaf Wilting,Slow Growth,Dry_Stress
34.06,73.41,Moderate,23.71,89.46,71.6,Moderate Stress,Possible Fungal Infection,Leaf Spot Risk,Moderate Growth,Disease_Risk
19.33,30.35,Good,23.65,88.02,49.38,Healthy Roots,Strong Stem,Green Leaves,Healthy Branches,Healthy
21.22,36.63,Good,36.62,71.18,42.53,Healthy Roots,Strong Stem,Green Leaves,Healthy Branches,Healthy
34.37,43.3,Good,39.58,49.66,96.85,Healthy Roots,Strong Stem,Green Leaves,Healthy Branches,Healthy
34.33,50.43,Good,38.82,69.78,93.01,Healthy Roots,Strong Stem,Green Leaves,Healthy Branches,Healthy
19.41,23.79,Poor,24.29,51.94,14.55,Root Stress,Weak Stem,Leaf Wilting,Slow Growth,Dry_Stress
31.94,78,Poor,26.73,62.31,37.29,Root Rot Risk,Soft Stem,Yellowing Leaves,Branch Weakness,Overwatered
18.28,75.59,Poor,33.74,80.55,6.11,Root Rot Risk,Soft Stem,Yellowing Leaves,Branch Weakness,Overwatered
20.43,34.39,Good,24.95,80.04,62.33,Healthy Roots,Strong Stem,Green Leaves,Healthy Branches,Healthy
19.98,87.62,Poor,38.22,56.39,12.75,Root Rot Risk,Soft Stem,Yellowing Leaves,Branch Weakness,Overwatered
23.29,14.72,Poor,27.83,84.69,96.2,Root Stress,Weak Stem,Leaf Wilting,Slow Growth,Dry_Stress
24.99,19.78,Poor,24.85,80.17,46.4,Root Stress,Weak Stem,Leaf Wilting,Slow Growth,Dry_Stress
34.4,71.28,Good,23.56,63.89,19.89,Healthy Roots,Strong Stem,Green Leaves,Healthy Branches,Healthy
25.86,29.4,Good,39.33,59.56,65.22,Healthy Roots,Strong Stem,Green Leaves,Healthy Branches,Healthy
20.23,26.69,Good,22.8,63.07,56.4,Healthy Roots,Strong Stem,Green Leaves,Healthy Branches,Healthy
22.9,11.79,Poor,39.62,76.66,98.28,Root Stress,Weak Stem,Leaf Wilting,Slow Growth,Dry_Stress
18.11,36.32,Good,21.98,93.44,65.05,Healthy Roots,Strong Stem,Green Leaves,Healthy Branches,Healthy
18.5,16,Poor,36.25,40.05,59.8,Root Stress,Weak Stem,Leaf Wilting,Slow Growth,Dry_Stress
25.76,61.02,Good,26.24,91.47,35.5,Healthy Roots,Strong Stem,Green Leaves,Healthy Branches,Healthy
27.22,10.5,Poor,38.44,87.82,47.28,Root Stress,Weak Stem,Leaf Wilting,Slow Growth,Dry_Stress
22.5,44.93,Good,38.58,71.14,10.45,Healthy Roots,Strong Stem,Green Leaves,Healthy Branches,Healthy
24.84,80.84,Poor,38.54,41.98,19.52,Root Rot Risk,Soft Stem,Yellowing Leaves,Branch Weakness,Overwatered
19.86,55.17,Good,25.4,45.46,63.91,Healthy Roots,Strong Stem,Green Leaves,Healthy Branches,Healthy
29.86,36.37,Good,21.27,82.97,15.92,Healthy Roots,Strong Stem,Green Leaves,Healthy Branches,Healthy
25.07,18.67,Poor,39.6,68.31,91.29,Root Stress,Weak Stem,Leaf Wilting,Slow Growth,Dry_Stress
20.91,86.35,Poor,31.94,63.11,34.85,Root Rot Risk,Soft Stem,Yellowing Leaves,Branch Weakness,Overwatered
26.95,11.47,Poor,24.35,76.82,96.09,Root Stress,Weak Stem,Leaf Wilting,Slow Growth,Dry_Stress
21.75,49.98,Good,29.58,55.03,14.53,Healthy Roots,Strong Stem,Green Leaves,Healthy Branches,Healthy
23.26,39.49,Good,38.24,57.86,56.62,Healthy Roots,Strong Stem,Green Leaves,Healthy Branches,Healthy
20.24,71.51,Good,21.72,77.52,18.48,Healthy Roots,Strong Stem,Green Leaves,Healthy Branches,Healthy
32.05,57.23,Good,32.02,84.53,14.34,Healthy Roots,Strong Stem,Green Leaves,Healthy Branches,Healthy
23.03,85.08,Poor,20.37,92.69,16.74,Root Rot Risk,Soft Stem,Yellowing Leaves,Branch Weakness,Overwatered
35.2,86.15,Poor,27.81,92.43,30.84,Root Rot Risk,Soft Stem,Yellowing Leaves,Branch Weakness,Overwatered
25.3,68.18,Good,33.38,80.27,79.81,Healthy Roots,Strong Stem,Green Leaves,Healthy Branches,Healthy
20.79,48.12,Good,28.17,90.02,86.12,Healthy Roots,Strong Stem,Green Leaves,Healthy Branches,Healthy
30.69,52.71,Good,34.82,46.07,30.11,Healthy Roots,Strong Stem,Green Leaves,Healthy Branches,Healthy
31.2,83.51,Poor,28.53,90.46,5.5,Root Rot Risk,Soft Stem,Yellowing Leaves,Branch Weakness,Overwatered
33.86,68.88,Good,31.09,40.32,77.61,Healthy Roots,Strong Stem,Green Leaves,Healthy Branches,Healthy
20.37,69.9,Good,27.68,82.24,59.61,Healthy Roots,Strong Stem,Green Leaves,Healthy Branches,Healthy
32.22,85.18,Poor,29.68,68.31,28.18,Root Rot Risk,Soft Stem,Yellowing Leaves,Branch Weakness,Overwatered
33.48,39.82,Good,28.33,72.9,39.91,Healthy Roots,Strong Stem,Green Leaves,Healthy Branches,Healthy
23.48,76.43,Poor,24.87,77.28,46.8,Root Rot Risk,Soft Stem,Yellowing Leaves,Branch Weakness,Overwatered
26.18,70.3,Good,22.86,81.36,61.35,Healthy Roots,Strong Stem,Green Leaves,Healthy Branches,Healthy
29.15,40.7,Good,33.72,47.19,59.78,Healthy Roots,Strong Stem,Green Leaves,Healthy Branches,Healthy
22.42,70.4,Good,23.83,78.05,12.57,Healthy Roots,Strong Stem,Green Leaves,Healthy Branches,Healthy
33.68,18.55,Poor,20.55,60.49,52.58,Root Stress,Weak Stem,Leaf Wilting,Slow Growth,Dry_Stress
30.59,11.43,Poor,39.33,83.89,99.06,Root Stress,Weak Stem,Leaf Wilting,Slow Growth,Dry_Stress
33.42,79.91,Poor,23.21,71.4,17.69,Root Rot Risk,Soft Stem,Yellowing Leaves,Branch Weakness,Overwatered
26.1,88.17,Poor,22,66.36,53.18,Root Rot Risk,Soft Stem,Yellowing Leaves,Branch Weakness,Overwatered
27.34,44.62,Good,31.75,62.61,29.5,Healthy Roots,Strong Stem,Green Leaves,Healthy Branches,Healthy
21.5,41.18,Good,28.13,41.95,39.3,Healthy Roots,Strong Stem,Green Leaves,Healthy Branches,Healthy
23.65,28.14,Good,34.59,93.65,60.3,Healthy Roots,Strong Stem,Green Leaves,Healthy Branches,Healthy
31.13,84.95,Poor,31.27,52.5,76.98,Root Rot Risk,Soft Stem,Yellowing Leaves,Branch Weakness,Overwatered
35.26,30.83,Good,31.39,48.41,48.41,Healthy Roots,Strong Stem,Green Leaves,Healthy Branches,Healthy
20.74,61.69,Good,33.32,72.95,37.7,Healthy Roots,Strong Stem,Green Leaves,Healthy Branches,Healthy
18.91,75.25,Poor,23.26,50.94,90.61,Root Rot Risk,Soft Stem,Yellowing Leaves,Branch Weakness,Overwatered
19.21,46.24,Good,35.34,90.11,99.99,Healthy Roots,Strong Stem,Green Leaves,Healthy Branches,Healthy
25.84,86.63,Poor,28.04,88.41,77.01,Root Rot Risk,Soft Stem,Yellowing Leaves,Branch Weakness,Overwatered
32.27,39.25,Good,34.44,76.23,44.07,Healthy Roots,Strong Stem,Green Leaves,Healthy Branches,Healthy
22.05,72.12,Good,30.68,63.15,58.93,Healthy Roots,Strong Stem,Green Leaves,Healthy Branches,Healthy
26.59,27.14,Good,22.07,48.29,51.09,Healthy Roots,Strong Stem,Green Leaves,Healthy Branches,Healthy
27.28,48.49,Good,24.64,51.92,99.99,Healthy Roots,Strong Stem,Green Leaves,Healthy Branches,Healthy
33.08,65.9,Good,27.98,46.11,82.6,Healthy Roots,Strong Stem,Green Leaves,Healthy Branches,Healthy
20.95,30.23,Good,20.01,47.38,65.43,Healthy Roots,Strong Stem,Green Leaves,Healthy Branches,Healthy
18.26,76.66,Poor,30.79,80.58,98.65,Root Rot Risk,Soft Stem,Yellowing Leaves,Branch Weakness,Overwatered
27.12,85.21,Poor,21.63,49.59,4.47,Root Rot Risk,Soft Stem,Yellowing Leaves,Branch Weakness,Overwatered
24.39,33.13,Good,30.39,47.43,40.12,Healthy Roots,Strong Stem,Green Leaves,Healthy Branches,Healthy
23.26,49.53,Good,39.67,73.51,24.45,Healthy Roots,Strong Stem,Green Leaves,Healthy Branches,Healthy
31.9,11.35,Poor,38.21,67.17,56.47,Root Stress,Weak Stem,Leaf Wilting,Slow Growth,Dry_Stress
30.3,42.35,Good,32.9,64.93,48.89,Healthy Roots,Strong Stem,Green Leaves,Healthy Branches,Healthy
19.51,57.8,Good,21.31,66.58,9.75,Healthy Roots,Strong Stem,Green Leaves,Healthy Branches,Healthy
27.87,22.95,Poor,28.4,44.84,21.15,Root Stress,Weak Stem,Leaf Wilting,Slow Growth,Dry_Stress
32.36,88.22,Poor,26.53,73.55,58.01,Root Rot Risk,Soft Stem,Yellowing Leaves,Branch Weakness,Overwatered
34.37,24.04,Poor,24.03,46.43,48.1,Root Stress,Weak Stem,Leaf Wilting,Slow Growth,Dry_Stress
18,50.47,Good,37.09,70.97,44,Healthy Roots,Strong Stem,Green Leaves,Healthy Branches,Healthy
32.54,10.75,Poor,27.17,48.69,62.96,Root Stress,Weak Stem,Leaf Wilting,Slow Growth,Dry_Stress
18.78,33.85,Good,25.25,88.47,72.6,Healthy Roots,Strong Stem,Green Leaves,Healthy Branches,Healthy
30.28,74.29,Good,35.34,61.27,18.29,Healthy Roots,Strong Stem,Green Leaves,Healthy Branches,Healthy
28.76,42.64,Good,23.59,84.96,10.9,Healthy Roots,Strong Stem,Green Leaves,Healthy Branches,Healthy
35.14,78.56,Poor,33.73,41.2,83.82,Root Rot Risk,Soft Stem,Yellowing Leaves,Branch Weakness,Overwatered
29.37,75.56,Poor,26.1,91.42,92.89,Root Rot Risk,Soft Stem,Yellowing Leaves,Branch Weakness,Overwatered
19.26,44.73,Good,31.85,60.27,71.63,Healthy Roots,Strong Stem,Green Leaves,Healthy Branches,Healthy
30.07,22.47,Poor,28.19,94.85,33.87,Root Stress,Weak Stem,Leaf Wilting,Slow Growth,Dry_Stress
22.59,74.77,Good,37.72,87.31,43.37,Healthy Roots,Strong Stem,Green Leaves,Healthy Branches,Healthy
32.97,83.67,Poor,24.28,52.11,11.69,Root Rot Risk,Soft Stem,Yellowing Leaves,Branch Weakness,Overwatered
18.57,29.51,Good,38.01,46.11,55.06,Healthy Roots,Strong Stem,Green Leaves,Healthy Branches,Healthy
23.83,16.01,Poor,21.64,53.87,50.56,Root Stress,Weak Stem,Leaf Wilting,Slow Growth,Dry_Stress
30.18,77.55,Poor,20.93,60.08,58.32,Root Rot Risk,Soft Stem,Yellowing Leaves,Branch Weakness,Overwatered
20.8,58.66,Good,39.83,57.39,89.61,Healthy Roots,Strong Stem,Green Leaves,Healthy Branches,Healthy
29.63,30.78,Good,27.95,92.89,75.06,Healthy Roots,Strong Stem,Green Leaves,Healthy Branches,Healthy
30.55,23.79,Poor,30.6,71.43,25.36,Root Stress,Weak Stem,Leaf Wilting,Slow Growth,Dry_Stress
31.21,49.76,Good,22.6,81.54,4.49,Healthy Roots,Strong Stem,Green Leaves,Healthy Branches,Healthy
33.76,84.17,Poor,38.78,71,63.67,Root Rot Risk,Soft Stem,Yellowing Leaves,Branch Weakness,Overwatered
25.44,23.37,Poor,29.69,70.84,7.62,Root Stress,Weak Stem,Leaf Wilting,Slow Growth,Dry_Stress
20.56,67.78,Good,35.75,47.32,50.2,Healthy Roots,Strong Stem,Green Leaves,Healthy Branches,Healthy
22.69,30.25,Good,32.83,72.22,13.93,Healthy Roots,Strong Stem,Green Leaves,Healthy Branches,Healthy
25.01,57.33,Good,23.94,88,53.34,Healthy Roots,Strong Stem,Green Leaves,Healthy Branches,Healthy
18.98,45.63,Good,32.71,62.47,96.91,Healthy Roots,Strong Stem,Green Leaves,Healthy Branches,Healthy
30.75,55.31,Moderate,24.91,87.96,51.16,Moderate Stress,Possible Fungal Infection,Leaf Spot Risk,Moderate Growth,Disease_Risk
19.13,20.81,Poor,33.1,66.16,44.38,Root Stress,Weak Stem,Leaf Wilting,Slow Growth,Dry_Stress
19.04,79.04,Poor,30.45,73.53,75.82,Root Rot Risk,Soft Stem,Yellowing Leaves,Branch Weakness,Overwatered
34.78,88.77,Poor,21.31,41.7,29.18,Root Rot Risk,Soft Stem,Yellowing Leaves,Branch Weakness,Overwatered
32.51,49.75,Good,26.51,79.12,40.87,Healthy Roots,Strong Stem,Green Leaves,Healthy Branches,Healthy
22.57,42.26,Good,22.85,83.83,99.05,Healthy Roots,Strong Stem,Green Leaves,Healthy Branches,Healthy
24.15,73.21,Good,26.13,83.35,16.28,Healthy Roots,Strong Stem,Green Leaves,Healthy Branches,Healthy
32.87,23.46,Poor,35.97,88.57,75.15,Root Stress,Weak Stem,Leaf Wilting,Slow Growth,Dry_Stress
29.15,15.62,Poor,20.13,63.91,1.07,Root Stress,Weak Stem,Leaf Wilting,Slow Growth,Dry_Stress
22.77,67.3,Good,24.32,92.53,92.57,Healthy Roots,Strong Stem,Green Leaves,Healthy Branches,Healthy
26.08,53.72,Good,36.94,57.55,2.24,Healthy Roots,Strong Stem,Green Leaves,Healthy Branches,Healthy
33.4,60.55,Good,22.7,84.54,57.32,Healthy Roots,Strong Stem,Green Leaves,Healthy Branches,Healthy
18.01,12.31,Poor,25.7,73.63,2.79,Root Stress,Weak Stem,Leaf Wilting,Slow Growth,Dry_Stress
35.86,79.08,Poor,26.98,94.71,70.99,Root Rot Risk,Soft Stem,Yellowing Leaves,Branch Weakness,Overwatered
28.19,63.4,Good,33.46,67.71,96.12,Healthy Roots,Strong Stem,Green Leaves,Healthy Branches,Healthy
21.28,18.97,Poor,39.56,70.28,91.45,Root Stress,Weak Stem,Leaf Wilting,Slow Growth,Dry_Stress
32.4,62.88,Good,29.78,56.73,81.38,Healthy Roots,Strong Stem,Green Leaves,Healthy Branches,Healthy
19.37,88.4,Poor,31.32,61.95,69.32,Root Rot Risk,Soft Stem,Yellowing Leaves,Branch Weakness,Overwatered
25.38,30.58,Good,39.09,94.11,31.35,Healthy Roots,Strong Stem,Green Leaves,Healthy Branches,Healthy
28.32,85.51,Poor,34.17,80.95,14.7,Root Rot Risk,Soft Stem,Yellowing Leaves,Branch Weakness,Overwatered
22.45,86.78,Poor,26.76,75.61,66.11,Root Rot Risk,Soft Stem,Yellowing Leaves,Branch Weakness,Overwatered
33.93,77.32,Poor,35.99,94.04,42.96,Root Rot Risk,Soft Stem,Yellowing Leaves,Branch Weakness,Overwatered
30.54,49.1,Good,26.88,76.19,46.38,Healthy Roots,Strong Stem,Green Leaves,Healthy Branches,Healthy
20.91,45.69,Good,22.87,47.74,7.44,Healthy Roots,Strong Stem,Green Leaves,Healthy Branches,Healthy
20.75,38.95,Good,25.59,43.66,11.55,Healthy Roots,Strong Stem,Green Leaves,Healthy Branches,Healthy
19.11,72.87,Good,27.57,41.34,40.64,Healthy Roots,Strong Stem,Green Leaves,Healthy Branches,Healthy
28.29,22.07,Poor,30.05,90.5,30.54,Root Stress,Weak Stem,Leaf Wilting,Slow Growth,Dry_Stress
21.37,52.64,Good,25.93,88.71,90.75,Healthy Roots,Strong Stem,Green Leaves,Healthy Branches,Healthy
27.77,53.73,Good,35.67,90.1,30.52,Healthy Roots,Strong Stem,Green Leaves,Healthy Branches,Healthy
32.75,84.49,Poor,28.17,46.11,72.68,Root Rot Risk,Soft Stem,Yellowing Leaves,Branch Weakness,Overwatered
33.83,82.69,Poor,38.94,84.59,62.84,Root Rot Risk,Soft Stem,Yellowing Leaves,Branch Weakness,Overwatered
20.09,48.61,Good,38.57,60.3,52.04,Healthy Roots,Strong Stem,Green Leaves,Healthy Branches,Healthy
23.98,57.85,Good,36.38,48.24,50.16,Healthy Roots,Strong Stem,Green Leaves,Healthy Branches,Healthy
25.51,66.55,Good,39.89,61.09,90.21,Healthy Roots,Strong Stem,Green Leaves,Healthy Branches,Healthy
24.9,53.46,Good,24.84,46.03,28.38,Healthy Roots,Strong Stem,Green Leaves,Healthy Branches,Healthy
25.54,32.67,Good,22.65,54.93,66.86,Healthy Roots,Strong Stem,Green Leaves,Healthy Branches,Healthy
26.28,22.72,Poor,27.21,48.3,77.31,Root Stress,Weak Stem,Leaf Wilting,Slow Growth,Dry_Stress
31.62,55.02,Good,31.95,64.13,85.59,Healthy Roots,Strong Stem,Green Leaves,Healthy Branches,Healthy
23.5,44.95,Good,24.63,56.34,98.03,Healthy Roots,Strong Stem,Green Leaves,Healthy Branches,Healthy
24.18,31.63,Good,34.85,66.61,64.71,Healthy Roots,Strong Stem,Green Leaves,Healthy Branches,Healthy
25.02,37.57,Good,32.03,46.99,80.64,Healthy Roots,Strong Stem,Green Leaves,Healthy Branches,Healthy
20.72,13.4,Poor,23.36,85.44,79.67,Root Stress,Weak Stem,Leaf Wilting,Slow Growth,Dry_Stress
29.35,54.4,Good,22.87,86.11,25.57,Healthy Roots,Strong Stem,Green Leaves,Healthy Branches,Healthy
25.2,16.1,Poor,30.63,45.02,81.09,Root Stress,Weak Stem,Leaf Wilting,Slow Growth,Dry_Stress
34.49,18.52,Poor,37.53,89.35,17.95,Root Stress,Weak Stem,Leaf Wilting,Slow Growth,Dry_Stress
32.79,71.77,Good,21.87,44.33,34.11,Healthy Roots,Strong Stem,Green Leaves,Healthy Branches,Healthy
22.14,18.7,Poor,35.45,44.9,2.34,Root Stress,Weak Stem,Leaf Wilting,Slow Growth,Dry_Stress
22.36,65.88,Good,30.81,62.94,76.41,Healthy Roots,Strong Stem,Green Leaves,Healthy Branches,Healthy
32.08,49.16,Moderate,39.04,93.21,88.36,Moderate Stress,Possible Fungal Infection,Leaf Spot Risk,Moderate Growth,Disease_Risk
28.08,29.46,Good,35.1,58.54,12.6,Healthy Roots,Strong Stem,Green Leaves,Healthy Branches,Healthy
18.18,55.67,Good,21.79,72.4,30.5,Healthy Roots,Strong Stem,Green Leaves,Healthy Branches,Healthy
29.34,51.76,Good,39.84,58.64,55.61,Healthy Roots,Strong Stem,Green Leaves,Healthy Branches,Healthy
25.11,82.84,Poor,31.06,91.94,8.4,Root Rot Risk,Soft Stem,Yellowing Leaves,Branch Weakness,Overwatered
32.13,87.16,Poor,38.44,59.19,45,Root Rot Risk,Soft Stem,Yellowing Leaves,Branch Weakness,Overwatered
31.44,47.2,Good,28.34,60.83,32.37,Healthy Roots,Strong Stem,Green Leaves,Healthy Branches,Healthy
34.6,39.18,Good,20.96,75.64,1.85,Healthy Roots,Strong Stem,Green Leaves,Healthy Branches,Healthy
30.59,56.9,Good,38.95,55.73,63.26,Healthy Roots,Strong Stem,Green Leaves,Healthy Branches,Healthy
34.43,18.98,Poor,25.06,55.31,51.22,Root Stress,Weak Stem,Leaf Wilting,Slow Growth,Dry_Stress
23.12,52.22,Good,25.65,46.21,80.66,Healthy Roots,Strong Stem,Green Leaves,Healthy Branches,Healthy
24.1,18,Poor,38.28,68.28,35.21,Root Stress,Weak Stem,Leaf Wilting,Slow Growth,Dry_Stress
19.07,32.02,Good,39.16,77.02,36.51,Healthy Roots,Strong Stem,Green Leaves,Healthy Branches,Healthy
33.6,70.65,Good,35.41,62.73,66.88,Healthy Roots,Strong Stem,Green Leaves,Healthy Branches,Healthy
20.78,71.63,Good,36.9,89.65,91.54,Healthy Roots,Strong Stem,Green Leaves,Healthy Branches,Healthy
27.92,48.17,Good,33.17,53.97,24.34,Healthy Roots,Strong Stem,Green Leaves,Healthy Branches,Healthy
27.17,87.11,Poor,30.57,77.77,31.79,Root Rot Risk,Soft Stem,Yellowing Leaves,Branch Weakness,Overwatered
32.65,22.14,Poor,24.34,74.58,14.56,Root Stress,Weak Stem,Leaf Wilting,Slow Growth,Dry_Stress
24.98,35.02,Good,25.33,71.73,80.21,Healthy Roots,Strong Stem,Green Leaves,Healthy Branches,Healthy
20.57,57.4,Good,37.98,52.17,11.37,Healthy Roots,Strong Stem,Green Leaves,Healthy Branches,Healthy
24.9,45.67,Good,34.72,81.7,80.16,Healthy Roots,Strong Stem,Green Leaves,Healthy Branches,Healthy
18.86,61.87,Good,27.91,77.3,36.21,Healthy Roots,Strong Stem,Green Leaves,Healthy Branches,Healthy
23.43,17.09,Poor,22.94,94.41,3.62,Root Stress,Weak Stem,Leaf Wilting,Slow Growth,Dry_Stress
29.34,67.54,Good,23,79.05,10.68,Healthy Roots,Strong Stem,Green Leaves,Healthy Branches,Healthy
19.03,23.03,Poor,25.53,54.81,44.57,Root Stress,Weak Stem,Leaf Wilting,Slow Growth,Dry_Stress
35.81,31.63,Good,22.15,47.62,95.65,Healthy Roots,Strong Stem,Green Leaves,Healthy Branches,Healthy
27.65,24.37,Poor,26.62,75.16,27.24,Root Stress,Weak Stem,Leaf Wilting,Slow Growth,Dry_Stress
23.4,67.63,Good,20.89,93.61,54.15,Healthy Roots,Strong Stem,Green Leaves,Healthy Branches,Healthy
33.01,13.18,Poor,39.01,45.77,19.16,Root Stress,Weak Stem,Leaf Wilting,Slow Growth,Dry_Stress
20.47,88.17,Poor,39.01,56.17,93.89,Root Rot Risk,Soft Stem,Yellowing Leaves,Branch Weakness,Overwatered
23.8,39.88,Good,27.85,42.18,38.1,Healthy Roots,Strong Stem,Green Leaves,Healthy Branches,Healthy
34.87,28.61,Good,28,48.34,36.72,Healthy Roots,Strong Stem,Green Leaves,Healthy Branches,Healthy
22.32,36.1,Good,25.74,42.61,77.66,Healthy Roots,Strong Stem,Green Leaves,Healthy Branches,Healthy
31.19,49.66,Good,22.37,57.31,53.78,Healthy Roots,Strong Stem,Green Leaves,Healthy Branches,Healthy
19.46,28.41,Good,36.15,50.57,18.89,Healthy Roots,Strong Stem,Green Leaves,Healthy Branches,Healthy
27.58,70.94,Good,24.68,40.81,36.93,Healthy Roots,Strong Stem,Green Leaves,Healthy Branches,Healthy
29.85,70.43,Good,38.83,44.81,81.67,Healthy Roots,Strong Stem,Green Leaves,Healthy Branches,Healthy
21.78,60.33,Good,29.29,76.99,4.82,Healthy Roots,Strong Stem,Green Leaves,Healthy Branches,Healthy
23.9,82.49,Poor,27.22,59.33,58.52,Root Rot Risk,Soft Stem,Yellowing Leaves,Branch Weakness,Overwatered
27.91,67.78,Good,30.25,49.01,11.4,Healthy Roots,Strong Stem,Green Leaves,Healthy Branches,Healthy
28.62,22.83,Poor,35.49,87.53,34.97,Root Stress,Weak Stem,Leaf Wilting,Slow Growth,Dry_Stress
20.78,31.15,Good,31.74,63.67,28.03,Healthy Roots,Strong Stem,Green Leaves,Healthy Branches,Healthy
25.39,48.12,Good,24.42,93.42,82.9,Healthy Roots,Strong Stem,Green Leaves,Healthy Branches,Healthy
36,34.75,Good,38.23,80.54,96.8,Healthy Roots,Strong Stem,Green Leaves,Healthy Branches,Healthy
23.8,41.7,Good,31.29,58.82,76.76,Healthy Roots,Strong Stem,Green Leaves,Healthy Branches,Healthy
32.14,47.96,Good,23.09,65.89,64.47,Healthy Roots,Strong Stem,Green Leaves,Healthy Branches,Healthy
21.63,72.7,Good,34.91,70.18,37.6,Healthy Roots,Strong Stem,Green Leaves,Healthy Branches,Healthy
26.3,53.5,Good,20.51,72.36,98.27,Healthy Roots,Strong Stem,Green Leaves,Healthy Branches,Healthy
27.33,77.02,Poor,27.01,84.48,89.1,Root Rot Risk,Soft Stem,Yellowing Leaves,Branch Weakness,Overwatered
28.73,58.64,Good,28.21,44.82,27.95,Healthy Roots,Strong Stem,Green Leaves,Healthy Branches,Healthy
30.92,10.6,Poor,20.27,90.93,50.39,Root Stress,Weak Stem,Leaf Wilting,Slow Growth,Dry_Stress
32.33,89.02,Poor,26.14,44.04,44.32,Root Rot Risk,Soft Stem,Yellowing Leaves,Branch Weakness,Overwatered
30.6,21.75,Poor,38.17,82.46,8.42,Root Stress,Weak Stem,Leaf Wilting,Slow Growth,Dry_Stress
32.53,41.65,Moderate,32.04,85.77,74.1,Moderate Stress,Possible Fungal Infection,Leaf Spot Risk,Moderate Growth,Disease_Risk
33.95,11.55,Poor,24.79,47.38,84.35,Root Stress,Weak Stem,Leaf Wilting,Slow Growth,Dry_Stress
23.87,52,Good,21.85,90.27,18.79,Healthy Roots,Strong Stem,Green Leaves,Healthy Branches,Healthy
32.89,64.22,Good,34.4,79.99,19.62,Healthy Roots,Strong Stem,Green Leaves,Healthy Branches,Healthy
27.36,33.03,Good,28.05,67.88,98.21,Healthy Roots,Strong Stem,Green Leaves,Healthy Branches,Healthy
22.67,84.28,Poor,22.77,76.37,86.25,Root Rot Risk,Soft Stem,Yellowing Leaves,Branch Weakness,Overwatered
21.12,22,Poor,39.01,53.61,6.63,Root Stress,Weak Stem,Leaf Wilting,Slow Growth,Dry_Stress
31.76,85.89,Poor,23.28,72.76,83.64,Root Rot Risk,Soft Stem,Yellowing Leaves,Branch Weakness,Overwatered
29.46,72.9,Good,36.53,69.2,23.82,Healthy Roots,Strong Stem,Green Leaves,Healthy Branches,Healthy
19.27,22.18,Poor,33.11,82.37,97.17,Root Stress,Weak Stem,Leaf Wilting,Slow Growth,Dry_Stress
28.57,18.24,Poor,20.79,66.87,30.75,Root Stress,Weak Stem,Leaf Wilting,Slow Growth,Dry_Stress
18.8,15.29,Poor,26.74,48.91,68.09,Root Stress,Weak Stem,Leaf Wilting,Slow Growth,Dry_Stress
25.04,56.24,Good,36.14,76.33,13.31,Healthy Roots,Strong Stem,Green Leaves,Healthy Branches,Healthy
28.28,30.07,Good,32.37,78,26.51,Healthy Roots,Strong Stem,Green Leaves,Healthy Branches,Healthy
29.7,87.69,Poor,22.38,58.27,70.43,Root Rot Risk,Soft Stem,Yellowing Leaves,Branch Weakness,Overwatered
20.84,19.23,Poor,24.31,63.22,63.62,Root Stress,Weak Stem,Leaf Wilting,Slow Growth,Dry_Stress
18.81,74.62,Good,29.42,48.73,84.9,Healthy Roots,Strong Stem,Green Leaves,Healthy Branches,Healthy
28.37,40.05,Good,21.22,94.41,81.32,Healthy Roots,Strong Stem,Green Leaves,Healthy Branches,Healthy
32.74,11.16,Poor,25.98,41.24,56.51,Root Stress,Weak Stem,Leaf Wilting,Slow Growth,Dry_Stress
32.34,68.88,Good,32.42,62.46,14.88,Healthy Roots,Strong Stem,Green Leaves,Healthy Branches,Healthy
24.47,57,Good,20.81,76.83,67.26,Healthy Roots,Strong Stem,Green Leaves,Healthy Branches,Healthy
28.39,28.37,Good,35.04,76.4,78.39,Healthy Roots,Strong Stem,Green Leaves,Healthy Branches,Healthy
30.94,38.44,Good,30.63,70.2,65.81,Healthy Roots,Strong Stem,Green Leaves,Healthy Branches,Healthy
33.72,22,Poor,36.29,73.2,22.15,Root Stress,Weak Stem,Leaf Wilting,Slow Growth,Dry_Stress
26.85,20.77,Poor,34.62,78.39,11.24,Root Stress,Weak Stem,Leaf Wilting,Slow Growth,Dry_Stress
33.76,55.56,Good,29.44,76.98,13.56,Healthy Roots,Strong Stem,Green Leaves,Healthy Branches,Healthy
23.72,53.16,Good,20.58,63.94,1.98,Healthy Roots,Strong Stem,Green Leaves,Healthy Branches,Healthy
21.95,26.26,Good,24.41,71.83,12.76,Healthy Roots,Strong Stem,Green Leaves,Healthy Branches,Healthy
23.29,33.79,Good,24.6,92.61,93.37,Healthy Roots,Strong Stem,Green Leaves,Healthy Branches,Healthy
31.14,89.67,Poor,32.59,89.67,9.39,Root Rot Risk,Soft Stem,Yellowing Leaves,Branch Weakness,Overwatered
33.93,38.25,Good,30.97,45.4,27.48,Healthy Roots,Strong Stem,Green Leaves,Healthy Branches,Healthy
26.48,49,Good,24.12,61.62,75.21,Healthy Roots,Strong Stem,Green Leaves,Healthy Branches,Healthy
30.53,22.75,Poor,21.12,64.6,23.08,Root Stress,Weak Stem,Leaf Wilting,Slow Growth,Dry_Stress
20.5,11.97,Poor,34.25,49.79,31.45,Root Stress,Weak Stem,Leaf Wilting,Slow Growth,Dry_Stress
27.13,58.97,Good,37.55,85.31,65.48,Healthy Roots,Strong Stem,Green Leaves,Healthy Branches,Healthy
25.83,29.29,Good,36.81,46.32,5.88,Healthy Roots,Strong Stem,Green Leaves,Healthy Branches,Healthy
25.77,69.45,Good,34.45,47.56,29.6,Healthy Roots,Strong Stem,Green Leaves,Healthy Branches,Healthy
21.38,28.51,Good,23.61,72.77,77.05,Healthy Roots,Strong Stem,Green Leaves,Healthy Branches,Healthy
29.21,39.5,Good,22.37,58.07,68.46,Healthy Roots,Strong Stem,Green Leaves,Healthy Branches,Healthy
30.1,61.8,Good,34.66,45.25,81.83,Healthy Roots,Strong Stem,Green Leaves,Healthy Branches,Healthy
29.45,65.32,Good,31.76,78.43,61.25,Healthy Roots,Strong Stem,Green Leaves,Healthy Branches,Healthy
31.37,37.51,Moderate,25.05,87.98,70.93,Moderate Stress,Possible Fungal Infection,Leaf Spot Risk,Moderate Growth,Disease_Risk
26.25,68.16,Good,30.14,54.47,79.13,Healthy Roots,Strong Stem,Green Leaves,Healthy Branches,Healthy
33.35,55.01,Moderate,38.73,91.64,81.66,Moderate Stress,Possible Fungal Infection,Leaf Spot Risk,Moderate Growth,Disease_Risk
28.28,75.2,Poor,22.3,52.86,5.05,Root Rot Risk,Soft Stem,Yellowing Leaves,Branch Weakness,Overwatered
33.87,70.59,Good,31.93,49.82,81.09,Healthy Roots,Strong Stem,Green Leaves,Healthy Branches,Healthy
25.38,75.73,Poor,38.42,78.84,65.01,Root Rot Risk,Soft Stem,Yellowing Leaves,Branch Weakness,Overwatered
30.6,31.15,Good,26.76,63.98,18.5,Healthy Roots,Strong Stem,Green Leaves,Healthy Branches,Healthy
21.54,16.5,Poor,39.83,88.93,35.29,Root Stress,Weak Stem,Leaf Wilting,Slow Growth,Dry_Stress
19.5,10.23,Poor,24.89,65.49,74.14,Root Stress,Weak Stem,Leaf Wilting,Slow Growth,Dry_Stress
34.77,36.43,Good,25.14,45.96,72.18,Healthy Roots,Strong Stem,Green Leaves,Healthy Branches,Healthy
24.68,43.11,Good,20.86,41.5,49.14,Healthy Roots,Strong Stem,Green Leaves,Healthy Branches,Healthy
18.82,31.23,Good,25.16,41.56,75.05,Healthy Roots,Strong Stem,Green Leaves,Healthy Branches,Healthy
29.13,22.81,Poor,29.83,77.16,80.82,Root Stress,Weak Stem,Leaf Wilting,Slow Growth,Dry_Stress
34.8,44.18,Good,29.33,40.3,2.22,Healthy Roots,Strong Stem,Green Leaves,Healthy Branches,Healthy
31.84,34.45,Moderate,38.25,86.47,62.12,Moderate Stress,Possible Fungal Infection,Leaf Spot Risk,Moderate Growth,Disease_Risk
35.77,12.56,Poor,25.68,68.64,17.18,Root Stress,Weak Stem,Leaf Wilting,Slow Growth,Dry_Stress
34.83,76.96,Poor,22.3,60.81,40.34,Root Rot Risk,Soft Stem,Yellowing Leaves,Branch Weakness,Overwatered
26.2,51.58,Good,29.36,69.68,75.19,Healthy Roots,Strong Stem,Green Leaves,Healthy Branches,Healthy
22.21,24.01,Poor,30.28,76.72,94.9,Root Stress,Weak Stem,Leaf Wilting,Slow Growth,Dry_Stress
19.17,36.4,Good,20.48,54.26,97.01,Healthy Roots,Strong Stem,Green Leaves,Healthy Branches,Healthy
22.9,56.08,Good,33.82,90.87,4.57,Healthy Roots,Strong Stem,Green Leaves,Healthy Branches,Healthy
29.38,17.76,Poor,38.28,49.7,40.02,Root Stress,Weak Stem,Leaf Wilting,Slow Growth,Dry_Stress
34.4,51.57,Good,26.93,47.03,62.57,Healthy Roots,Strong Stem,Green Leaves,Healthy Branches,Healthy
18.03,68.93,Good,31.29,74.45,34.77,Healthy Roots,Strong Stem,Green Leaves,Healthy Branches,Healthy
32.71,23.13,Poor,38.12,80.04,73.95,Root Stress,Weak Stem,Leaf Wilting,Slow Growth,Dry_Stress
31.76,50.71,Good,35.41,63.9,44.09,Healthy Roots,Strong Stem,Green Leaves,Healthy Branches,Healthy
30.44,81.7,Poor,31.41,69.7,27.54,Root Rot Risk,Soft Stem,Yellowing Leaves,Branch Weakness,Overwatered
20.3,66.29,Good,22.25,63.5,44.94,Healthy Roots,Strong Stem,Green Leaves,Healthy Branches,Healthy
18.96,45.77,Good,24.16,59.09,26.67,Healthy Roots,Strong Stem,Green Leaves,Healthy Branches,Healthy
31.26,12.02,Poor,27.44,84.08,27.58,Root Stress,Weak Stem,Leaf Wilting,Slow Growth,Dry_Stress
29.55,84.48,Poor,32.22,89.96,36.55,Root Rot Risk,Soft Stem,Yellowing Leaves,Branch Weakness,Overwatered
24.66,88.54,Poor,24.31,54.32,8.27,Root Rot Risk,Soft Stem,Yellowing Leaves,Branch Weakness,Overwatered
24.22,72.72,Good,21.6,92.67,74.02,Healthy Roots,Strong Stem,Green Leaves,Healthy Branches,Healthy
18.59,28.34,Good,39.42,73.95,44.71,Healthy Roots,Strong Stem,Green Leaves,Healthy Branches,Healthy
35.88,56.61,Good,36.22,60.03,45.41,Healthy Roots,Strong Stem,Green Leaves,Healthy Branches,Healthy
33.06,74.31,Good,33.24,82.91,39.86,Healthy Roots,Strong Stem,Green Leaves,Healthy Branches,Healthy
35.54,52.51,Moderate,34.48,93.28,96.53,Moderate Stress,Possible Fungal Infection,Leaf Spot Risk,Moderate Growth,Disease_Risk
32.72,87.61,Poor,37.01,69.34,83.82,Root Rot Risk,Soft Stem,Yellowing Leaves,Branch Weakness,Overwatered
26.26,57.72,Good,37.66,93.62,1.55,Healthy Roots,Strong Stem,Green Leaves,Healthy Branches,Healthy
33.21,10.47,Poor,22.94,90.75,84.64,Root Stress,Weak Stem,Leaf Wilting,Slow Growth,Dry_Stress
21.57,33.78,Good,24.89,67.77,92.92,Healthy Roots,Strong Stem,Green Leaves,Healthy Branches,Healthy
30.1,89.66,Poor,39.45,41.08,56.23,Root Rot Risk,Soft Stem,Yellowing Leaves,Branch Weakness,Overwatered
22.27,88.47,Poor,28.55,62.97,35.82,Root Rot Risk,Soft Stem,Yellowing Leaves,Branch Weakness,Overwatered
25.06,83.83,Poor,22.75,70.87,97.78,Root Rot Risk,Soft Stem,Yellowing Leaves,Branch Weakness,Overwatered
33.69,26.45,Good,33.65,43.44,34.5,Healthy Roots,Strong Stem,Green Leaves,Healthy Branches,Healthy
25.65,30.33,Good,29.47,43.14,93.43,Healthy Roots,Strong Stem,Green Leaves,Healthy Branches,Healthy
34.09,58.42,Good,25.5,43.12,87.33,Healthy Roots,Strong Stem,Green Leaves,Healthy Branches,Healthy
28.79,12.78,Poor,26.95,43.64,20.88,Root Stress,Weak Stem,Leaf Wilting,Slow Growth,Dry_Stress
23.29,81.28,Poor,34.25,92.45,50.23,Root Rot Risk,Soft Stem,Yellowing Leaves,Branch Weakness,Overwatered
22.69,49.19,Good,25.65,91.17,20.38,Healthy Roots,Strong Stem,Green Leaves,Healthy Branches,Healthy
18.06,68.48,Good,37.99,46.35,62.84,Healthy Roots,Strong Stem,Green Leaves,Healthy Branches,Healthy
28.3,59.08,Good,23.29,81.11,9.9,Healthy Roots,Strong Stem,Green Leaves,Healthy Branches,Healthy
33.09,38.87,Good,35.91,64.04,83.36,Healthy Roots,Strong Stem,Green Leaves,Healthy Branches,Healthy
22.04,82.23,Poor,24.7,47.75,44.54,Root Rot Risk,Soft Stem,Yellowing Leaves,Branch Weakness,Overwatered
26.63,29.56,Good,39.27,87.26,6.18,Healthy Roots,Strong Stem,Green Leaves,Healthy Branches,Healthy
35.71,50.98,Good,20.42,76.91,2.58,Healthy Roots,Strong Stem,Green Leaves,Healthy Branches,Healthy
25.08,43.66,Good,23.78,82.21,1.82,Healthy Roots,Strong Stem,Green Leaves,Healthy Branches,Healthy
34.89,67.47,Good,20.63,51.96,9.15,Healthy Roots,Strong Stem,Green Leaves,Healthy Branches,Healthy
32.88,66.59,Good,36.45,69.78,87.3,Healthy Roots,Strong Stem,Green Leaves,Healthy Branches,Healthy
26.9,46.1,Good,26.71,82.85,11.22,Healthy Roots,Strong Stem,Green Leaves,Healthy Branches,Healthy
29.44,36.44,Good,28.51,79.88,71.73,Healthy Roots,Strong Stem,Green Leaves,Healthy Branches,Healthy
19.18,26.69,Good,24.95,86.02,89.99,Healthy Roots,Strong Stem,Green Leaves,Healthy Branches,Healthy
27.3,13.75,Poor,26.55,77.53,72.44,Root Stress,Weak Stem,Leaf Wilting,Slow Growth,Dry_Stress
31.68,45.21,Good,38.37,41.5,17.27,Healthy Roots,Strong Stem,Green Leaves,Healthy Branches,Healthy
22.15,10.22,Poor,34.18,51.89,54.97,Root Stress,Weak Stem,Leaf Wilting,Slow Growth,Dry_Stress
18.93,38.25,Good,27.34,79.59,37.79,Healthy Roots,Strong Stem,Green Leaves,Healthy Branches,Healthy
18.53,87.48,Poor,20.57,73.93,59,Root Rot Risk,Soft Stem,Yellowing Leaves,Branch Weakness,Overwatered
20.89,62.2,Good,22.02,83.56,90.62,Healthy Roots,Strong Stem,Green Leaves,Healthy Branches,Healthy
22.28,43.1,Good,27.35,71.43,25.09,Healthy Roots,Strong Stem,Green Leaves,Healthy Branches,Healthy
32.5,85.55,Poor,25.64,76.03,61.81,Root Rot Risk,Soft Stem,Yellowing Leaves,Branch Weakness,Overwatered
26.26,89.61,Poor,33.01,90.84,0.31,Root Rot Risk,Soft Stem,Yellowing Leaves,Branch Weakness,Overwatered
27.64,72.13,Good,31.99,45.42,73.36,Healthy Roots,Strong Stem,Green Leaves,Healthy Branches,Healthy
23.64,34.34,Good,23.25,43.86,16.31,Healthy Roots,Strong Stem,Green Leaves,Healthy Branches,Healthy
23.38,80.87,Poor,29.92,93.02,31.29,Root Rot Risk,Soft Stem,Yellowing Leaves,Branch Weakness,Overwatered
27.96,73.27,Good,35.66,80.7,79.94,Healthy Roots,Strong Stem,Green Leaves,Healthy Branches,Healthy
31.42,61.95,Good,21.01,58.54,80.07,Healthy Roots,Strong Stem,Green Leaves,Healthy Branches,Healthy
21.25,47.5,Good,26.91,74.92,38.47,Healthy Roots,Strong Stem,Green Leaves,Healthy Branches,Healthy
25.82,31.56,Good,25.43,77.03,67.35,Healthy Roots,Strong Stem,Green Leaves,Healthy Branches,Healthy
29.59,33.82,Good,36.46,42.06,66.82,Healthy Roots,Strong Stem,Green Leaves,Healthy Branches,Healthy
35.28,51.44,Moderate,29.51,88.07,14.39,Moderate Stress,Possible Fungal Infection,Leaf Spot Risk,Moderate Growth,Disease_Risk
22.85,50.37,Good,34.78,44.14,20.13,Healthy Roots,Strong Stem,Green Leaves,Healthy Branches,Healthy
25.07,46.2,Good,34.49,89.84,22.3,Healthy Roots,Strong Stem,Green Leaves,Healthy Branches,Healthy
28.25,73.64,Good,36.79,45.75,49.91,Healthy Roots,Strong Stem,Green Leaves,Healthy Branches,Healthy
20.55,29.95,Good,25.35,52.82,95.55,Healthy Roots,Strong Stem,Green Leaves,Healthy Branches,Healthy
29.01,19.86,Poor,35.25,60.82,80.42,Root Stress,Weak Stem,Leaf Wilting,Slow Growth,Dry_Stress
35.54,23.71,Poor,34.94,80.59,33.96,Root Stress,Weak Stem,Leaf Wilting,Slow Growth,Dry_Stress
22.92,59.6,Good,20.42,71.92,19.54,Healthy Roots,Strong Stem,Green Leaves,Healthy Branches,Healthy
26.65,12.56,Poor,29.51,88.95,47.48,Root Stress,Weak Stem,Leaf Wilting,Slow Growth,Dry_Stress
20.12,34.94,Good,33.31,56.16,47.97,Healthy Roots,Strong Stem,Green Leaves,Healthy Branches,Healthy
27.33,23.64,Poor,32.34,45.78,0.61,Root Stress,Weak Stem,Leaf Wilting,Slow Growth,Dry_Stress
35.49,12.15,Poor,38.09,83.14,78.34,Root Stress,Weak Stem,Leaf Wilting,Slow Growth,Dry_Stress
27.76,85.47,Poor,24.87,93.13,30.58,Root Rot Risk,Soft Stem,Yellowing Leaves,Branch Weakness,Overwatered
21.84,39.12,Good,33.42,85.83,90.46,Healthy Roots,Strong Stem,Green Leaves,Healthy Branches,Healthy
23.59,82.08,Poor,32.45,52.06,66.2,Root Rot Risk,Soft Stem,Yellowing Leaves,Branch Weakness,Overwatered
29.28,48.52,Good,30.1,66.48,38.69,Healthy Roots,Strong Stem,Green Leaves,Healthy Branches,Healthy
33.43,87.61,Poor,34.67,42.45,89.07,Root Rot Risk,Soft Stem,Yellowing Leaves,Branch Weakness,Overwatered
26.16,21.13,Poor,26.78,91.59,16.03,Root Stress,Weak Stem,Leaf Wilting,Slow Growth,Dry_Stress
26.82,39.69,Good,33.46,57.88,1.44,Healthy Roots,Strong Stem,Green Leaves,Healthy Branches,Healthy
32.57,29.89,Good,29.44,57.57,74.32,Healthy Roots,Strong Stem,Green Leaves,Healthy Branches,Healthy
19.9,69.92,Good,27.1,74.96,7.12,Healthy Roots,Strong Stem,Green Leaves,Healthy Branches,Healthy
35.12,29.45,Good,24.56,48.64,77.94,Healthy Roots,Strong Stem,Green Leaves,Healthy Branches,Healthy
26.37,54.77,Good,31.3,81.48,43.24,Healthy Roots,Strong Stem,Green Leaves,Healthy Branches,Healthy
23.97,25.12,Good,37.74,45.11,26.53,Healthy Roots,Strong Stem,Green Leaves,Healthy Branches,Healthy
32.01,15.34,Poor,23.88,45.33,34.88,Root Stress,Weak Stem,Leaf Wilting,Slow Growth,Dry_Stress
22.62,81.17,Poor,37.56,54.54,98.45,Root Rot Risk,Soft Stem,Yellowing Leaves,Branch Weakness,Overwatered
20.64,71.73,Good,21.69,43.45,10.08,Healthy Roots,Strong Stem,Green Leaves,Healthy Branches,Healthy
22.65,73.51,Good,39.8,72.8,38.58,Healthy Roots,Strong Stem,Green Leaves,Healthy Branches,Healthy
30.11,89.77,Poor,29.37,72.99,94.21,Root Rot Risk,Soft Stem,Yellowing Leaves,Branch Weakness,Overwatered
19.81,78.06,Poor,28.39,48.33,20.54,Root Rot Risk,Soft Stem,Yellowing Leaves,Branch Weakness,Overwatered
26.12,15.59,Poor,37.04,48.43,94.14,Root Stress,Weak Stem,Leaf Wilting,Slow Growth,Dry_Stress
22.24,32.62,Good,22.35,72.61,74.56,Healthy Roots,Strong Stem,Green Leaves,Healthy Branches,Healthy
27.82,43.07,Good,21.32,80.98,3.08,Healthy Roots,Strong Stem,Green Leaves,Healthy Branches,Healthy
20.49,85.91,Poor,36.77,64.44,63.41,Root Rot Risk,Soft Stem,Yellowing Leaves,Branch Weakness,Overwatered
31.93,11.66,Poor,24.34,76.76,26.12,Root Stress,Weak Stem,Leaf Wilting,Slow Growth,Dry_Stress
34.63,69.09,Good,27.29,61.29,24.48,Healthy Roots,Strong Stem,Green Leaves,Healthy Branches,Healthy
23.75,15.26,Poor,36.7,84.69,76,Root Stress,Weak Stem,Leaf Wilting,Slow Growth,Dry_Stress
24.38,23.8,Poor,32.64,68.32,68.67,Root Stress,Weak Stem,Leaf Wilting,Slow Growth,Dry_Stress
28.77,29.66,Good,34.86,64.61,25.61,Healthy Roots,Strong Stem,Green Leaves,Healthy Branches,Healthy
31.3,45.58,Good,39.76,80.18,76.98,Healthy Roots,Strong Stem,Green Leaves,Healthy Branches,Healthy
19.05,82.34,Poor,24.36,52.81,74.53,Root Rot Risk,Soft Stem,Yellowing Leaves,Branch Weakness,Overwatered
30.15,78.66,Poor,29.24,84.88,88.62,Root Rot Risk,Soft Stem,Yellowing Leaves,Branch Weakness,Overwatered
32.66,35.31,Good,20.37,64.24,39.56,Healthy Roots,Strong Stem,Green Leaves,Healthy Branches,Healthy
32.27,88.77,Poor,37.82,59.87,58.73,Root Rot Risk,Soft Stem,Yellowing Leaves,Branch Weakness,Overwatered
25.89,14.89,Poor,37.87,60.91,68.55,Root Stress,Weak Stem,Leaf Wilting,Slow Growth,Dry_Stress
32.81,14.72,Poor,35.05,73.94,75.51,Root Stress,Weak Stem,Leaf Wilting,Slow Growth,Dry_Stress
27.85,48.48,Good,24.23,76.22,65.76,Healthy Roots,Strong Stem,Green Leaves,Healthy Branches,Healthy
21.36,37.22,Good,33.8,52.84,0.75,Healthy Roots,Strong Stem,Green Leaves,Healthy Branches,Healthy
23.14,79.58,Poor,30.2,68.98,17.04,Root Rot Risk,Soft Stem,Yellowing Leaves,Branch Weakness,Overwatered
28.67,12.03,Poor,29.41,71.85,58.68,Root Stress,Weak Stem,Leaf Wilting,Slow Growth,Dry_Stress
27.94,80.68,Poor,28.75,69.07,95.01,Root Rot Risk,Soft Stem,Yellowing Leaves,Branch Weakness,Overwatered
32.44,32.6,Good,20.31,48.18,83.01,Healthy Roots,Strong Stem,Green Leaves,Healthy Branches,Healthy
30.87,73.21,Good,23.23,50.06,64.26,Healthy Roots,Strong Stem,Green Leaves,Healthy Branches,Healthy
21.84,11.31,Poor,20.95,79.24,86.37,Root Stress,Weak Stem,Leaf Wilting,Slow Growth,Dry_Stress
25.15,83.19,Poor,34.59,48.8,69.28,Root Rot Risk,Soft Stem,Yellowing Leaves,Branch Weakness,Overwatered
32.01,76.15,Poor,38.2,51.79,52.62,Root Rot Risk,Soft Stem,Yellowing Leaves,Branch Weakness,Overwatered
26.25,56.66,Good,22.89,67.15,1.04,Healthy Roots,Strong Stem,Green Leaves,Healthy Branches,Healthy
22.05,76.58,Poor,36.3,83.21,64.74,Root Rot Risk,Soft Stem,Yellowing Leaves,Branch Weakness,Overwatered
34.87,74.14,Good,23.89,56.57,29.71,Healthy Roots,Strong Stem,Green Leaves,Healthy Branches,Healthy
26.08,78.4,Poor,22.36,72.45,15.32,Root Rot Risk,Soft Stem,Yellowing Leaves,Branch Weakness,Overwatered
23.56,64.69,Good,26.14,48.21,67.21,Healthy Roots,Strong Stem,Green Leaves,Healthy Branches,Healthy
27.2,87.6,Poor,36.03,44.02,17.86,Root Rot Risk,Soft Stem,Yellowing Leaves,Branch Weakness,Overwatered
23.42,56.2,Good,21.64,90.27,75.98,Healthy Roots,Strong Stem,Green Leaves,Healthy Branches,Healthy
22.87,65.81,Good,23.54,78.15,66.31,Healthy Roots,Strong Stem,Green Leaves,Healthy Branches,Healthy
29.91,48.04,Good,36.5,81.87,54.94,Healthy Roots,Strong Stem,Green Leaves,Healthy Branches,Healthy
32.31,89.03,Poor,21.62,71.22,8.02,Root Rot Risk,Soft Stem,Yellowing Leaves,Branch Weakness,Overwatered
25.36,11.79,Poor,37.08,56.55,65.73,Root Stress,Weak Stem,Leaf Wilting,Slow Growth,Dry_Stress
20.9,68.99,Good,37.82,60.94,82.11,Healthy Roots,Strong Stem,Green Leaves,Healthy Branches,Healthy
26.56,29.39,Good,32.12,63.91,15.49,Healthy Roots,Strong Stem,Green Leaves,Healthy Branches,Healthy
25.23,63.86,Good,26.28,40.3,79.89,Healthy Roots,Strong Stem,Green Leaves,Healthy Branches,Healthy
25.84,24.11,Poor,32.34,72.22,2.15,Root Stress,Weak Stem,Leaf Wilting,Slow Growth,Dry_Stress
22.32,37.39,Good,34.31,53.84,88.77,Healthy Roots,Strong Stem,Green Leaves,Healthy Branches,Healthy
31.85,64.94,Good,22.85,70.14,32.16,Healthy Roots,Strong Stem,Green Leaves,Healthy Branches,Healthy
21.64,42.71,Good,21.61,93.3,58.58,Healthy Roots,Strong Stem,Green Leaves,Healthy Branches,Healthy
18.7,63.15,Good,28.09,81.28,39.38,Healthy Roots,Strong Stem,Green Leaves,Healthy Branches,Healthy
30.6,61.68,Moderate,31.36,85.61,66.34,Moderate Stress,Possible Fungal Infection,Leaf Spot Risk,Moderate Growth,Disease_Risk
31.37,19.14,Poor,39.02,64.11,2.83,Root Stress,Weak Stem,Leaf Wilting,Slow Growth,Dry_Stress
22.3,65.5,Good,36.95,61.58,65.13,Healthy Roots,Strong Stem,Green Leaves,Healthy Branches,Healthy
21.12,32.29,Good,33.54,92.12,69.83,Healthy Roots,Strong Stem,Green Leaves,Healthy Branches,Healthy
28.45,43.98,Good,37.04,94.68,40.29,Healthy Roots,Strong Stem,Green Leaves,Healthy Branches,Healthy
34.55,51.06,Good,27.48,51.53,37.41,Healthy Roots,Strong Stem,Green Leaves,Healthy Branches,Healthy
22.57,40.36,Good,38.02,68.88,36.02,Healthy Roots,Strong Stem,Green Leaves,Healthy Branches,Healthy
27.72,31.11,Good,35.51,89.56,86.88,Healthy Roots,Strong Stem,Green Leaves,Healthy Branches,Healthy
22.76,22.98,Poor,26.51,81.43,74.37,Root Stress,Weak Stem,Leaf Wilting,Slow Growth,Dry_Stress
31.35,60.14,Good,32.26,77.39,24.31,Healthy Roots,Strong Stem,Green Leaves,Healthy Branches,Healthy
26.41,70.42,Good,27.83,76.73,96.45,Healthy Roots,Strong Stem,Green Leaves,Healthy Branches,Healthy
24.82,25.3,Good,26.86,61.88,39.03,Healthy Roots,Strong Stem,Green Leaves,Healthy Branches,Healthy
29.81,58.28,Good,38.94,77.56,13.39,Healthy Roots,Strong Stem,Green Leaves,Healthy Branches,Healthy
27.57,20.51,Poor,35.03,42.08,13.49,Root Stress,Weak Stem,Leaf Wilting,Slow Growth,Dry_Stress
21.62,61.53,Good,31.24,43.76,30.44,Healthy Roots,Strong Stem,Green Leaves,Healthy Branches,Healthy
25.49,33.88,Good,38.21,40.78,14.09,Healthy Roots,Strong Stem,Green Leaves,Healthy Branches,Healthy
35.22,38.68,Good,38.43,44.77,91.83,Healthy Roots,Strong Stem,Green Leaves,Healthy Branches,Healthy
32.42,63.68,Good,22.13,81.54,25.13,Healthy Roots,Strong Stem,Green Leaves,Healthy Branches,Healthy
27.22,47.11,Good,22.04,85.99,32.42,Healthy Roots,Strong Stem,Green Leaves,Healthy Branches,Healthy
29.89,45.96,Good,39.23,51.59,61.35,Healthy Roots,Strong Stem,Green Leaves,Healthy Branches,Healthy
20.56,34.28,Good,23.63,81.67,24.37,Healthy Roots,Strong Stem,Green Leaves,Healthy Branches,Healthy
25.44,75.05,Poor,26.63,48.53,22.59,Root Rot Risk,Soft Stem,Yellowing Leaves,Branch Weakness,Overwatered
34.11,34.3,Good,30.87,53.61,6.71,Healthy Roots,Strong Stem,Green Leaves,Healthy Branches,Healthy
21.39,61.88,Good,25.16,84.71,56.65,Healthy Roots,Strong Stem,Green Leaves,Healthy Branches,Healthy
35.67,14.76,Poor,39.63,88.37,15.53,Root Stress,Weak Stem,Leaf Wilting,Slow Growth,Dry_Stress
33.27,82.83,Poor,29.6,53.73,99.63,Root Rot Risk,Soft Stem,Yellowing Leaves,Branch Weakness,Overwatered
30.35,87.3,Poor,32.42,42.05,87.22,Root Rot Risk,Soft Stem,Yellowing Leaves,Branch Weakness,Overwatered
24.73,24.66,Poor,37.62,88.75,52.2,Root Stress,Weak Stem,Leaf Wilting,Slow Growth,Dry_Stress
19.66,45.3,Good,28.26,92.44,84.73,Healthy Roots,Strong Stem,Green Leaves,Healthy Branches,Healthy
23.3,18.62,Poor,35.92,65.69,53.74,Root Stress,Weak Stem,Leaf Wilting,Slow Growth,Dry_Stress
31.34,43.11,Good,39.71,41.44,27.17,Healthy Roots,Strong Stem,Green Leaves,Healthy Branches,Healthy
25.59,79.45,Poor,35.44,61.94,49.68,Root Rot Risk,Soft Stem,Yellowing Leaves,Branch Weakness,Overwatered
32.45,57.49,Good,31.53,43.89,98.41,Healthy Roots,Strong Stem,Green Leaves,Healthy Branches,Healthy
21.88,21,Poor,35.32,49.92,42.56,Root Stress,Weak Stem,Leaf Wilting,Slow Growth,Dry_Stress
32.83,87.56,Poor,20.68,88.25,39.82,Root Rot Risk,Soft Stem,Yellowing Leaves,Branch Weakness,Overwatered
33.48,54.59,Good,38.85,50.96,6.31,Healthy Roots,Strong Stem,Green Leaves,Healthy Branches,Healthy
31,15.95,Poor,33.07,87.96,67.54,Root Stress,Weak Stem,Leaf Wilting,Slow Growth,Dry_Stress
21.67,39.25,Good,21.25,40.09,97.4,Healthy Roots,Strong Stem,Green Leaves,Healthy Branches,Healthy
22.01,21.66,Poor,28.9,93.83,61.04,Root Stress,Weak Stem,Leaf Wilting,Slow Growth,Dry_Stress
19.16,80.65,Poor,31.92,55.57,80.42,Root Rot Risk,Soft Stem,Yellowing Leaves,Branch Weakness,Overwatered
18.92,41.32,Good,24.96,45.16,93.35,Healthy Roots,Strong Stem,Green Leaves,Healthy Branches,Healthy
31.3,49.97,Good,22.78,44.99,15.36,Healthy Roots,Strong Stem,Green Leaves,Healthy Branches,Healthy
26.85,77.23,Poor,33.53,59.58,99.37,Root Rot Risk,Soft Stem,Yellowing Leaves,Branch Weakness,Overwatered
31.71,55.41,Good,39.27,72.89,77.56,Healthy Roots,Strong Stem,Green Leaves,Healthy Branches,Healthy
23.09,13.88,Poor,29.54,51.85,30.63,Root Stress,Weak Stem,Leaf Wilting,Slow Growth,Dry_Stress
24.21,15.95,Poor,34.27,48.27,33.46,Root Stress,Weak Stem,Leaf Wilting,Slow Growth,Dry_Stress
34.1,23.89,Poor,24.88,56.16,93.61,Root Stress,Weak Stem,Leaf Wilting,Slow Growth,Dry_Stress
35.95,63.97,Good,36.74,48.72,90.6,Healthy Roots,Strong Stem,Green Leaves,Healthy Branches,Healthy
19.83,59.39,Good,39.81,80.54,77.85,Healthy Roots,Strong Stem,Green Leaves,Healthy Branches,Healthy
32.03,38.62,Good,33.14,41.03,81.05,Healthy Roots,Strong Stem,Green Leaves,Healthy Branches,Healthy
28.01,35.05,Good,29,91.27,84.22,Healthy Roots,Strong Stem,Green Leaves,Healthy Branches,Healthy
18.08,16.41,Poor,22.66,87.25,6.53,Root Stress,Weak Stem,Leaf Wilting,Slow Growth,Dry_Stress
29.1,15.57,Poor,38.3,75.72,44.01,Root Stress,Weak Stem,Leaf Wilting,Slow Growth,Dry_Stress
23.04,60.81,Good,26.96,94.5,15.52,Healthy Roots,Strong Stem,Green Leaves,Healthy Branches,Healthy
24.31,73.61,Good,37.17,77.58,93.47,Healthy Roots,Strong Stem,Green Leaves,Healthy Branches,Healthy
35.45,50.18,Good,20.62,79.13,16.44,Healthy Roots,Strong Stem,Green Leaves,Healthy Branches,Healthy
31.37,65.1,Good,27.95,49.25,89.6,Healthy Roots,Strong Stem,Green Leaves,Healthy Branches,Healthy
18.98,45.8,Good,35.95,90.37,52.8,Healthy Roots,Strong Stem,Green Leaves,Healthy Branches,Healthy
30.26,14.35,Poor,22.95,53.94,9.95,Root Stress,Weak Stem,Leaf Wilting,Slow Growth,Dry_Stress
18.23,10.19,Poor,21.28,61.78,87.95,Root Stress,Weak Stem,Leaf Wilting,Slow Growth,Dry_Stress
33.95,74.11,Moderate,25.97,86.5,60.78,Moderate Stress,Possible Fungal Infection,Leaf Spot Risk,Moderate Growth,Disease_Risk
28.74,79.37,Poor,34.3,83.84,53.74,Root Rot Risk,Soft Stem,Yellowing Leaves,Branch Weakness,Overwatered
29.35,88.7,Poor,28.14,70.42,30.67,Root Rot Risk,Soft Stem,Yellowing Leaves,Branch Weakness,Overwatered
18.3,34.6,Good,32.21,48.63,42.64,Healthy Roots,Strong Stem,Green Leaves,Healthy Branches,Healthy
19.51,68.7,Good,33.94,88.03,88.8,Healthy Roots,Strong Stem,Green Leaves,Healthy Branches,Healthy
27.47,69.21,Good,21.62,43.69,46.16,Healthy Roots,Strong Stem,Green Leaves,Healthy Branches,Healthy
24.87,63.25,Good,23.27,87.58,30.69,Healthy Roots,Strong Stem,Green Leaves,Healthy Branches,Healthy
32.73,75.65,Poor,27.74,80.23,29.56,Root Rot Risk,Soft Stem,Yellowing Leaves,Branch Weakness,Overwatered
23.11,86.44,Poor,24.22,84.13,99.77,Root Rot Risk,Soft Stem,Yellowing Leaves,Branch Weakness,Overwatered
25.19,26.14,Good,33.96,49.86,61.64,Healthy Roots,Strong Stem,Green Leaves,Healthy Branches,Healthy
20.16,68.26,Good,25.94,89.93,56.2,Healthy Roots,Strong Stem,Green Leaves,Healthy Branches,Healthy
27.05,43.07,Good,32.62,62.73,98.95,Healthy Roots,Strong Stem,Green Leaves,Healthy Branches,Healthy
35.19,76.18,Poor,34.15,90.54,99.21,Root Rot Risk,Soft Stem,Yellowing Leaves,Branch Weakness,Overwatered
22.79,83,Poor,35.22,76.41,7.16,Root Rot Risk,Soft Stem,Yellowing Leaves,Branch Weakness,Overwatered
32.23,85.31,Poor,36.56,93.48,39.01,Root Rot Risk,Soft Stem,Yellowing Leaves,Branch Weakness,Overwatered
20.95,70.54,Good,33.23,91.12,79.62,Healthy Roots,Strong Stem,Green Leaves,Healthy Branches,Healthy
33.95,83.56,Poor,26.96,40.48,52.49,Root Rot Risk,Soft Stem,Yellowing Leaves,Branch Weakness,Overwatered
27.23,19.44,Poor,20.6,67.55,57.36,Root Stress,Weak Stem,Leaf Wilting,Slow Growth,Dry_Stress
20.26,17.51,Poor,26.16,73.42,27.63,Root Stress,Weak Stem,Leaf Wilting,Slow Growth,Dry_Stress
32.09,43.35,Moderate,34.14,94.47,65.45,Moderate Stress,Possible Fungal Infection,Leaf Spot Risk,Moderate Growth,Disease_Risk
33.98,67.62,Moderate,39.49,89.51,70.15,Moderate Stress,Possible Fungal Infection,Leaf Spot Risk,Moderate Growth,Disease_Risk
20.61,74.56,Good,20.71,73.18,55.25,Healthy Roots,Strong Stem,Green Leaves,Healthy Branches,Healthy
20.11,76.96,Poor,23.84,90.87,72.18,Root Rot Risk,Soft Stem,Yellowing Leaves,Branch Weakness,Overwatered
22.52,20.52,Poor,22.54,92.29,46.88,Root Stress,Weak Stem,Leaf Wilting,Slow Growth,Dry_Stress
27.27,64.72,Good,22.58,84.66,74.55,Healthy Roots,Strong Stem,Green Leaves,Healthy Branches,Healthy
35.1,54.33,Good,23.83,48.31,66.08,Healthy Roots,Strong Stem,Green Leaves,Healthy Branches,Healthy
33.49,23.37,Poor,29.96,40.43,83.58,Root Stress,Weak Stem,Leaf Wilting,Slow Growth,Dry_Stress
23.84,47.95,Good,27.63,61.52,64.39,Healthy Roots,Strong Stem,Green Leaves,Healthy Branches,Healthy
18.67,72.01,Good,39.37,66,48.22,Healthy Roots,Strong Stem,Green Leaves,Healthy Branches,Healthy
28.72,23.22,Poor,20.38,73.05,26.34,Root Stress,Weak Stem,Leaf Wilting,Slow Growth,Dry_Stress
28.35,81.6,Poor,36.83,59.25,60.42,Root Rot Risk,Soft Stem,Yellowing Leaves,Branch Weakness,Overwatered
22.35,23.14,Poor,31.4,56.05,3.64,Root Stress,Weak Stem,Leaf Wilting,Slow Growth,Dry_Stress
28.86,16.54,Poor,24.93,66.47,18.59,Root Stress,Weak Stem,Leaf Wilting,Slow Growth,Dry_Stress
35.67,39.07,Good,36.13,40.62,39.5,Healthy Roots,Strong Stem,Green Leaves,Healthy Branches,Healthy
20.6,72.27,Good,39.01,65.52,78.66,Healthy Roots,Strong Stem,Green Leaves,Healthy Branches,Healthy
23.67,72.01,Good,20.14,65.27,87.01,Healthy Roots,Strong Stem,Green Leaves,Healthy Branches,Healthy
33.26,79.2,Poor,39.35,42.68,90.27,Root Rot Risk,Soft Stem,Yellowing Leaves,Branch Weakness,Overwatered
20.87,24.37,Poor,21.19,45.84,49.42,Root Stress,Weak Stem,Leaf Wilting,Slow Growth,Dry_Stress
20.32,27.44,Good,22.54,42.29,86.4,Healthy Roots,Strong Stem,Green Leaves,Healthy Branches,Healthy
21.1,26.47,Good,27.64,45.36,35.75,Healthy Roots,Strong Stem,Green Leaves,Healthy Branches,Healthy
31.85,26.58,Good,22.57,54.75,23.12,Healthy Roots,Strong Stem,Green Leaves,Healthy Branches,Healthy
20.29,43.81,Good,25.43,74.41,73.49,Healthy Roots,Strong Stem,Green Leaves,Healthy Branches,Healthy
19.64,89.6,Poor,32.31,82.53,5.52,Root Rot Risk,Soft Stem,Yellowing Leaves,Branch Weakness,Overwatered
29.29,64.19,Good,37.12,75.8,99.53,Healthy Roots,Strong Stem,Green Leaves,Healthy Branches,Healthy
31.8,37.2,Good,24.7,67.93,36.7,Healthy Roots,Strong Stem,Green Leaves,Healthy Branches,Healthy
31.61,86.8,Poor,37.18,65.08,89.32,Root Rot Risk,Soft Stem,Yellowing Leaves,Branch Weakness,Overwatered
25.8,54.99,Good,38.69,86.73,15.14,Healthy Roots,Strong Stem,Green Leaves,Healthy Branches,Healthy
34.5,13.1,Poor,26.42,89.3,80.92,Root Stress,Weak Stem,Leaf Wilting,Slow Growth,Dry_Stress
20.72,15.87,Poor,34.02,40.89,60.5,Root Stress,Weak Stem,Leaf Wilting,Slow Growth,Dry_Stress
25.95,54.32,Good,23.05,69.46,78.97,Healthy Roots,Strong Stem,Green Leaves,Healthy Branches,Healthy
24.65,25.54,Good,25.4,62.69,47.54,Healthy Roots,Strong Stem,Green Leaves,Healthy Branches,Healthy
27.83,31.53,Good,36.24,93.6,43.18,Healthy Roots,Strong Stem,Green Leaves,Healthy Branches,Healthy
21.48,39.82,Good,21.08,78.36,42.84,Healthy Roots,Strong Stem,Green Leaves,Healthy Branches,Healthy
20.65,57.72,Good,35.36,70.64,17.68,Healthy Roots,Strong Stem,Green Leaves,Healthy Branches,Healthy
35.7,84.49,Poor,39.61,48.96,54.51,Root Rot Risk,Soft Stem,Yellowing Leaves,Branch Weakness,Overwatered
23.44,17.05,Poor,34.96,93.43,94.27,Root Stress,Weak Stem,Leaf Wilting,Slow Growth,Dry_Stress
26.99,83.84,Poor,36.1,49.43,43.95,Root Rot Risk,Soft Stem,Yellowing Leaves,Branch Weakness,Overwatered
34.49,44.42,Good,20.81,71.84,45.05,Healthy Roots,Strong Stem,Green Leaves,Healthy Branches,Healthy
23.45,34.87,Good,21.72,45.05,2.07,Healthy Roots,Strong Stem,Green Leaves,Healthy Branches,Healthy
24.6,33.09,Good,29.63,47.93,32.39,Healthy Roots,Strong Stem,Green Leaves,Healthy Branches,Healthy
28.14,38.54,Good,31.28,52.1,1.05,Healthy Roots,Strong Stem,Green Leaves,Healthy Branches,Healthy
19.23,43.62,Good,34.98,92.39,49.38,Healthy Roots,Strong Stem,Green Leaves,Healthy Branches,Healthy
18.42,41.71,Good,25.4,75.43,72.08,Healthy Roots,Strong Stem,Green Leaves,Healthy Branches,Healthy
29.39,77.73,Poor,20.55,77.37,82.53,Root Rot Risk,Soft Stem,Yellowing Leaves,Branch Weakness,Overwatered
24.68,37.12,Good,28.31,41.71,80.08,Healthy Roots,Strong Stem,Green Leaves,Healthy Branches,Healthy
19.43,29.18,Good,37.35,82.66,55.29,Healthy Roots,Strong Stem,Green Leaves,Healthy Branches,Healthy
23.16,84.54,Poor,28.95,71.57,88.49,Root Rot Risk,Soft Stem,Yellowing Leaves,Branch Weakness,Overwatered
30.48,72.29,Good,21.84,82.92,68.76,Healthy Roots,Strong Stem,Green Leaves,Healthy Branches,Healthy
31.67,12.26,Poor,32.66,75.5,79.74,Root Stress,Weak Stem,Leaf Wilting,Slow Growth,Dry_Stress
27.1,54.44,Good,32.26,71.1,15.42,Healthy Roots,Strong Stem,Green Leaves,Healthy Branches,Healthy
21.97,60.13,Good,29.69,42.67,40.11,Healthy Roots,Strong Stem,Green Leaves,Healthy Branches,Healthy
33.11,21.85,Poor,38.7,64.65,65.01,Root Stress,Weak Stem,Leaf Wilting,Slow Growth,Dry_Stress
21.74,36.63,Good,38.62,63.82,38.71,Healthy Roots,Strong Stem,Green Leaves,Healthy Branches,Healthy
31.62,24.47,Poor,20.49,83.07,19.89,Root Stress,Weak Stem,Leaf Wilting,Slow Growth,Dry_Stress
20.76,16.82,Poor,36.88,59.78,51.79,Root Stress,Weak Stem,Leaf Wilting,Slow Growth,Dry_Stress
34.83,50.99,Good,32.52,84.37,86.78,Healthy Roots,Strong Stem,Green Leaves,Healthy Branches,Healthy
31.92,15.88,Poor,34.2,81.41,75.06,Root Stress,Weak Stem,Leaf Wilting,Slow Growth,Dry_Stress
27.02,46.88,Good,25.09,46.17,18.73,Healthy Roots,Strong Stem,Green Leaves,Healthy Branches,Healthy
25.82,48.26,Good,36.45,46.13,40.65,Healthy Roots,Strong Stem,Green Leaves,Healthy Branches,Healthy
28.31,57.75,Good,39.69,76.78,0.93,Healthy Roots,Strong Stem,Green Leaves,Healthy Branches,Healthy
29.9,78.37,Poor,32.59,64.16,38.83,Root Rot Risk,Soft Stem,Yellowing Leaves,Branch Weakness,Overwatered
28.04,12.13,Poor,22.02,80.75,42.04,Root Stress,Weak Stem,Leaf Wilting,Slow Growth,Dry_Stress
30.52,24.26,Poor,33.15,51.94,15.46,Root Stress,Weak Stem,Leaf Wilting,Slow Growth,Dry_Stress
19.58,63.42,Good,38.03,79.96,77.55,Healthy Roots,Strong Stem,Green Leaves,Healthy Branches,Healthy
25.51,44.23,Good,36.67,51.49,4.2,Healthy Roots,Strong Stem,Green Leaves,Healthy Branches,Healthy
31.56,24.38,Poor,30.54,50.39,8.25,Root Stress,Weak Stem,Leaf Wilting,Slow Growth,Dry_Stress
25.89,25.18,Good,23.86,86.69,65.29,Healthy Roots,Strong Stem,Green Leaves,Healthy Branches,Healthy
35.47,24.99,Poor,22.89,86.61,55.34,Root Stress,Weak Stem,Leaf Wilting,Slow Growth,Dry_Stress
27.61,83.66,Poor,31.74,71.59,25.85,Root Rot Risk,Soft Stem,Yellowing Leaves,Branch Weakness,Overwatered
23.6,40.47,Good,22.06,94.32,66.77,Healthy Roots,Strong Stem,Green Leaves,Healthy Branches,Healthy
34.06,56.06,Moderate,28.94,93.53,8.96,Moderate Stress,Possible Fungal Infection,Leaf Spot Risk,Moderate Growth,Disease_Risk
25.6,55.72,Good,38.62,78.76,68.78,Healthy Roots,Strong Stem,Green Leaves,Healthy Branches,Healthy
27.83,70.41,Good,30.95,80.11,91.56,Healthy Roots,Strong Stem,Green Leaves,Healthy Branches,Healthy
29.54,48.56,Good,26.02,80.28,97.03,Healthy Roots,Strong Stem,Green Leaves,Healthy Branches,Healthy
33.41,40.88,Good,23.91,77.05,87.71,Healthy Roots,Strong Stem,Green Leaves,Healthy Branches,Healthy
21.77,67.09,Good,34.68,43.1,63.15,Healthy Roots,Strong Stem,Green Leaves,Healthy Branches,Healthy
33.73,36,Moderate,21.55,86.62,89.62,Moderate Stress,Possible Fungal Infection,Leaf Spot Risk,Moderate Growth,Disease_Risk
28.33,17.85,Poor,22.65,79.81,28.64,Root Stress,Weak Stem,Leaf Wilting,Slow Growth,Dry_Stress
24.6,89.8,Poor,31.99,54.91,94.76,Root Rot Risk,Soft Stem,Yellowing Leaves,Branch Weakness,Overwatered
24.03,84.64,Poor,20.32,89.15,63.47,Root Rot Risk,Soft Stem,Yellowing Leaves,Branch Weakness,Overwatered
35.67,46.54,Good,22.57,75.71,47.78,Healthy Roots,Strong Stem,Green Leaves,Healthy Branches,Healthy
35.05,67.82,Good,38.16,41.94,91.69,Healthy Roots,Strong Stem,Green Leaves,Healthy Branches,Healthy
27.82,75.37,Poor,32.99,49.73,67.91,Root Rot Risk,Soft Stem,Yellowing Leaves,Branch Weakness,Overwatered
24.23,40.47,Good,21.96,76.4,65.67,Healthy Roots,Strong Stem,Green Leaves,Healthy Branches,Healthy
35.53,24.49,Poor,36.14,59.82,43.17,Root Stress,Weak Stem,Leaf Wilting,Slow Growth,Dry_Stress
18.29,22.76,Poor,38.13,47.77,9.19,Root Stress,Weak Stem,Leaf Wilting,Slow Growth,Dry_Stress
18.88,80.21,Poor,22.69,42.98,29.91,Root Rot Risk,Soft Stem,Yellowing Leaves,Branch Weakness,Overwatered
26.76,89.2,Poor,30.63,71.82,49.81,Root Rot Risk,Soft Stem,Yellowing Leaves,Branch Weakness,Overwatered
28.57,45.9,Good,29.55,85.43,9.39,Healthy Roots,Strong Stem,Green Leaves,Healthy Branches,Healthy
18.12,88.34,Poor,28.66,93.38,16.8,Root Rot Risk,Soft Stem,Yellowing Leaves,Branch Weakness,Overwatered
21.37,47.89,Good,32.86,47.36,72.38,Healthy Roots,Strong Stem,Green Leaves,Healthy Branches,Healthy
19.55,46.22,Good,33.36,56.98,34.38,Healthy Roots,Strong Stem,Green Leaves,Healthy Branches,Healthy
22.5,31.48,Good,22.81,57.83,56.26,Healthy Roots,Strong Stem,Green Leaves,Healthy Branches,Healthy
21.29,55.4,Good,27.9,70.11,95.24,Healthy Roots,Strong Stem,Green Leaves,Healthy Branches,Healthy
20.24,41.25,Good,32.37,45.61,88.05,Healthy Roots,Strong Stem,Green Leaves,Healthy Branches,Healthy
20.33,79.37,Poor,34.87,93.01,58.75,Root Rot Risk,Soft Stem,Yellowing Leaves,Branch Weakness,Overwatered
24.69,86.14,Poor,32.54,42.66,66.19,Root Rot Risk,Soft Stem,Yellowing Leaves,Branch Weakness,Overwatered
20.32,67.07,Good,31.71,67.83,37.42,Healthy Roots,Strong Stem,Green Leaves,Healthy Branches,Healthy
31.92,45.01,Moderate,31.92,94.13,25.28,Moderate Stress,Possible Fungal Infection,Leaf Spot Risk,Moderate Growth,Disease_Risk
25.25,39.28,Good,39.32,73.09,12.64,Healthy Roots,Strong Stem,Green Leaves,Healthy Branches,Healthy
20.1,87.71,Poor,31.68,68.34,61.25,Root Rot Risk,Soft Stem,Yellowing Leaves,Branch Weakness,Overwatered
29.72,64.39,Good,21.47,65.3,14.17,Healthy Roots,Strong Stem,Green Leaves,Healthy Branches,Healthy
32.19,60.14,Good,34.47,79.33,45.99,Healthy Roots,Strong Stem,Green Leaves,Healthy Branches,Healthy
24.47,10.05,Poor,25.9,72.99,8.38,Root Stress,Weak Stem,Leaf Wilting,Slow Growth,Dry_Stress
18.11,88.85,Poor,37.81,82.01,73.3,Root Rot Risk,Soft Stem,Yellowing Leaves,Branch Weakness,Overwatered
29.7,37.03,Good,21.34,79.98,31.81,Healthy Roots,Strong Stem,Green Leaves,Healthy Branches,Healthy
31.57,50.2,Good,35.43,80.35,35.53,Healthy Roots,Strong Stem,Green Leaves,Healthy Branches,Healthy
34.01,23.22,Poor,29.26,72,74.59,Root Stress,Weak Stem,Leaf Wilting,Slow Growth,Dry_Stress
30.84,87.22,Poor,37.4,93.17,19,Root Rot Risk,Soft Stem,Yellowing Leaves,Branch Weakness,Overwatered
28.74,80.6,Poor,24.39,52.96,7.15,Root Rot Risk,Soft Stem,Yellowing Leaves,Branch Weakness,Overwatered
24.18,41.67,Good,35.41,66.39,35.51,Healthy Roots,Strong Stem,Green Leaves,Healthy Branches,Healthy
22.39,73.78,Good,25.23,49.47,34.86,Healthy Roots,Strong Stem,Green Leaves,Healthy Branches,Healthy
19.17,89.77,Poor,34.83,78.09,91.61,Root Rot Risk,Soft Stem,Yellowing Leaves,Branch Weakness,Overwatered
32.75,79.69,Poor,26.97,94.97,19.5,Root Rot Risk,Soft Stem,Yellowing Leaves,Branch Weakness,Overwatered
28.09,18.22,Poor,25.98,80.61,25.8,Root Stress,Weak Stem,Leaf Wilting,Slow Growth,Dry_Stress
23.18,16.36,Poor,31.21,54.3,64.02,Root Stress,Weak Stem,Leaf Wilting,Slow Growth,Dry_Stress
20.24,37.62,Good,31.1,89.67,45.35,Healthy Roots,Strong Stem,Green Leaves,Healthy Branches,Healthy
23.19,49.11,Good,23.8,42.19,9.5,Healthy Roots,Strong Stem,Green Leaves,Healthy Branches,Healthy
31.64,28.66,Good,33.87,81.31,50.79,Healthy Roots,Strong Stem,Green Leaves,Healthy Branches,Healthy
21.88,22.67,Poor,29.9,69.83,79.55,Root Stress,Weak Stem,Leaf Wilting,Slow Growth,Dry_Stress
18.94,28.54,Good,28.14,44.08,90.14,Healthy Roots,Strong Stem,Green Leaves,Healthy Branches,Healthy
24.84,86.62,Poor,21.97,43.95,32.18,Root Rot Risk,Soft Stem,Yellowing Leaves,Branch Weakness,Overwatered
24.04,74.77,Good,39.92,48.72,40.24,Healthy Roots,Strong Stem,Green Leaves,Healthy Branches,Healthy
30.55,22.42,Poor,35.72,87.13,34.89,Root Stress,Weak Stem,Leaf Wilting,Slow Growth,Dry_Stress
28.01,44.37,Good,22.93,43.96,72.53,Healthy Roots,Strong Stem,Green Leaves,Healthy Branches,Healthy
26.51,77.53,Poor,38.26,62.53,69.77,Root Rot Risk,Soft Stem,Yellowing Leaves,Branch Weakness,Overwatered
35.57,31.85,Good,39.87,67.43,76.19,Healthy Roots,Strong Stem,Green Leaves,Healthy Branches,Healthy
33.19,51.71,Good,30.13,57.23,86.33,Healthy Roots,Strong Stem,Green Leaves,Healthy Branches,Healthy
20.31,33.08,Good,29.77,40.56,95.71,Healthy Roots,Strong Stem,Green Leaves,Healthy Branches,Healthy
22.47,84.31,Poor,34.9,43.97,80.56,Root Rot Risk,Soft Stem,Yellowing Leaves,Branch Weakness,Overwatered
25.55,50.9,Good,32.15,82.22,19.73,Healthy Roots,Strong Stem,Green Leaves,Healthy Branches,Healthy
19.29,34.63,Good,27.85,41.35,12.56,Healthy Roots,Strong Stem,Green Leaves,Healthy Branches,Healthy
31.65,68.98,Moderate,24.55,91.73,12.87,Moderate Stress,Possible Fungal Infection,Leaf Spot Risk,Moderate Growth,Disease_Risk
31.83,28.87,Good,31.59,84.02,5.85,Healthy Roots,Strong Stem,Green Leaves,Healthy Branches,Healthy
23.26,30.48,Good,39.77,49.36,94.15,Healthy Roots,Strong Stem,Green Leaves,Healthy Branches,Healthy
34.3,84.07,Poor,38.15,49.97,76.97,Root Rot Risk,Soft Stem,Yellowing Leaves,Branch Weakness,Overwatered
27.94,81.3,Poor,26.33,69.49,13.74,Root Rot Risk,Soft Stem,Yellowing Leaves,Branch Weakness,Overwatered
22.03,24.03,Poor,21.98,47.44,88.53,Root Stress,Weak Stem,Leaf Wilting,Slow Growth,Dry_Stress
29.19,17.97,Poor,38.39,73.1,40.92,Root Stress,Weak Stem,Leaf Wilting,Slow Growth,Dry_Stress
30.11,80.38,Poor,31.41,47.38,65.95,Root Rot Risk,Soft Stem,Yellowing Leaves,Branch Weakness,Overwatered
30.92,44.54,Moderate,21.54,93.19,48.59,Moderate Stress,Possible Fungal Infection,Leaf Spot Risk,Moderate Growth,Disease_Risk
35.48,71.62,Good,26.2,84.06,83.72,Healthy Roots,Strong Stem,Green Leaves,Healthy Branches,Healthy
34.45,37.92,Good,36.67,45.96,58.48,Healthy Roots,Strong Stem,Green Leaves,Healthy Branches,Healthy
25.44,14.95,Poor,21.49,51.97,26.01,Root Stress,Weak Stem,Leaf Wilting,Slow Growth,Dry_Stress
25.77,19.87,Poor,28.71,70.66,68.21,Root Stress,Weak Stem,Leaf Wilting,Slow Growth,Dry_Stress
18.42,47.27,Good,22.13,53.14,13.3,Healthy Roots,Strong Stem,Green Leaves,Healthy Branches,Healthy
25.51,69.54,Good,37.99,64.45,62.81,Healthy Roots,Strong Stem,Green Leaves,Healthy Branches,Healthy
21.19,82.95,Poor,21.81,89.99,51.97,Root Rot Risk,Soft Stem,Yellowing Leaves,Branch Weakness,Overwatered
20.16,34.85,Good,39.33,84.56,33.24,Healthy Roots,Strong Stem,Green Leaves,Healthy Branches,Healthy
32.69,43.71,Good,31.61,51.93,44.94,Healthy Roots,Strong Stem,Green Leaves,Healthy Branches,Healthy
18.39,67.03,Good,28.96,56.93,86.48,Healthy Roots,Strong Stem,Green Leaves,Healthy Branches,Healthy
20.32,65.28,Good,27.45,87.46,73.3,Healthy Roots,Strong Stem,Green Leaves,Healthy Branches,Healthy
29.96,72.5,Good,34.58,68.75,9.19,Healthy Roots,Strong Stem,Green Leaves,Healthy Branches,Healthy
28.21,69.86,Good,31.31,70.25,36.44,Healthy Roots,Strong Stem,Green Leaves,Healthy Branches,Healthy
25.72,52.25,Good,27.79,71.62,84.05,Healthy Roots,Strong Stem,Green Leaves,Healthy Branches,Healthy
32.54,70.54,Good,30.89,81.98,74.24,Healthy Roots,Strong Stem,Green Leaves,Healthy Branches,Healthy
22.29,45.77,Good,31.08,42.67,86.13,Healthy Roots,Strong Stem,Green Leaves,Healthy Branches,Healthy
21.72,72.41,Good,26.35,52.6,32.05,Healthy Roots,Strong Stem,Green Leaves,Healthy Branches,Healthy
27.25,46.82,Good,38.14,48.21,93.94,Healthy Roots,Strong Stem,Green Leaves,Healthy Branches,Healthy
19.92,18.87,Poor,35.78,75.72,99.48,Root Stress,Weak Stem,Leaf Wilting,Slow Growth,Dry_Stress
30.4,74.77,Good,28.59,74.76,10.66,Healthy Roots,Strong Stem,Green Leaves,Healthy Branches,Healthy
34.83,22.65,Poor,32.65,41.42,80.69,Root Stress,Weak Stem,Leaf Wilting,Slow Growth,Dry_Stress
32.61,53.51,Good,30.67,51.03,34.81,Healthy Roots,Strong Stem,Green Leaves,Healthy Branches,Healthy
33.86,68.65,Good,36.99,44.2,22.3,Healthy Roots,Strong Stem,Green Leaves,Healthy Branches,Healthy
19.31,60.42,Good,26.85,93.51,76.81,Healthy Roots,Strong Stem,Green Leaves,Healthy Branches,Healthy
25.63,54.87,Good,29.12,46.96,64.29,Healthy Roots,Strong Stem,Green Leaves,Healthy Branches,Healthy
34.25,88.14,Poor,33.28,54.42,47.37,Root Rot Risk,Soft Stem,Yellowing Leaves,Branch Weakness,Overwatered
33.14,31.11,Moderate,27.49,86.36,86,Moderate Stress,Possible Fungal Infection,Leaf Spot Risk,Moderate Growth,Disease_Risk
28.69,50.09,Good,38.47,92.63,88.85,Healthy Roots,Strong Stem,Green Leaves,Healthy Branches,Healthy
29.78,69.45,Good,31,51.64,83.61,Healthy Roots,Strong Stem,Green Leaves,Healthy Branches,Healthy
22.79,88.45,Poor,27.7,81.01,79.01,Root Rot Risk,Soft Stem,Yellowing Leaves,Branch Weakness,Overwatered
22.77,28.93,Good,38.86,57.97,2.64,Healthy Roots,Strong Stem,Green Leaves,Healthy Branches,Healthy
19.2,12.72,Poor,32.93,44.86,9.05,Root Stress,Weak Stem,Leaf Wilting,Slow Growth,Dry_Stress
34.23,74.62,Good,37.68,47.78,42.71,Healthy Roots,Strong Stem,Green Leaves,Healthy Branches,Healthy
23.2,61.61,Good,21.58,58.76,32.75,Healthy Roots,Strong Stem,Green Leaves,Healthy Branches,Healthy
35.87,45.73,Good,25.2,41.33,12.14,Healthy Roots,Strong Stem,Green Leaves,Healthy Branches,Healthy
18.12,83.05,Poor,33.23,88.87,71.77,Root Rot Risk,Soft Stem,Yellowing Leaves,Branch Weakness,Overwatered
32.38,88.24,Poor,21.98,85.88,67.66,Root Rot Risk,Soft Stem,Yellowing Leaves,Branch Weakness,Overwatered
27.46,39.84,Good,37.27,85,92.91,Healthy Roots,Strong Stem,Green Leaves,Healthy Branches,Healthy
18.76,43.83,Good,28.81,46.13,98.07,Healthy Roots,Strong Stem,Green Leaves,Healthy Branches,Healthy
29.94,54.83,Good,39.73,89.23,87.82,Healthy Roots,Strong Stem,Green Leaves,Healthy Branches,Healthy
30.64,40.89,Good,33.69,70.26,73.9,Healthy Roots,Strong Stem,Green Leaves,Healthy Branches,Healthy
30.59,45.54,Good,22.38,42.87,42.42,Healthy Roots,Strong Stem,Green Leaves,Healthy Branches,Healthy
30.53,28.84,Good,27.43,72.46,10.8,Healthy Roots,Strong Stem,Green Leaves,Healthy Branches,Healthy
30.21,76.81,Poor,31.44,61.06,53.85,Root Rot Risk,Soft Stem,Yellowing Leaves,Branch Weakness,Overwatered
31.82,45.64,Good,26.48,67.48,94.13,Healthy Roots,Strong Stem,Green Leaves,Healthy Branches,Healthy
24.84,82.39,Poor,23.24,43.03,22.28,Root Rot Risk,Soft Stem,Yellowing Leaves,Branch Weakness,Overwatered
35.24,75.71,Poor,37.82,86.35,62.44,Root Rot Risk,Soft Stem,Yellowing Leaves,Branch Weakness,Overwatered
26.69,49.72,Good,29.97,89.27,44.43,Healthy Roots,Strong Stem,Green Leaves,Healthy Branches,Healthy
22.82,26.08,Good,32.24,84.87,77.17,Healthy Roots,Strong Stem,Green Leaves,Healthy Branches,Healthy
35.87,11.16,Poor,30.98,47.62,57.46,Root Stress,Weak Stem,Leaf Wilting,Slow Growth,Dry_Stress
23.03,32.37,Good,27.69,43.6,5.39,Healthy Roots,Strong Stem,Green Leaves,Healthy Branches,Healthy
25.93,74.89,Good,35.81,77.48,49.85,Healthy Roots,Strong Stem,Green Leaves,Healthy Branches,Healthy
30.56,54.33,Good,24.49,84.85,48.33,Healthy Roots,Strong Stem,Green Leaves,Healthy Branches,Healthy
32.37,71.61,Good,37.6,64.15,45.18,Healthy Roots,Strong Stem,Green Leaves,Healthy Branches,Healthy
23.7,17.93,Poor,33.91,86.55,66.58,Root Stress,Weak Stem,Leaf Wilting,Slow Growth,Dry_Stress
18.63,70.33,Good,21.15,71.32,32.56,Healthy Roots,Strong Stem,Green Leaves,Healthy Branches,Healthy
28.4,88.91,Poor,34.18,73.64,59.78,Root Rot Risk,Soft Stem,Yellowing Leaves,Branch Weakness,Overwatered
28.66,12.09,Poor,28.09,63.14,37.74,Root Stress,Weak Stem,Leaf Wilting,Slow Growth,Dry_Stress
31.13,20.68,Poor,37.19,63.18,39.15,Root Stress,Weak Stem,Leaf Wilting,Slow Growth,Dry_Stress
22.7,78.34,Poor,27.03,93.41,39.49,Root Rot Risk,Soft Stem,Yellowing Leaves,Branch Weakness,Overwatered
32.77,40.52,Good,35.88,43.69,57.6,Healthy Roots,Strong Stem,Green Leaves,Healthy Branches,Healthy
31.93,35.73,Good,21.46,50.79,10.89,Healthy Roots,Strong Stem,Green Leaves,Healthy Branches,Healthy
33.51,77.97,Poor,31.77,70.75,63.45,Root Rot Risk,Soft Stem,Yellowing Leaves,Branch Weakness,Overwatered
31.61,80.45,Poor,22.36,46.61,21.03,Root Rot Risk,Soft Stem,Yellowing Leaves,Branch Weakness,Overwatered
30.12,89.41,Poor,37.71,50.11,67.35,Root Rot Risk,Soft Stem,Yellowing Leaves,Branch Weakness,Overwatered
27.97,30.05,Good,25.75,82.61,70.42,Healthy Roots,Strong Stem,Green Leaves,Healthy Branches,Healthy
33.43,56.32,Good,35.91,64.46,12.17,Healthy Roots,Strong Stem,Green Leaves,Healthy Branches,Healthy
22.07,17.91,Poor,35.22,84.57,89.18,Root Stress,Weak Stem,Leaf Wilting,Slow Growth,Dry_Stress
29.97,50.34,Good,25.53,82.72,10.81,Healthy Roots,Strong Stem,Green Leaves,Healthy Branches,Healthy
32.26,77.06,Poor,27.68,70.57,43.63,Root Rot Risk,Soft Stem,Yellowing Leaves,Branch Weakness,Overwatered
31.95,36.63,Good,39.43,67.75,44.57,Healthy Roots,Strong Stem,Green Leaves,Healthy Branches,Healthy
20.33,50.99,Good,29.61,60.26,5.09,Healthy Roots,Strong Stem,Green Leaves,Healthy Branches,Healthy
23.65,63.3,Good,22.11,81.65,82.9,Healthy Roots,Strong Stem,Green Leaves,Healthy Branches,Healthy
34.79,15.72,Poor,37.43,49.9,1.5,Root Stress,Weak Stem,Leaf Wilting,Slow Growth,Dry_Stress
31.94,33.06,Good,34.46,81.19,12.43,Healthy Roots,Strong Stem,Green Leaves,Healthy Branches,Healthy
20.78,39.38,Good,34.8,55.84,50.71,Healthy Roots,Strong Stem,Green Leaves,Healthy Branches,Healthy
26.7,83.27,Poor,23.16,42.84,68.49,Root Rot Risk,Soft Stem,Yellowing Leaves,Branch Weakness,Overwatered
32.59,65.65,Good,30.13,61.53,50.28,Healthy Roots,Strong Stem,Green Leaves,Healthy Branches,Healthy
33.47,59.8,Good,25.78,63.06,97.06,Healthy Roots,Strong Stem,Green Leaves,Healthy Branches,Healthy
27.36,29.22,Good,34.45,74.94,51.14,Healthy Roots,Strong Stem,Green Leaves,Healthy Branches,Healthy
19.83,78.3,Poor,24.26,51.28,98.41,Root Rot Risk,Soft Stem,Yellowing Leaves,Branch Weakness,Overwatered
21.95,28.08,Good,38.97,68.31,18.89,Healthy Roots,Strong Stem,Green Leaves,Healthy Branches,Healthy
18.44,71.6,Good,24.59,63.8,60.21,Healthy Roots,Strong Stem,Green Leaves,Healthy Branches,Healthy
20.98,31.84,Good,32.68,64.76,47.94,Healthy Roots,Strong Stem,Green Leaves,Healthy Branches,Healthy
19.1,85.81,Poor,29.49,60.15,41.94,Root Rot Risk,Soft Stem,Yellowing Leaves,Branch Weakness,Overwatered
30.6,14.29,Poor,38.79,85.69,40.46,Root Stress,Weak Stem,Leaf Wilting,Slow Growth,Dry_Stress
30.62,18.96,Poor,34.14,54.44,72.81,Root Stress,Weak Stem,Leaf Wilting,Slow Growth,Dry_Stress
25.98,81.45,Poor,29.04,47,1.47,Root Rot Risk,Soft Stem,Yellowing Leaves,Branch Weakness,Overwatered
33.86,23.23,Poor,28.43,67.56,27.02,Root Stress,Weak Stem,Leaf Wilting,Slow Growth,Dry_Stress
20.63,56.91,Good,26.04,45.23,57.79,Healthy Roots,Strong Stem,Green Leaves,Healthy Branches,Healthy
21.49,38.73,Good,35.78,91.78,40.66,Healthy Roots,Strong Stem,Green Leaves,Healthy Branches,Healthy
29.01,56.22,Good,26.36,56.43,32.83,Healthy Roots,Strong Stem,Green Leaves,Healthy Branches,Healthy
27.51,59.09,Good,35.52,40.13,80.57,Healthy Roots,Strong Stem,Green Leaves,Healthy Branches,Healthy
20.2,47.93,Good,23.67,77.21,73.3,Healthy Roots,Strong Stem,Green Leaves,Healthy Branches,Healthy
34.32,49.76,Good,34.61,44.58,82.83,Healthy Roots,Strong Stem,Green Leaves,Healthy Branches,Healthy
29.19,68.99,Good,37.3,72.45,66.44,Healthy Roots,Strong Stem,Green Leaves,Healthy Branches,Healthy
28.94,24.62,Poor,34.65,87.1,33.22,Root Stress,Weak Stem,Leaf Wilting,Slow Growth,Dry_Stress
24.72,66.04,Good,25.29,84.5,74.78,Healthy Roots,Strong Stem,Green Leaves,Healthy Branches,Healthy
28.91,12.5,Poor,35.51,45.52,84.66,Root Stress,Weak Stem,Leaf Wilting,Slow Growth,Dry_Stress
19.29,73.08,Good,32.34,42.65,37.34,Healthy Roots,Strong Stem,Green Leaves,Healthy Branches,Healthy
23.42,42.47,Good,24.29,57.04,57.41,Healthy Roots,Strong Stem,Green Leaves,Healthy Branches,Healthy
29.4,64.62,Good,38.51,61.64,76.97,Healthy Roots,Strong Stem,Green Leaves,Healthy Branches,Healthy
28.78,21.92,Poor,32.7,78.77,48.3,Root Stress,Weak Stem,Leaf Wilting,Slow Growth,Dry_Stress
27.47,86.97,Poor,33.15,82.91,35.43,Root Rot Risk,Soft Stem,Yellowing Leaves,Branch Weakness,Overwatered
18.96,83.78,Poor,24.72,47.41,62.98,Root Rot Risk,Soft Stem,Yellowing Leaves,Branch Weakness,Overwatered
23.79,80.05,Poor,22.63,60.39,98.87,Root Rot Risk,Soft Stem,Yellowing Leaves,Branch Weakness,Overwatered
35.72,75.27,Poor,28.74,72.78,75.94,Root Rot Risk,Soft Stem,Yellowing Leaves,Branch Weakness,Overwatered
34.98,70.05,Good,36.92,79.5,21.64,Healthy Roots,Strong Stem,Green Leaves,Healthy Branches,Healthy
32.76,11.64,Poor,26.41,77.58,79.19,Root Stress,Weak Stem,Leaf Wilting,Slow Growth,Dry_Stress
19.15,47.52,Good,35.74,56.45,13.13,Healthy Roots,Strong Stem,Green Leaves,Healthy Branches,Healthy
19.32,26.71,Good,20.6,68.99,69.82,Healthy Roots,Strong Stem,Green Leaves,Healthy Branches,Healthy
21.83,15.89,Poor,36.53,62.67,58.33,Root Stress,Weak Stem,Leaf Wilting,Slow Growth,Dry_Stress
32.9,65.76,Good,37.44,43.91,55.45,Healthy Roots,Strong Stem,Green Leaves,Healthy Branches,Healthy
21.67,89.41,Poor,20.54,49.58,69.27,Root Rot Risk,Soft Stem,Yellowing Leaves,Branch Weakness,Overwatered
22.06,87.8,Poor,31.72,71.55,68.78,Root Rot Risk,Soft Stem,Yellowing Leaves,Branch Weakness,Overwatered
22.69,41.37,Good,30.09,90.04,29.53,Healthy Roots,Strong Stem,Green Leaves,Healthy Branches,Healthy
31.2,28.34,Good,37.02,59.52,94.54,Healthy Roots,Strong Stem,Green Leaves,Healthy Branches,Healthy
27.5,58.25,Good,27.43,55.37,0.92,Healthy Roots,Strong Stem,Green Leaves,Healthy Branches,Healthy
33.49,20.85,Poor,27.42,45.74,20.39,Root Stress,Weak Stem,Leaf Wilting,Slow Growth,Dry_Stress
19.37,75.43,Poor,24.9,89.52,61.17,Root Rot Risk,Soft Stem,Yellowing Leaves,Branch Weakness,Overwatered
18.93,81.65,Poor,22.65,46.79,68.75,Root Rot Risk,Soft Stem,Yellowing Leaves,Branch Weakness,Overwatered
33.23,59,Good,28.35,51.25,13.01,Healthy Roots,Strong Stem,Green Leaves,Healthy Branches,Healthy
19.96,80.68,Poor,30.46,91.56,75.1,Root Rot Risk,Soft Stem,Yellowing Leaves,Branch Weakness,Overwatered
30.87,26.17,Good,35.26,52.54,70.71,Healthy Roots,Strong Stem,Green Leaves,Healthy Branches,Healthy
28.88,80.23,Poor,33.41,62.57,27.55,Root Rot Risk,Soft Stem,Yellowing Leaves,Branch Weakness,Overwatered
21.73,35.59,Good,36.06,53.77,54.12,Healthy Roots,Strong Stem,Green Leaves,Healthy Branches,Healthy
22.68,50.92,Good,27.66,45.1,89.7,Healthy Roots,Strong Stem,Green Leaves,Healthy Branches,Healthy
31.32,83.77,Poor,36.76,52.48,18.8,Root Rot Risk,Soft Stem,Yellowing Leaves,Branch Weakness,Overwatered
18.39,50.36,Good,21.99,81.37,54.19,Healthy Roots,Strong Stem,Green Leaves,Healthy Branches,Healthy
35.2,74.07,Good,37.59,61.54,19.55,Healthy Roots,Strong Stem,Green Leaves,Healthy Branches,Healthy
18.81,27.16,Good,23.18,51.76,28.49,Healthy Roots,Strong Stem,Green Leaves,Healthy Branches,Healthy
20.91,13.81,Poor,27.6,78.52,2.26,Root Stress,Weak Stem,Leaf Wilting,Slow Growth,Dry_Stress
29.52,85.48,Poor,20.13,49.7,85.08,Root Rot Risk,Soft Stem,Yellowing Leaves,Branch Weakness,Overwatered
20.06,83.53,Poor,27.87,54.55,42.21,Root Rot Risk,Soft Stem,Yellowing Leaves,Branch Weakness,Overwatered
35.96,72.75,Good,21.39,62.81,94.44,Healthy Roots,Strong Stem,Green Leaves,Healthy Branches,Healthy
25.79,49.69,Good,34.85,64.04,92.04,Healthy Roots,Strong Stem,Green Leaves,Healthy Branches,Healthy
19.24,28.5,Good,28.48,92.39,18.77,Healthy Roots,Strong Stem,Green Leaves,Healthy Branches,Healthy
20.97,13.26,Poor,33.74,91.58,5.46,Root Stress,Weak Stem,Leaf Wilting,Slow Growth,Dry_Stress
27.76,78.6,Poor,33.93,78.03,55.44,Root Rot Risk,Soft Stem,Yellowing Leaves,Branch Weakness,Overwatered
33.67,81.69,Poor,30.62,56.33,23.36,Root Rot Risk,Soft Stem,Yellowing Leaves,Branch Weakness,Overwatered
22.63,29.35,Good,22.74,80.19,52.72,Healthy Roots,Strong Stem,Green Leaves,Healthy Branches,Healthy
25.19,62.47,Good,25.39,70.08,51.38,Healthy Roots,Strong Stem,Green Leaves,Healthy Branches,Healthy
28.24,50.43,Good,39.07,92.37,71.54,Healthy Roots,Strong Stem,Green Leaves,Healthy Branches,Healthy
29.71,49.34,Good,30.99,42.63,1.29,Healthy Roots,Strong Stem,Green Leaves,Healthy Branches,Healthy
31.02,48.58,Good,22.81,79.02,2.65,Healthy Roots,Strong Stem,Green Leaves,Healthy Branches,Healthy
23.85,51,Good,35.41,77.71,78.86,Healthy Roots,Strong Stem,Green Leaves,Healthy Branches,Healthy
24.67,15.26,Poor,32.21,43.88,81.85,Root Stress,Weak Stem,Leaf Wilting,Slow Growth,Dry_Stress
33.72,28.01,Good,38.41,41.66,88.83,Healthy Roots,Strong Stem,Green Leaves,Healthy Branches,Healthy
34.31,28.89,Good,24.93,43.3,84.12,Healthy Roots,Strong Stem,Green Leaves,Healthy Branches,Healthy
25.51,42.11,Good,22.52,92.06,19.16,Healthy Roots,Strong Stem,Green Leaves,Healthy Branches,Healthy
35.94,40.92,Good,29.04,68.26,96.6,Healthy Roots,Strong Stem,Green Leaves,Healthy Branches,Healthy
21.15,88.49,Poor,24.73,60.52,72.66,Root Rot Risk,Soft Stem,Yellowing Leaves,Branch Weakness,Overwatered
32.82,84.04,Poor,39.31,77.87,38.21,Root Rot Risk,Soft Stem,Yellowing Leaves,Branch Weakness,Overwatered
34.36,65.81,Good,32.53,84.77,39.21,Healthy Roots,Strong Stem,Green Leaves,Healthy Branches,Healthy
28.16,39.62,Good,39.68,45.1,97.92,Healthy Roots,Strong Stem,Green Leaves,Healthy Branches,Healthy
30.45,55.09,Good,31.12,71.45,31.76,Healthy Roots,Strong Stem,Green Leaves,Healthy Branches,Healthy
19.08,48.31,Good,34.77,74.61,75.21,Healthy Roots,Strong Stem,Green Leaves,Healthy Branches,Healthy
33.17,39.56,Good,38.76,65.14,67.06,Healthy Roots,Strong Stem,Green Leaves,Healthy Branches,Healthy
30.3,78.37,Poor,38.01,47.92,56.87,Root Rot Risk,Soft Stem,Yellowing Leaves,Branch Weakness,Overwatered
28.41,71.88,Good,39.53,87.83,86.51,Healthy Roots,Strong Stem,Green Leaves,Healthy Branches,Healthy
28.46,67.11,Good,22.74,40.58,24.2,Healthy Roots,Strong Stem,Green Leaves,Healthy Branches,Healthy
20.88,39.72,Good,20.85,87.16,59.04,Healthy Roots,Strong Stem,Green Leaves,Healthy Branches,Healthy
33.25,42.29,Good,22.58,67.33,17.82,Healthy Roots,Strong Stem,Green Leaves,Healthy Branches,Healthy
27.52,38.84,Good,32.53,76.68,23.91,Healthy Roots,Strong Stem,Green Leaves,Healthy Branches,Healthy
28.94,65.05,Good,34.33,62.24,56.53,Healthy Roots,Strong Stem,Green Leaves,Healthy Branches,Healthy
21.06,68.9,Good,27.31,61.15,9.17,Healthy Roots,Strong Stem,Green Leaves,Healthy Branches,Healthy
29.31,74.69,Good,24.47,48.72,91.92,Healthy Roots,Strong Stem,Green Leaves,Healthy Branches,Healthy
22.29,55.35,Good,35.77,52.27,13.61,Healthy Roots,Strong Stem,Green Leaves,Healthy Branches,Healthy
31.72,33.77,Good,34.64,59.92,5.72,Healthy Roots,Strong Stem,Green Leaves,Healthy Branches,Healthy
18.5,74.09,Good,30.13,59.02,21.62,Healthy Roots,Strong Stem,Green Leaves,Healthy Branches,Healthy
20.24,59.78,Good,38.88,51.3,98.85,Healthy Roots,Strong Stem,Green Leaves,Healthy Branches,Healthy
21.8,87.06,Poor,25.09,91.54,55.92,Root Rot Risk,Soft Stem,Yellowing Leaves,Branch Weakness,Overwatered
25.22,39.84,Good,34.35,48.81,54.76,Healthy Roots,Strong Stem,Green Leaves,Healthy Branches,Healthy
33.67,23.08,Poor,23.04,45.03,55.97,Root Stress,Weak Stem,Leaf Wilting,Slow Growth,Dry_Stress
18.12,77.03,Poor,28.54,57.67,29.7,Root Rot Risk,Soft Stem,Yellowing Leaves,Branch Weakness,Overwatered
28.01,10.14,Poor,21.29,63.54,28.76,Root Stress,Weak Stem,Leaf Wilting,Slow Growth,Dry_Stress
18.65,22.78,Poor,23.29,66.07,6.44,Root Stress,Weak Stem,Leaf Wilting,Slow Growth,Dry_Stress
24.83,58.72,Good,32.69,78.67,63.52,Healthy Roots,Strong Stem,Green Leaves,Healthy Branches,Healthy
23.37,65.24,Good,37.05,65.8,94.62,Healthy Roots,Strong Stem,Green Leaves,Healthy Branches,Healthy
20.95,30.21,Good,27.02,73.26,96.3,Healthy Roots,Strong Stem,Green Leaves,Healthy Branches,Healthy
26.63,12.65,Poor,38.16,75.77,36.9,Root Stress,Weak Stem,Leaf Wilting,Slow Growth,Dry_Stress
24.15,54.34,Good,29.48,86.97,84.4,Healthy Roots,Strong Stem,Green Leaves,Healthy Branches,Healthy
22.71,72.34,Good,28.33,52.15,16.91,Healthy Roots,Strong Stem,Green Leaves,Healthy Branches,Healthy
29.01,89.31,Poor,33.35,51.51,0.07,Root Rot Risk,Soft Stem,Yellowing Leaves,Branch Weakness,Overwatered
22.4,34.83,Good,39.35,49.36,26.39,Healthy Roots,Strong Stem,Green Leaves,Healthy Branches,Healthy
35.5,34.5,Moderate,34.59,88.45,81.12,Moderate Stress,Possible Fungal Infection,Leaf Spot Risk,Moderate Growth,Disease_Risk
22.49,66.56,Good,33.76,70.64,31.38,Healthy Roots,Strong Stem,Green Leaves,Healthy Branches,Healthy
35.79,72.84,Good,36.47,42.62,50.94,Healthy Roots,Strong Stem,Green Leaves,Healthy Branches,Healthy
20.9,32.99,Good,25.41,83.78,66.63,Healthy Roots,Strong Stem,Green Leaves,Healthy Branches,Healthy
35.1,18.83,Poor,31.54,48.98,79.11,Root Stress,Weak Stem,Leaf Wilting,Slow Growth,Dry_Stress
19.13,30.06,Good,26.03,53.56,45.7,Healthy Roots,Strong Stem,Green Leaves,Healthy Branches,Healthy
18.13,30.01,Good,30.72,51.62,48.98,Healthy Roots,Strong Stem,Green Leaves,Healthy Branches,Healthy
19.75,51.05,Good,26.98,67.08,29.38,Healthy Roots,Strong Stem,Green Leaves,Healthy Branches,Healthy
30.73,25.47,Good,30.55,81.13,35.28,Healthy Roots,Strong Stem,Green Leaves,Healthy Branches,Healthy
22.19,15.95,Poor,27.47,78.93,17.32,Root Stress,Weak Stem,Leaf Wilting,Slow Growth,Dry_Stress
22.96,87.23,Poor,29.45,76.7,41.88,Root Rot Risk,Soft Stem,Yellowing Leaves,Branch Weakness,Overwatered
30.12,58.51,Good,35.24,81.59,12.03,Healthy Roots,Strong Stem,Green Leaves,Healthy Branches,Healthy
18.53,11.38,Poor,35.48,58.23,35.36,Root Stress,Weak Stem,Leaf Wilting,Slow Growth,Dry_Stress
27.72,67.2,Good,33.47,44.45,74.29,Healthy Roots,Strong Stem,Green Leaves,Healthy Branches,Healthy
25.21,24.52,Poor,29.63,74.21,84.43,Root Stress,Weak Stem,Leaf Wilting,Slow Growth,Dry_Stress
20.9,41.63,Good,29.48,46.97,45.78,Healthy Roots,Strong Stem,Green Leaves,Healthy Branches,Healthy
34.41,53.91,Moderate,22.59,92.86,81.72,Moderate Stress,Possible Fungal Infection,Leaf Spot Risk,Moderate Growth,Disease_Risk
24.49,68.61,Good,30.12,88.11,72.89,Healthy Roots,Strong Stem,Green Leaves,Healthy Branches,Healthy
23.24,87.05,Poor,31.46,64.74,2.95,Root Rot Risk,Soft Stem,Yellowing Leaves,Branch Weakness,Overwatered
30.5,30.09,Good,29.78,73.61,43.9,Healthy Roots,Strong Stem,Green Leaves,Healthy Branches,Healthy
33.4,13.19,Poor,31.24,81.49,19.93,Root Stress,Weak Stem,Leaf Wilting,Slow Growth,Dry_Stress
22.1,26.01,Good,33.53,74.16,14.07,Healthy Roots,Strong Stem,Green Leaves,Healthy Branches,Healthy
20.29,36.36,Good,35.31,87.87,42.09,Healthy Roots,Strong Stem,Green Leaves,Healthy Branches,Healthy
35.28,27.37,Moderate,23.67,93.27,45.68,Moderate Stress,Possible Fungal Infection,Leaf Spot Risk,Moderate Growth,Disease_Risk
25.69,43.8,Good,26.46,73.65,80.58,Healthy Roots,Strong Stem,Green Leaves,Healthy Branches,Healthy
27.63,44.22,Good,38.94,64.49,3.94,Healthy Roots,Strong Stem,Green Leaves,Healthy Branches,Healthy
26.22,85.86,Poor,20.22,63.69,72.59,Root Rot Risk,Soft Stem,Yellowing Leaves,Branch Weakness,Overwatered
32.9,86,Poor,35.2,43.22,9.45,Root Rot Risk,Soft Stem,Yellowing Leaves,Branch Weakness,Overwatered
25.72,45,Good,28.52,86.87,80.88,Healthy Roots,Strong Stem,Green Leaves,Healthy Branches,Healthy
31.63,39.07,Good,31.31,76.21,35.74,Healthy Roots,Strong Stem,Green Leaves,Healthy Branches,Healthy
27.41,80.73,Poor,28.79,41.29,53.52,Root Rot Risk,Soft Stem,Yellowing Leaves,Branch Weakness,Overwatered
19.43,66.08,Good,34.85,43.7,84.67,Healthy Roots,Strong Stem,Green Leaves,Healthy Branches,Healthy
27.17,80.99,Poor,29.47,60.7,89.32,Root Rot Risk,Soft Stem,Yellowing Leaves,Branch Weakness,Overwatered
33.4,43.85,Moderate,36.32,89.62,25.79,Moderate Stress,Possible Fungal Infection,Leaf Spot Risk,Moderate Growth,Disease_Risk
27.56,11.74,Poor,23.66,93.13,33.19,Root Stress,Weak Stem,Leaf Wilting,Slow Growth,Dry_Stress
25.07,33.89,Good,24.61,94.27,6.27,Healthy Roots,Strong Stem,Green Leaves,Healthy Branches,Healthy
18.46,26.09,Good,37.56,61.32,26.45,Healthy Roots,Strong Stem,Green Leaves,Healthy Branches,Healthy
30.62,59.68,Good,35.66,65.77,19.43,Healthy Roots,Strong Stem,Green Leaves,Healthy Branches,Healthy
25.07,57.22,Good,30.22,83.65,26.88,Healthy Roots,Strong Stem,Green Leaves,Healthy Branches,Healthy
23.82,18.82,Poor,30.41,61.08,87.38,Root Stress,Weak Stem,Leaf Wilting,Slow Growth,Dry_Stress
24.66,74.11,Good,23.05,80.75,53.21,Healthy Roots,Strong Stem,Green Leaves,Healthy Branches,Healthy
25.52,64.49,Good,29.92,50.61,96.5,Healthy Roots,Strong Stem,Green Leaves,Healthy Branches,Healthy
24.04,43.13,Good,38.87,73.17,96.15,Healthy Roots,Strong Stem,Green Leaves,Healthy Branches,Healthy
23.25,45.07,Good,31.84,90.9,63.85,Healthy Roots,Strong Stem,Green Leaves,Healthy Branches,Healthy
26.29,47.38,Good,30.11,94.36,47.34,Healthy Roots,Strong Stem,Green Leaves,Healthy Branches,Healthy
18.84,64.66,Good,25.12,86.46,35.17,Healthy Roots,Strong Stem,Green Leaves,Healthy Branches,Healthy
22.06,48.95,Good,28.12,50.8,77.41,Healthy Roots,Strong Stem,Green Leaves,Healthy Branches,Healthy
25.89,82.11,Poor,35.77,50.73,56.12,Root Rot Risk,Soft Stem,Yellowing Leaves,Branch Weakness,Overwatered
33.93,60.2,Good,32.02,54.68,58.56,Healthy Roots,Strong Stem,Green Leaves,Healthy Branches,Healthy
25.71,38.98,Good,25.98,67.18,51.88,Healthy Roots,Strong Stem,Green Leaves,Healthy Branches,Healthy
28.01,72.17,Good,29.49,88.35,54.5,Healthy Roots,Strong Stem,Green Leaves,Healthy Branches,Healthy
34.08,56.38,Good,34.9,45.24,81.28,Healthy Roots,Strong Stem,Green Leaves,Healthy Branches,Healthy
32.5,25.08,Good,21.29,59.8,2.88,Healthy Roots,Strong Stem,Green Leaves,Healthy Branches,Healthy
30.82,63.11,Good,21.04,77.84,10.98,Healthy Roots,Strong Stem,Green Leaves,Healthy Branches,Healthy
29.15,81.71,Poor,36.69,51.53,28.89,Root Rot Risk,Soft Stem,Yellowing Leaves,Branch Weakness,Overwatered
28.73,46.91,Good,31.12,51.35,1.37,Healthy Roots,Strong Stem,Green Leaves,Healthy Branches,Healthy
21.43,56.33,Good,23.88,88.29,43.35,Healthy Roots,Strong Stem,Green Leaves,Healthy Branches,Healthy
20.43,15.94,Poor,35.49,51.93,16.87,Root Stress,Weak Stem,Leaf Wilting,Slow Growth,Dry_Stress
19,14.49,Poor,28.78,71.02,81.19,Root Stress,Weak Stem,Leaf Wilting,Slow Growth,Dry_Stress
19.69,30.49,Good,20.31,86.02,11.68,Healthy Roots,Strong Stem,Green Leaves,Healthy Branches,Healthy
29.07,86.03,Poor,36.8,64.28,19.7,Root Rot Risk,Soft Stem,Yellowing Leaves,Branch Weakness,Overwatered
28.95,18.43,Poor,30.27,81.47,60.23,Root Stress,Weak Stem,Leaf Wilting,Slow Growth,Dry_Stress
18.67,35.43,Good,33.05,83.15,31.9,Healthy Roots,Strong Stem,Green Leaves,Healthy Branches,Healthy
33.09,62.64,Good,23.24,81.13,92,Healthy Roots,Strong Stem,Green Leaves,Healthy Branches,Healthy
25.95,81.43,Poor,26.58,91.28,22.25,Root Rot Risk,Soft Stem,Yellowing Leaves,Branch Weakness,Overwatered
27.69,86.72,Poor,29.82,72.93,36.17,Root Rot Risk,Soft Stem,Yellowing Leaves,Branch Weakness,Overwatered
19.32,61.26,Good,31.99,78.44,8.84,Healthy Roots,Strong Stem,Green Leaves,Healthy Branches,Healthy
33.45,13.6,Poor,38.22,59.25,71.71,Root Stress,Weak Stem,Leaf Wilting,Slow Growth,Dry_Stress
19.44,45.17,Good,27.51,72.4,50.68,Healthy Roots,Strong Stem,Green Leaves,Healthy Branches,Healthy
21.8,81.88,Poor,28.21,90.02,35.19,Root Rot Risk,Soft Stem,Yellowing Leaves,Branch Weakness,Overwatered
26.37,34.55,Good,33.09,88.2,24.35,Healthy Roots,Strong Stem,Green Leaves,Healthy Branches,Healthy
26.96,10.46,Poor,31.77,59.27,47.41,Root Stress,Weak Stem,Leaf Wilting,Slow Growth,Dry_Stress
27.6,83.9,Poor,22.19,77.73,34.28,Root Rot Risk,Soft Stem,Yellowing Leaves,Branch Weakness,Overwatered
34.85,81.25,Poor,36.03,52.79,91.28,Root Rot Risk,Soft Stem,Yellowing Leaves,Branch Weakness,Overwatered
18.63,68.26,Good,37.24,71.74,18.5,Healthy Roots,Strong Stem,Green Leaves,Healthy Branches,Healthy
30.17,23.34,Poor,22.97,69.09,60.75,Root Stress,Weak Stem,Leaf Wilting,Slow Growth,Dry_Stress
25.74,67.43,Good,25.18,93.52,66.83,Healthy Roots,Strong Stem,Green Leaves,Healthy Branches,Healthy
32.62,20.03,Poor,36.08,45.6,99.66,Root Stress,Weak Stem,Leaf Wilting,Slow Growth,Dry_Stress
30.02,29.91,Good,36.56,84.64,7.21,Healthy Roots,Strong Stem,Green Leaves,Healthy Branches,Healthy
32.63,11.93,Poor,26.87,66.58,21.13,Root Stress,Weak Stem,Leaf Wilting,Slow Growth,Dry_Stress
33.54,27.22,Good,33.7,55.19,77.09,Healthy Roots,Strong Stem,Green Leaves,Healthy Branches,Healthy
32.05,80.97,Poor,26.59,72.44,13.97,Root Rot Risk,Soft Stem,Yellowing Leaves,Branch Weakness,Overwatered
20.38,69.74,Good,35.82,89.8,22.13,Healthy Roots,Strong Stem,Green Leaves,Healthy Branches,Healthy
27.67,64.16,Good,31.48,85.02,78.31,Healthy Roots,Strong Stem,Green Leaves,Healthy Branches,Healthy
31.92,58.14,Good,31.58,46.93,50.79,Healthy Roots,Strong Stem,Green Leaves,Healthy Branches,Healthy
31.94,27.48,Moderate,27.87,90.95,41.06,Moderate Stress,Possible Fungal Infection,Leaf Spot Risk,Moderate Growth,Disease_Risk
34.69,16.94,Poor,38.83,61.04,80.09,Root Stress,Weak Stem,Leaf Wilting,Slow Growth,Dry_Stress
25.49,30.27,Good,29.35,51.57,45.56,Healthy Roots,Strong Stem,Green Leaves,Healthy Branches,Healthy
18.16,78.7,Poor,21.99,76.36,65.77,Root Rot Risk,Soft Stem,Yellowing Leaves,Branch Weakness,Overwatered
31.09,51.32,Good,21.48,74.61,16.81,Healthy Roots,Strong Stem,Green Leaves,Healthy Branches,Healthy
23.01,15.63,Poor,24.76,90.49,55.87,Root Stress,Weak Stem,Leaf Wilting,Slow Growth,Dry_Stress
29.8,32.72,Good,25.88,55.8,21.86,Healthy Roots,Strong Stem,Green Leaves,Healthy Branches,Healthy
18.88,46.09,Good,32.57,45.61,76.1,Healthy Roots,Strong Stem,Green Leaves,Healthy Branches,Healthy
24.4,24.08,Poor,35.85,42.07,9.9,Root Stress,Weak Stem,Leaf Wilting,Slow Growth,Dry_Stress
29.4,18.57,Poor,36.12,61.59,3.25,Root Stress,Weak Stem,Leaf Wilting,Slow Growth,Dry_Stress
20.27,49.17,Good,35.02,68.08,33.43,Healthy Roots,Strong Stem,Green Leaves,Healthy Branches,Healthy
23.71,80.06,Poor,20.61,77.07,61.5,Root Rot Risk,Soft Stem,Yellowing Leaves,Branch Weakness,Overwatered
20.61,28.51,Good,20.34,74.94,65.31,Healthy Roots,Strong Stem,Green Leaves,Healthy Branches,Healthy
34.04,44.77,Good,25.56,46.11,9.42,Healthy Roots,Strong Stem,Green Leaves,Healthy Branches,Healthy
31.94,73.83,Good,31.91,46.66,50.7,Healthy Roots,Strong Stem,Green Leaves,Healthy Branches,Healthy
29.49,55.22,Good,22.79,65,75.47,Healthy Roots,Strong Stem,Green Leaves,Healthy Branches,Healthy
27.36,60.48,Good,23.64,61.48,30.77,Healthy Roots,Strong Stem,Green Leaves,Healthy Branches,Healthy
35.6,67.19,Good,31.1,48.1,6.12,Healthy Roots,Strong Stem,Green Leaves,Healthy Branches,Healthy
22.65,75.15,Poor,31.63,48.1,53.09,Root Rot Risk,Soft Stem,Yellowing Leaves,Branch Weakness,Overwatered
30.7,14.27,Poor,25.81,78.33,18,Root Stress,Weak Stem,Leaf Wilting,Slow Growth,Dry_Stress
19.55,55.67,Good,27.57,77.24,2.27,Healthy Roots,Strong Stem,Green Leaves,Healthy Branches,Healthy
29.19,16.95,Poor,34.88,85.45,75.25,Root Stress,Weak Stem,Leaf Wilting,Slow Growth,Dry_Stress
21.52,22.79,Poor,35.97,53.62,37.81,Root Stress,Weak Stem,Leaf Wilting,Slow Growth,Dry_Stress
18.17,14.12,Poor,27.42,57.15,9.2,Root Stress,Weak Stem,Leaf Wilting,Slow Growth,Dry_Stress
34.37,24.01,Poor,33.37,45.42,56.2,Root Stress,Weak Stem,Leaf Wilting,Slow Growth,Dry_Stress
23.03,79.88,Poor,30.66,90.31,56.65,Root Rot Risk,Soft Stem,Yellowing Leaves,Branch Weakness,Overwatered
35.83,23.54,Poor,34.44,77.78,76.24,Root Stress,Weak Stem,Leaf Wilting,Slow Growth,Dry_Stress
30.24,11.73,Poor,31.48,76.99,35.83,Root Stress,Weak Stem,Leaf Wilting,Slow Growth,Dry_Stress
30.08,30.33,Good,35.82,64.49,34.25,Healthy Roots,Strong Stem,Green Leaves,Healthy Branches,Healthy
30.12,71.54,Good,22.44,40.28,10.9,Healthy Roots,Strong Stem,Green Leaves,Healthy Branches,Healthy
35.86,52.39,Moderate,26.33,90.68,67,Moderate Stress,Possible Fungal Infection,Leaf Spot Risk,Moderate Growth,Disease_Risk
22.05,53.55,Good,37.71,70.27,70.35,Healthy Roots,Strong Stem,Green Leaves,Healthy Branches,Healthy
35.78,62.84,Moderate,20.68,94.52,45.18,Moderate Stress,Possible Fungal Infection,Leaf Spot Risk,Moderate Growth,Disease_Risk
23.79,35.06,Good,29.61,54.31,94.39,Healthy Roots,Strong Stem,Green Leaves,Healthy Branches,Healthy
19.7,73.16,Good,30.18,84.4,12.69,Healthy Roots,Strong Stem,Green Leaves,Healthy Branches,Healthy
34.6,49.46,Good,33.33,61.45,55.65,Healthy Roots,Strong Stem,Green Leaves,Healthy Branches,Healthy
19.75,34.68,Good,35.09,68.32,56.13,Healthy Roots,Strong Stem,Green Leaves,Healthy Branches,Healthy
26.56,30.97,Good,39.79,64.88,12.27,Healthy Roots,Strong Stem,Green Leaves,Healthy Branches,Healthy
33.01,88.63,Poor,26.62,54.79,98.62,Root Rot Risk,Soft Stem,Yellowing Leaves,Branch Weakness,Overwatered
22.98,72.96,Good,35.97,56.9,73.33,Healthy Roots,Strong Stem,Green Leaves,Healthy Branches,Healthy
30.96,54.48,Moderate,25.46,92.98,89.79,Moderate Stress,Possible Fungal Infection,Leaf Spot Risk,Moderate Growth,Disease_Risk
29.55,51.06,Good,23.36,87.65,31.01,Healthy Roots,Strong Stem,Green Leaves,Healthy Branches,Healthy
30.44,58.58,Moderate,29.64,92.81,31.73,Moderate Stress,Possible Fungal Infection,Leaf Spot Risk,Moderate Growth,Disease_Risk
20.71,11.94,Poor,20.39,52.19,80.01,Root Stress,Weak Stem,Leaf Wilting,Slow Growth,Dry_Stress
30.65,16.67,Poor,33.98,47.27,0.21,Root Stress,Weak Stem,Leaf Wilting,Slow Growth,Dry_Stress
33.11,61.86,Good,38.32,83.09,88.52,Healthy Roots,Strong Stem,Green Leaves,Healthy Branches,Healthy
20.54,63.83,Good,26.98,50.94,15.55,Healthy Roots,Strong Stem,Green Leaves,Healthy Branches,Healthy
35.29,81.15,Poor,21.36,60.91,90.2,Root Rot Risk,Soft Stem,Yellowing Leaves,Branch Weakness,Overwatered
35.13,59.27,Good,31.17,84,78.7,Healthy Roots,Strong Stem,Green Leaves,Healthy Branches,Healthy
23.74,69.4,Good,35.4,74.58,71.4,Healthy Roots,Strong Stem,Green Leaves,Healthy Branches,Healthy
35.2,55.23,Moderate,35.02,86.25,74.75,Moderate Stress,Possible Fungal Infection,Leaf Spot Risk,Moderate Growth,Disease_Risk
34.89,42.14,Good,31.31,58.26,83.26,Healthy Roots,Strong Stem,Green Leaves,Healthy Branches,Healthy
20.1,46.51,Good,36.3,59.26,75.8,Healthy Roots,Strong Stem,Green Leaves,Healthy Branches,Healthy
31.39,86.3,Poor,28.11,87.83,80.36,Root Rot Risk,Soft Stem,Yellowing Leaves,Branch Weakness,Overwatered
35.32,84.6,Poor,34.33,68.77,56.58,Root Rot Risk,Soft Stem,Yellowing Leaves,Branch Weakness,Overwatered
32.82,80.65,Poor,24.49,60.5,62.03,Root Rot Risk,Soft Stem,Yellowing Leaves,Branch Weakness,Overwatered
20.39,55.84,Good,28.42,64.45,43.71,Healthy Roots,Strong Stem,Green Leaves,Healthy Branches,Healthy
25.34,27.12,Good,39.12,79.21,23.42,Healthy Roots,Strong Stem,Green Leaves,Healthy Branches,Healthy
28.15,16.28,Poor,25.96,77.36,62.93,Root Stress,Weak Stem,Leaf Wilting,Slow Growth,Dry_Stress
24.69,82.79,Poor,23.42,50.43,8.65,Root Rot Risk,Soft Stem,Yellowing Leaves,Branch Weakness,Overwatered
24.94,18.23,Poor,29.98,93.45,93.02,Root Stress,Weak Stem,Leaf Wilting,Slow Growth,Dry_Stress
19.74,38.45,Good,26.96,87.18,72.02,Healthy Roots,Strong Stem,Green Leaves,Healthy Branches,Healthy
18.13,75.05,Poor,31.88,63.75,53.99,Root Rot Risk,Soft Stem,Yellowing Leaves,Branch Weakness,Overwatered
23.51,26.51,Good,29.24,44.91,80.22,Healthy Roots,Strong Stem,Green Leaves,Healthy Branches,Healthy
25.62,73.79,Good,29.76,88.78,20.1,Healthy Roots,Strong Stem,Green Leaves,Healthy Branches,Healthy
28.42,28.97,Good,33.82,64.45,16.28,Healthy Roots,Strong Stem,Green Leaves,Healthy Branches,Healthy
35.2,72.77,Good,34.98,75.02,94.05,Healthy Roots,Strong Stem,Green Leaves,Healthy Branches,Healthy
19.61,66.92,Good,38.4,49.47,78.24,Healthy Roots,Strong Stem,Green Leaves,Healthy Branches,Healthy
24.25,32.89,Good,25.33,49.11,49.48,Healthy Roots,Strong Stem,Green Leaves,Healthy Branches,Healthy
33.66,36.98,Good,26.78,57.25,9.29,Healthy Roots,Strong Stem,Green Leaves,Healthy Branches,Healthy
32.86,39.01,Good,26.31,81.14,69.53,Healthy Roots,Strong Stem,Green Leaves,Healthy Branches,Healthy
20.02,56.21,Good,32.37,84.77,95.29,Healthy Roots,Strong Stem,Green Leaves,Healthy Branches,Healthy
30.16,82.53,Poor,22.81,63.57,1.94,Root Rot Risk,Soft Stem,Yellowing Leaves,Branch Weakness,Overwatered
19.61,53.7,Good,33.93,78.84,81.74,Healthy Roots,Strong Stem,Green Leaves,Healthy Branches,Healthy
35.02,43.31,Good,21.32,78.34,80.3,Healthy Roots,Strong Stem,Green Leaves,Healthy Branches,Healthy
22.68,41.28,Good,26.43,77.4,91.61,Healthy Roots,Strong Stem,Green Leaves,Healthy Branches,Healthy
28.91,24.03,Poor,27.18,48.63,96.72,Root Stress,Weak Stem,Leaf Wilting,Slow Growth,Dry_Stress
26.47,63.59,Good,35.26,85.11,5.36,Healthy Roots,Strong Stem,Green Leaves,Healthy Branches,Healthy
27.22,49.67,Good,37.7,57.3,63.45,Healthy Roots,Strong Stem,Green Leaves,Healthy Branches,Healthy
21.85,81.61,Poor,23,85.61,50.09,Root Rot Risk,Soft Stem,Yellowing Leaves,Branch Weakness,Overwatered
24.46,51.28,Good,34.88,80.58,18.6,Healthy Roots,Strong Stem,Green Leaves,Healthy Branches,Healthy
23.08,86.46,Poor,38.18,89.16,39.52,Root Rot Risk,Soft Stem,Yellowing Leaves,Branch Weakness,Overwatered
29.08,45.22,Good,37.21,51.13,29.88,Healthy Roots,Strong Stem,Green Leaves,Healthy Branches,Healthy
25.6,51.25,Good,24.93,57.31,86.34,Healthy Roots,Strong Stem,Green Leaves,Healthy Branches,Healthy
28.65,24.59,Poor,30.88,91.59,53.82,Root Stress,Weak Stem,Leaf Wilting,Slow Growth,Dry_Stress
27.66,73.14,Good,32.02,47.46,32.99,Healthy Roots,Strong Stem,Green Leaves,Healthy Branches,Healthy
29.99,12.29,Poor,23.23,75.23,59.26,Root Stress,Weak Stem,Leaf Wilting,Slow Growth,Dry_Stress
35.56,24.33,Poor,25.81,49.81,37.64,Root Stress,Weak Stem,Leaf Wilting,Slow Growth,Dry_Stress
27.6,35.21,Good,26.76,41.54,56.16,Healthy Roots,Strong Stem,Green Leaves,Healthy Branches,Healthy
27.84,77.14,Poor,33.29,59.3,73.58,Root Rot Risk,Soft Stem,Yellowing Leaves,Branch Weakness,Overwatered
29.05,58.89,Good,28.14,61.89,92.91,Healthy Roots,Strong Stem,Green Leaves,Healthy Branches,Healthy
27.85,34.58,Good,35.51,89.98,20.38,Healthy Roots,Strong Stem,Green Leaves,Healthy Branches,Healthy
25.4,83.2,Poor,22.52,64.72,6.02,Root Rot Risk,Soft Stem,Yellowing Leaves,Branch Weakness,Overwatered
22.43,76.52,Poor,32.03,57.5,59.04,Root Rot Risk,Soft Stem,Yellowing Leaves,Branch Weakness,Overwatered
27.66,12.47,Poor,29.87,69.92,88.89,Root Stress,Weak Stem,Leaf Wilting,Slow Growth,Dry_Stress
22.43,29.37,Good,37.33,44.51,34.31,Healthy Roots,Strong Stem,Green Leaves,Healthy Branches,Healthy
29.87,65.78,Good,29.38,47.59,80.48,Healthy Roots,Strong Stem,Green Leaves,Healthy Branches,Healthy
33.95,79.63,Poor,33.15,90.78,90.34,Root Rot Risk,Soft Stem,Yellowing Leaves,Branch Weakness,Overwatered
32.4,69.37,Good,36.68,82.66,46.66,Healthy Roots,Strong Stem,Green Leaves,Healthy Branches,Healthy
32.16,80.71,Poor,34.84,92.72,18.27,Root Rot Risk,Soft Stem,Yellowing Leaves,Branch Weakness,Overwatered
21.84,20.06,Poor,20.79,40.29,19.15,Root Stress,Weak Stem,Leaf Wilting,Slow Growth,Dry_Stress
18.61,10.64,Poor,24.47,90.57,21.67,Root Stress,Weak Stem,Leaf Wilting,Slow Growth,Dry_Stress
21.67,45.29,Good,30.15,85.75,52.14,Healthy Roots,Strong Stem,Green Leaves,Healthy Branches,Healthy
28.26,15.09,Poor,32.36,72.23,8.39,Root Stress,Weak Stem,Leaf Wilting,Slow Growth,Dry_Stress
20.25,62.97,Good,30.63,93.24,90.85,Healthy Roots,Strong Stem,Green Leaves,Healthy Branches,Healthy
19.8,83.26,Poor,32.77,92.65,11.7,Root Rot Risk,Soft Stem,Yellowing Leaves,Branch Weakness,Overwatered
35.96,43.51,Moderate,30.77,89.51,42.46,Moderate Stress,Possible Fungal Infection,Leaf Spot Risk,Moderate Growth,Disease_Risk
24.38,56.35,Good,35.21,40.09,91.14,Healthy Roots,Strong Stem,Green Leaves,Healthy Branches,Healthy
19.14,41.02,Good,34.13,69.88,8.44,Healthy Roots,Strong Stem,Green Leaves,Healthy Branches,Healthy
27.21,23.14,Poor,28.24,92.12,62.12,Root Stress,Weak Stem,Leaf Wilting,Slow Growth,Dry_Stress
30.55,19.42,Poor,20.64,56.59,64.09,Root Stress,Weak Stem,Leaf Wilting,Slow Growth,Dry_Stress
26.28,67.27,Good,35.82,81.58,61.91,Healthy Roots,Strong Stem,Green Leaves,Healthy Branches,Healthy
20.36,82.35,Poor,32.63,73.68,53.99,Root Rot Risk,Soft Stem,Yellowing Leaves,Branch Weakness,Overwatered
27.27,39.21,Good,26.18,73.46,12.29,Healthy Roots,Strong Stem,Green Leaves,Healthy Branches,Healthy
19.24,20.86,Poor,27.3,71.43,79.62,Root Stress,Weak Stem,Leaf Wilting,Slow Growth,Dry_Stress
31.15,76.35,Poor,23.01,48.46,0.13,Root Rot Risk,Soft Stem,Yellowing Leaves,Branch Weakness,Overwatered
34.9,30.98,Good,22.88,40.95,95.39,Healthy Roots,Strong Stem,Green Leaves,Healthy Branches,Healthy
18.75,71.39,Good,33.91,52.42,81.57,Healthy Roots,Strong Stem,Green Leaves,Healthy Branches,Healthy
28.27,62.19,Good,31.15,85.14,84.35,Healthy Roots,Strong Stem,Green Leaves,Healthy Branches,Healthy
32.96,34.81,Good,33.37,43.89,90.89,Healthy Roots,Strong Stem,Green Leaves,Healthy Branches,Healthy
29.53,50.91,Good,29.11,42.05,26.2,Healthy Roots,Strong Stem,Green Leaves,Healthy Branches,Healthy
20.68,39.58,Good,31.11,59.54,31.96,Healthy Roots,Strong Stem,Green Leaves,Healthy Branches,Healthy
19.23,20.03,Poor,38.94,76.97,27.53,Root Stress,Weak Stem,Leaf Wilting,Slow Growth,Dry_Stress
26.23,27.93,Good,31.8,54.22,16.86,Healthy Roots,Strong Stem,Green Leaves,Healthy Branches,Healthy
18.87,55.75,Good,28.1,79.64,59.02,Healthy Roots,Strong Stem,Green Leaves,Healthy Branches,Healthy
33.06,72.41,Good,31.07,83.49,66.79,Healthy Roots,Strong Stem,Green Leaves,Healthy Branches,Healthy
27.29,17.3,Poor,33.66,60.92,2.44,Root Stress,Weak Stem,Leaf Wilting,Slow Growth,Dry_Stress
23.7,25.9,Good,20.96,84.22,62.82,Healthy Roots,Strong Stem,Green Leaves,Healthy Branches,Healthy
31.88,10.92,Poor,23.85,59.07,81.37,Root Stress,Weak Stem,Leaf Wilting,Slow Growth,Dry_Stress
21.86,88.72,Poor,25.08,64.51,95.31,Root Rot Risk,Soft Stem,Yellowing Leaves,Branch Weakness,Overwatered
27.25,18.52,Poor,37.36,91.79,94.51,Root Stress,Weak Stem,Leaf Wilting,Slow Growth,Dry_Stress
27.11,40.4,Good,28.76,80.99,79.92,Healthy Roots,Strong Stem,Green Leaves,Healthy Branches,Healthy
19.87,14.44,Poor,26.89,83.78,35.56,Root Stress,Weak Stem,Leaf Wilting,Slow Growth,Dry_Stress
32.42,50.08,Moderate,27.47,94.63,73.54,Moderate Stress,Possible Fungal Infection,Leaf Spot Risk,Moderate Growth,Disease_Risk
30.58,60.59,Good,27.33,62.21,53.95,Healthy Roots,Strong Stem,Green Leaves,Healthy Branches,Healthy
21.58,51.93,Good,25.64,43.8,5.5,Healthy Roots,Strong Stem,Green Leaves,Healthy Branches,Healthy
25.76,64.23,Good,23.58,75.77,35.52,Healthy Roots,Strong Stem,Green Leaves,Healthy Branches,Healthy
23.57,27.24,Good,39.63,61.11,79.15,Healthy Roots,Strong Stem,Green Leaves,Healthy Branches,Healthy
34.87,83.16,Poor,21.68,88.82,0.39,Root Rot Risk,Soft Stem,Yellowing Leaves,Branch Weakness,Overwatered
30.02,71.45,Moderate,35.34,93.36,16.76,Moderate Stress,Possible Fungal Infection,Leaf Spot Risk,Moderate Growth,Disease_Risk
35,25.17,Good,32.17,67.56,66.42,Healthy Roots,Strong Stem,Green Leaves,Healthy Branches,Healthy
31.8,46.23,Moderate,22.41,94.12,63.07,Moderate Stress,Possible Fungal Infection,Leaf Spot Risk,Moderate Growth,Disease_Risk
32.25,11.6,Poor,22.16,64.14,83.42,Root Stress,Weak Stem,Leaf Wilting,Slow Growth,Dry_Stress
23.58,76.32,Poor,38.07,85.24,3.7,Root Rot Risk,Soft Stem,Yellowing Leaves,Branch Weakness,Overwatered
33.28,81.7,Poor,28.13,86.37,80.78,Root Rot Risk,Soft Stem,Yellowing Leaves,Branch Weakness,Overwatered
24.03,51.9,Good,23.71,83.81,6.03,Healthy Roots,Strong Stem,Green Leaves,Healthy Branches,Healthy
32.89,38.72,Good,22.87,69.71,98.31,Healthy Roots,Strong Stem,Green Leaves,Healthy Branches,Healthy
30.78,73.95,Moderate,22.46,94.45,50.01,Moderate Stress,Possible Fungal Infection,Leaf Spot Risk,Moderate Growth,Disease_Risk
27.17,38.35,Good,34.43,75.36,46.11,Healthy Roots,Strong Stem,Green Leaves,Healthy Branches,Healthy
21.07,13.74,Poor,21.89,50.66,24.8,Root Stress,Weak Stem,Leaf Wilting,Slow Growth,Dry_Stress
28.82,63.16,Good,34.45,48.36,4.39,Healthy Roots,Strong Stem,Green Leaves,Healthy Branches,Healthy
29.24,42.52,Good,25.53,62.58,91.06,Healthy Roots,Strong Stem,Green Leaves,Healthy Branches,Healthy
30.34,89.76,Poor,24.19,64.92,79.11,Root Rot Risk,Soft Stem,Yellowing Leaves,Branch Weakness,Overwatered
19.19,51.1,Good,30.86,80.92,16.09,Healthy Roots,Strong Stem,Green Leaves,Healthy Branches,Healthy
22.49,19.28,Poor,35.24,85.66,56.59,Root Stress,Weak Stem,Leaf Wilting,Slow Growth,Dry_Stress
28.1,72.71,Good,33.45,60.65,14.5,Healthy Roots,Strong Stem,Green Leaves,Healthy Branches,Healthy
33.34,86.8,Poor,21.25,74.87,17.81,Root Rot Risk,Soft Stem,Yellowing Leaves,Branch Weakness,Overwatered
22.19,19.68,Poor,25.73,54.15,10.43,Root Stress,Weak Stem,Leaf Wilting,Slow Growth,Dry_Stress
34.15,35.67,Good,23.12,48.96,87.92,Healthy Roots,Strong Stem,Green Leaves,Healthy Branches,Healthy
35.55,48.82,Good,25.52,71.13,61.11,Healthy Roots,Strong Stem,Green Leaves,Healthy Branches,Healthy
19.6,66.57,Good,29.03,74.93,1.24,Healthy Roots,Strong Stem,Green Leaves,Healthy Branches,Healthy
31.03,66.26,Good,22,74.1,6.27,Healthy Roots,Strong Stem,Green Leaves,Healthy Branches,Healthy
25.16,59.94,Good,37.15,40.91,12.16,Healthy Roots,Strong Stem,Green Leaves,Healthy Branches,Healthy
20.48,79.1,Poor,38.76,91.72,52.73,Root Rot Risk,Soft Stem,Yellowing Leaves,Branch Weakness,Overwatered
22.01,68.92,Good,26.44,81.58,31.36,Healthy Roots,Strong Stem,Green Leaves,Healthy Branches,Healthy
24.5,11.85,Poor,39.65,90.48,5.2,Root Stress,Weak Stem,Leaf Wilting,Slow Growth,Dry_Stress
18.32,87.57,Poor,26.48,94.94,47.95,Root Rot Risk,Soft Stem,Yellowing Leaves,Branch Weakness,Overwatered
30.5,76.29,Poor,24.98,48.38,57.72,Root Rot Risk,Soft Stem,Yellowing Leaves,Branch Weakness,Overwatered
26.17,63.97,Good,38.37,73.97,2.57,Healthy Roots,Strong Stem,Green Leaves,Healthy Branches,Healthy
24.23,72.7,Good,26.11,48.28,63.75,Healthy Roots,Strong Stem,Green Leaves,Healthy Branches,Healthy
33.62,76.04,Poor,34.9,74.81,82.02,Root Rot Risk,Soft Stem,Yellowing Leaves,Branch Weakness,Overwatered
35.39,13.98,Poor,33.78,91.08,9.47,Root Stress,Weak Stem,Leaf Wilting,Slow Growth,Dry_Stress
26.25,60.82,Good,34.31,72.17,7.88,Healthy Roots,Strong Stem,Green Leaves,Healthy Branches,Healthy
23.59,21.31,Poor,35.44,45.83,10.79,Root Stress,Weak Stem,Leaf Wilting,Slow Growth,Dry_Stress
28.86,30.6,Good,30.7,78.21,22.56,Healthy Roots,Strong Stem,Green Leaves,Healthy Branches,Healthy
25.3,75.63,Poor,32.39,91.46,83.42,Root Rot Risk,Soft Stem,Yellowing Leaves,Branch Weakness,Overwatered
34.05,53.85,Moderate,22.01,87.27,33.57,Moderate Stress,Possible Fungal Infection,Leaf Spot Risk,Moderate Growth,Disease_Risk
23.19,34.06,Good,21.67,91.88,13.88,Healthy Roots,Strong Stem,Green Leaves,Healthy Branches,Healthy
20.31,25.3,Good,28.34,45.28,77.45,Healthy Roots,Strong Stem,Green Leaves,Healthy Branches,Healthy
18.27,48.26,Good,38.97,89.5,63.68,Healthy Roots,Strong Stem,Green Leaves,Healthy Branches,Healthy
21.07,18.48,Poor,25.58,61.14,72.65,Root Stress,Weak Stem,Leaf Wilting,Slow Growth,Dry_Stress
19.7,40.71,Good,24.2,51.33,95.02,Healthy Roots,Strong Stem,Green Leaves,Healthy Branches,Healthy
34.39,78.6,Poor,38.59,61.71,84.1,Root Rot Risk,Soft Stem,Yellowing Leaves,Branch Weakness,Overwatered
30.24,39.67,Good,20.04,44.58,72.16,Healthy Roots,Strong Stem,Green Leaves,Healthy Branches,Healthy
28.46,51.36,Good,31.69,56.02,17.54,Healthy Roots,Strong Stem,Green Leaves,Healthy Branches,Healthy
35.01,85.91,Poor,20.35,71.24,91.64,Root Rot Risk,Soft Stem,Yellowing Leaves,Branch Weakness,Overwatered
29.13,39.01,Good,25.08,40.46,72.53,Healthy Roots,Strong Stem,Green Leaves,Healthy Branches,Healthy
30.71,32.25,Good,37.16,48.82,34.05,Healthy Roots,Strong Stem,Green Leaves,Healthy Branches,Healthy
20.85,43.31,Good,24.01,49.22,89.45,Healthy Roots,Strong Stem,Green Leaves,Healthy Branches,Healthy
23.18,41.1,Good,37.34,78.62,17.63,Healthy Roots,Strong Stem,Green Leaves,Healthy Branches,Healthy
29.11,86.82,Poor,34.66,84.7,35.34,Root Rot Risk,Soft Stem,Yellowing Leaves,Branch Weakness,Overwatered
33.05,11.1,Poor,28.57,69.56,42.87,Root Stress,Weak Stem,Leaf Wilting,Slow Growth,Dry_Stress
23.08,22.06,Poor,21.25,89.25,98.11,Root Stress,Weak Stem,Leaf Wilting,Slow Growth,Dry_Stress
26.17,72.68,Good,21.26,46.41,19.58,Healthy Roots,Strong Stem,Green Leaves,Healthy Branches,Healthy
23.08,10.22,Poor,28.38,90.2,97.36,Root Stress,Weak Stem,Leaf Wilting,Slow Growth,Dry_Stress
23.21,44.96,Good,26.91,84.61,50.95,Healthy Roots,Strong Stem,Green Leaves,Healthy Branches,Healthy
28.35,65.72,Good,29.97,47.96,25.76,Healthy Roots,Strong Stem,Green Leaves,Healthy Branches,Healthy
34.54,14.53,Poor,27.38,59.9,70.39,Root Stress,Weak Stem,Leaf Wilting,Slow Growth,Dry_Stress
35.57,35.4,Good,23.98,57.71,92.75,Healthy Roots,Strong Stem,Green Leaves,Healthy Branches,Healthy
28.18,32.32,Good,20.27,56.79,8.17,Healthy Roots,Strong Stem,Green Leaves,Healthy Branches,Healthy
18.44,50.97,Good,27.5,86.61,98.45,Healthy Roots,Strong Stem,Green Leaves,Healthy Branches,Healthy
22.97,59.8,Good,37.39,51.5,82.26,Healthy Roots,Strong Stem,Green Leaves,Healthy Branches,Healthy
29.8,70.92,Good,25.44,57.78,6.81,Healthy Roots,Strong Stem,Green Leaves,Healthy Branches,Healthy
34.65,17.74,Poor,38.42,50.06,90.38,Root Stress,Weak Stem,Leaf Wilting,Slow Growth,Dry_Stress
20.63,29.46,Good,37.64,74.06,36.64,Healthy Roots,Strong Stem,Green Leaves,Healthy Branches,Healthy
32.91,70.69,Good,34.28,70.61,24.13,Healthy Roots,Strong Stem,Green Leaves,Healthy Branches,Healthy
33.83,79.83,Poor,28.54,86.32,40.63,Root Rot Risk,Soft Stem,Yellowing Leaves,Branch Weakness,Overwatered
19.62,35.89,Good,31.9,84,38.49,Healthy Roots,Strong Stem,Green Leaves,Healthy Branches,Healthy
34.29,14.67,Poor,28.46,90.59,62.55,Root Stress,Weak Stem,Leaf Wilting,Slow Growth,Dry_Stress
28.72,21.04,Poor,25.7,64.03,71.38,Root Stress,Weak Stem,Leaf Wilting,Slow Growth,Dry_Stress
33.23,73.32,Good,26.42,55.61,53.84,Healthy Roots,Strong Stem,Green Leaves,Healthy Branches,Healthy
30.13,20.55,Poor,25.01,76.9,80.49,Root Stress,Weak Stem,Leaf Wilting,Slow Growth,Dry_Stress
30.22,27.18,Good,24.05,49.83,39.38,Healthy Roots,Strong Stem,Green Leaves,Healthy Branches,Healthy
33.75,25.26,Good,22.31,50.72,11.91,Healthy Roots,Strong Stem,Green Leaves,Healthy Branches,Healthy
31.73,43.12,Moderate,24.97,85.12,19.14,Moderate Stress,Possible Fungal Infection,Leaf Spot Risk,Moderate Growth,Disease_Risk
25.36,61.34,Good,37.15,80.6,58.07,Healthy Roots,Strong Stem,Green Leaves,Healthy Branches,Healthy
24.88,21,Poor,34.1,47.64,30.28,Root Stress,Weak Stem,Leaf Wilting,Slow Growth,Dry_Stress
35.44,47.75,Good,38.96,47.05,81.51,Healthy Roots,Strong Stem,Green Leaves,Healthy Branches,Healthy
22.75,84.28,Poor,21.09,91.56,26.88,Root Rot Risk,Soft Stem,Yellowing Leaves,Branch Weakness,Overwatered
24.78,49.61,Good,33.82,91.62,58.55,Healthy Roots,Strong Stem,Green Leaves,Healthy Branches,Healthy
20.59,49.05,Good,26.59,89.97,9.06,Healthy Roots,Strong Stem,Green Leaves,Healthy Branches,Healthy
24.1,68.64,Good,29.1,82.33,80.58,Healthy Roots,Strong Stem,Green Leaves,Healthy Branches,Healthy
28.52,54.53,Good,39.83,60.34,54.36,Healthy Roots,Strong Stem,Green Leaves,Healthy Branches,Healthy
21.49,45.36,Good,28.84,78.18,26.08,Healthy Roots,Strong Stem,Green Leaves,Healthy Branches,Healthy
25.67,77.33,Poor,38.31,45.97,68.81,Root Rot Risk,Soft Stem,Yellowing Leaves,Branch Weakness,Overwatered
28.96,21.28,Poor,20.39,69.35,47.12,Root Stress,Weak Stem,Leaf Wilting,Slow Growth,Dry_Stress
24.94,26.48,Good,35.27,57.29,89.17,Healthy Roots,Strong Stem,Green Leaves,Healthy Branches,Healthy
31.59,89.05,Poor,27.32,76.47,74.02,Root Rot Risk,Soft Stem,Yellowing Leaves,Branch Weakness,Overwatered
27.28,31.12,Good,33.09,44.62,95.48,Healthy Roots,Strong Stem,Green Leaves,Healthy Branches,Healthy
23.85,16.22,Poor,27.49,46.8,93.33,Root Stress,Weak Stem,Leaf Wilting,Slow Growth,Dry_Stress
31.05,23.14,Poor,36.06,47.61,9.63,Root Stress,Weak Stem,Leaf Wilting,Slow Growth,Dry_Stress
27.97,85.56,Poor,25.43,41.68,26.51,Root Rot Risk,Soft Stem,Yellowing Leaves,Branch Weakness,Overwatered
26.13,24.74,Poor,36.96,77.19,13.64,Root Stress,Weak Stem,Leaf Wilting,Slow Growth,Dry_Stress
20.9,52.55,Good,31.06,94.94,32.08,Healthy Roots,Strong Stem,Green Leaves,Healthy Branches,Healthy
35.76,68.71,Moderate,34.77,88.19,61.62,Moderate Stress,Possible Fungal Infection,Leaf Spot Risk,Moderate Growth,Disease_Risk
21.13,12.06,Poor,24.62,63.86,16.75,Root Stress,Weak Stem,Leaf Wilting,Slow Growth,Dry_Stress
24.92,32.59,Good,33.66,87.67,35.84,Healthy Roots,Strong Stem,Green Leaves,Healthy Branches,Healthy
28.54,68.83,Good,30.83,66.14,9.28,Healthy Roots,Strong Stem,Green Leaves,Healthy Branches,Healthy
34.8,31.92,Good,24.45,65.85,1.8,Healthy Roots,Strong Stem,Green Leaves,Healthy Branches,Healthy
23.43,38.38,Good,30.56,45.15,81.64,Healthy Roots,Strong Stem,Green Leaves,Healthy Branches,Healthy
20.06,54.82,Good,35.61,68.91,4.49,Healthy Roots,Strong Stem,Green Leaves,Healthy Branches,Healthy
30.72,74.11,Good,32.11,77.47,1.82,Healthy Roots,Strong Stem,Green Leaves,Healthy Branches,Healthy
35.12,35.13,Good,28.15,55.57,60.14,Healthy Roots,Strong Stem,Green Leaves,Healthy Branches,Healthy
26.14,23.03,Poor,36.63,40.71,94.85,Root Stress,Weak Stem,Leaf Wilting,Slow Growth,Dry_Stress
35.96,12.16,Poor,25.32,40,74.6,Root Stress,Weak Stem,Leaf Wilting,Slow Growth,Dry_Stress
23.79,31.94,Good,25.16,93.08,18.33,Healthy Roots,Strong Stem,Green Leaves,Healthy Branches,Healthy
33.85,63.4,Good,24.46,54.44,92.77,Healthy Roots,Strong Stem,Green Leaves,Healthy Branches,Healthy
18.03,83.04,Poor,37.3,88.92,0.66,Root Rot Risk,Soft Stem,Yellowing Leaves,Branch Weakness,Overwatered
30.23,50.24,Good,21.5,61.22,88.23,Healthy Roots,Strong Stem,Green Leaves,Healthy Branches,Healthy
33.93,21.76,Poor,28.34,57.77,43.26,Root Stress,Weak Stem,Leaf Wilting,Slow Growth,Dry_Stress
23.04,59.59,Good,30.17,87.09,14.67,Healthy Roots,Strong Stem,Green Leaves,Healthy Branches,Healthy
33.26,17.72,Poor,27.06,48.4,16.59,Root Stress,Weak Stem,Leaf Wilting,Slow Growth,Dry_Stress
28.79,20.39,Poor,23.26,68.85,94.09,Root Stress,Weak Stem,Leaf Wilting,Slow Growth,Dry_Stress
23.76,21.12,Poor,25.37,61.29,7.26,Root Stress,Weak Stem,Leaf Wilting,Slow Growth,Dry_Stress
18.77,84.11,Poor,28.79,93.41,27.54,Root Rot Risk,Soft Stem,Yellowing Leaves,Branch Weakness,Overwatered
29.91,59.59,Good,28.28,73.73,85.14,Healthy Roots,Strong Stem,Green Leaves,Healthy Branches,Healthy
24.76,10.66,Poor,37.18,79.61,53.58,Root Stress,Weak Stem,Leaf Wilting,Slow Growth,Dry_Stress
27.79,84.42,Poor,26.18,44.67,88.52,Root Rot Risk,Soft Stem,Yellowing Leaves,Branch Weakness,Overwatered
21.58,41.16,Good,29.58,60.7,17.53,Healthy Roots,Strong Stem,Green Leaves,Healthy Branches,Healthy
18.35,23.32,Poor,38.86,61.72,99.91,Root Stress,Weak Stem,Leaf Wilting,Slow Growth,Dry_Stress
19.74,64.16,Good,27.83,41.16,52.1,Healthy Roots,Strong Stem,Green Leaves,Healthy Branches,Healthy
29.54,51.02,Good,34.46,83.16,42.33,Healthy Roots,Strong Stem,Green Leaves,Healthy Branches,Healthy
20.29,60.16,Good,36.59,91.69,0.27,Healthy Roots,Strong Stem,Green Leaves,Healthy Branches,Healthy
23.36,45.29,Good,21.22,83.49,35.36,Healthy Roots,Strong Stem,Green Leaves,Healthy Branches,Healthy
28.65,27.64,Good,25.82,79.04,92.22,Healthy Roots,Strong Stem,Green Leaves,Healthy Branches,Healthy
22.91,10.43,Poor,39.01,58.29,7.42,Root Stress,Weak Stem,Leaf Wilting,Slow Growth,Dry_Stress
26.51,62.84,Good,31.58,56.98,34.45,Healthy Roots,Strong Stem,Green Leaves,Healthy Branches,Healthy
25.42,48.59,Good,23.34,43.79,20.79,Healthy Roots,Strong Stem,Green Leaves,Healthy Branches,Healthy
31.99,44.24,Good,23.15,47.56,23.44,Healthy Roots,Strong Stem,Green Leaves,Healthy Branches,Healthy
25.26,59.55,Good,23.29,49.57,37.48,Healthy Roots,Strong Stem,Green Leaves,Healthy Branches,Healthy
23.09,49.91,Good,38.55,71.24,50.86,Healthy Roots,Strong Stem,Green Leaves,Healthy Branches,Healthy
35.75,83.34,Poor,22.97,55.42,64.81,Root Rot Risk,Soft Stem,Yellowing Leaves,Branch Weakness,Overwatered
21.11,68.45,Good,36.39,66.43,5.54,Healthy Roots,Strong Stem,Green Leaves,Healthy Branches,Healthy
29.53,84.25,Poor,32.7,40.7,14.29,Root Rot Risk,Soft Stem,Yellowing Leaves,Branch Weakness,Overwatered
29.23,28.65,Good,39.54,84.19,99.72,Healthy Roots,Strong Stem,Green Leaves,Healthy Branches,Healthy
24.29,59.79,Good,33.85,40.11,98.32,Healthy Roots,Strong Stem,Green Leaves,Healthy Branches,Healthy
31.39,82.55,Poor,27.27,78.92,69.39,Root Rot Risk,Soft Stem,Yellowing Leaves,Branch Weakness,Overwatered
31.57,71.46,Good,23.41,47.78,86.32,Healthy Roots,Strong Stem,Green Leaves,Healthy Branches,Healthy
26.57,41.14,Good,39.25,52.49,8.39,Healthy Roots,Strong Stem,Green Leaves,Healthy Branches,Healthy
23.82,69.28,Good,23.81,46.95,69.39,Healthy Roots,Strong Stem,Green Leaves,Healthy Branches,Healthy
20.04,56.71,Good,33.66,56.27,63.49,Healthy Roots,Strong Stem,Green Leaves,Healthy Branches,Healthy
33.66,33.76,Moderate,36.51,87.63,40.01,Moderate Stress,Possible Fungal Infection,Leaf Spot Risk,Moderate Growth,Disease_Risk
35.71,69,Good,39.78,77.7,27.68,Healthy Roots,Strong Stem,Green Leaves,Healthy Branches,Healthy
23.05,17.92,Poor,26.6,56.14,4.03,Root Stress,Weak Stem,Leaf Wilting,Slow Growth,Dry_Stress
23.76,17.83,Poor,23.84,88.81,84.12,Root Stress,Weak Stem,Leaf Wilting,Slow Growth,Dry_Stress
29.62,25.67,Good,24.37,46.85,27.12,Healthy Roots,Strong Stem,Green Leaves,Healthy Branches,Healthy
32.02,22.08,Poor,26.4,56.72,48.11,Root Stress,Weak Stem,Leaf Wilting,Slow Growth,Dry_Stress
33.22,79.66,Poor,20.85,60.67,55.56,Root Rot Risk,Soft Stem,Yellowing Leaves,Branch Weakness,Overwatered
31.82,28.41,Good,32.67,45.23,6.87,Healthy Roots,Strong Stem,Green Leaves,Healthy Branches,Healthy
30.25,87.77,Poor,33.72,47.39,29.74,Root Rot Risk,Soft Stem,Yellowing Leaves,Branch Weakness,Overwatered
29.2,13.58,Poor,27.27,50.15,46.82,Root Stress,Weak Stem,Leaf Wilting,Slow Growth,Dry_Stress
18.26,15.92,Poor,34.06,85.56,11.76,Root Stress,Weak Stem,Leaf Wilting,Slow Growth,Dry_Stress
26.82,43.65,Good,21.52,46.39,89.42,Healthy Roots,Strong Stem,Green Leaves,Healthy Branches,Healthy
30.75,59.82,Moderate,27.31,90.75,20.94,Moderate Stress,Possible Fungal Infection,Leaf Spot Risk,Moderate Growth,Disease_Risk
23.45,60.56,Good,26.8,72.24,70.95,Healthy Roots,Strong Stem,Green Leaves,Healthy Branches,Healthy
22.44,18.98,Poor,21.28,58,25.85,Root Stress,Weak Stem,Leaf Wilting,Slow Growth,Dry_Stress
25.43,52.36,Good,36.58,45.66,49.77,Healthy Roots,Strong Stem,Green Leaves,Healthy Branches,Healthy
27.8,24.65,Poor,33.67,93.14,88.15,Root Stress,Weak Stem,Leaf Wilting,Slow Growth,Dry_Stress
18.2,29.41,Good,24.97,85.48,97.83,Healthy Roots,Strong Stem,Green Leaves,Healthy Branches,Healthy
31.53,29.85,Good,25.58,74.26,91.74,Healthy Roots,Strong Stem,Green Leaves,Healthy Branches,Healthy
30.76,31.59,Moderate,37.68,92.56,43.83,Moderate Stress,Possible Fungal Infection,Leaf Spot Risk,Moderate Growth,Disease_Risk
22.05,79.42,Poor,34.28,54.48,73.69,Root Rot Risk,Soft Stem,Yellowing Leaves,Branch Weakness,Overwatered
22.47,74.3,Good,21.54,58.38,75.27,Healthy Roots,Strong Stem,Green Leaves,Healthy Branches,Healthy
21.14,22.35,Poor,27.35,50.79,15.74,Root Stress,Weak Stem,Leaf Wilting,Slow Growth,Dry_Stress
25.41,64.78,Good,22.82,76.09,67.23,Healthy Roots,Strong Stem,Green Leaves,Healthy Branches,Healthy
35.28,28.42,Good,24.91,42.86,63.13,Healthy Roots,Strong Stem,Green Leaves,Healthy Branches,Healthy
25.03,11.31,Poor,34.16,92.93,36.08,Root Stress,Weak Stem,Leaf Wilting,Slow Growth,Dry_Stress
34.67,15.25,Poor,26.4,48.03,34.28,Root Stress,Weak Stem,Leaf Wilting,Slow Growth,Dry_Stress
21.26,70.14,Good,38.5,73.82,28.62,Healthy Roots,Strong Stem,Green Leaves,Healthy Branches,Healthy
22.31,64.18,Good,21.43,61.75,53.41,Healthy Roots,Strong Stem,Green Leaves,Healthy Branches,Healthy
27.12,52.38,Good,38.35,76.25,94.37,Healthy Roots,Strong Stem,Green Leaves,Healthy Branches,Healthy
20.72,20.39,Poor,20.44,45.17,38.77,Root Stress,Weak Stem,Leaf Wilting,Slow Growth,Dry_Stress
20.04,74.04,Good,32.22,50.19,79.94,Healthy Roots,Strong Stem,Green Leaves,Healthy Branches,Healthy
30.06,50.78,Good,35.49,40.27,55.01,Healthy Roots,Strong Stem,Green Leaves,Healthy Branches,Healthy
24.16,56.04,Good,35.36,57.16,51.82,Healthy Roots,Strong Stem,Green Leaves,Healthy Branches,Healthy
30.58,75.47,Poor,22.27,71.86,44.86,Root Rot Risk,Soft Stem,Yellowing Leaves,Branch Weakness,Overwatered
22.09,34.16,Good,38.42,78.52,5.03,Healthy Roots,Strong Stem,Green Leaves,Healthy Branches,Healthy
23.4,34.98,Good,25.61,76.08,99.25,Healthy Roots,Strong Stem,Green Leaves,Healthy Branches,Healthy
34.07,18.22,Poor,31.07,77.16,23.78,Root Stress,Weak Stem,Leaf Wilting,Slow Growth,Dry_Stress
28.43,36.71,Good,37.61,53.15,35.74,Healthy Roots,Strong Stem,Green Leaves,Healthy Branches,Healthy
20.21,75.09,Poor,30,88.37,6.64,Root Rot Risk,Soft Stem,Yellowing Leaves,Branch Weakness,Overwatered
25.57,59.94,Good,26.91,66.31,84.53,Healthy Roots,Strong Stem,Green Leaves,Healthy Branches,Healthy
19.8,31.16,Good,27.89,74.04,26.59,Healthy Roots,Strong Stem,Green Leaves,Healthy Branches,Healthy
19.19,31.95,Good,37.74,50.02,59.82,Healthy Roots,Strong Stem,Green Leaves,Healthy Branches,Healthy
28.15,62.06,Good,26.09,69.58,89.3,Healthy Roots,Strong Stem,Green Leaves,Healthy Branches,Healthy
20.01,77.76,Poor,30.91,43.24,24.07,Root Rot Risk,Soft Stem,Yellowing Leaves,Branch Weakness,Overwatered
21.86,42.73,Good,23.92,42.81,71.33,Healthy Roots,Strong Stem,Green Leaves,Healthy Branches,Healthy
19.31,10.07,Poor,26.45,92.95,14.53,Root Stress,Weak Stem,Leaf Wilting,Slow Growth,Dry_Stress
20,85.76,Poor,21.15,66.08,76.09,Root Rot Risk,Soft Stem,Yellowing Leaves,Branch Weakness,Overwatered
26.07,80.64,Poor,38.93,85.67,98.69,Root Rot Risk,Soft Stem,Yellowing Leaves,Branch Weakness,Overwatered
20.98,60.46,Good,23.52,43.63,80.57,Healthy Roots,Strong Stem,Green Leaves,Healthy Branches,Healthy
23.66,13.31,Poor,23.06,71.48,61.77,Root Stress,Weak Stem,Leaf Wilting,Slow Growth,Dry_Stress
25.83,45.95,Good,20.47,43.58,84.54,Healthy Roots,Strong Stem,Green Leaves,Healthy Branches,Healthy
21.49,33.49,Good,22.97,47.59,49.84,Healthy Roots,Strong Stem,Green Leaves,Healthy Branches,Healthy
20.43,16.77,Poor,36.53,50.63,29.57,Root Stress,Weak Stem,Leaf Wilting,Slow Growth,Dry_Stress
20.66,42.53,Good,30.55,84.8,3.64,Healthy Roots,Strong Stem,Green Leaves,Healthy Branches,Healthy
34.94,50.68,Good,21.13,79.81,68.95,Healthy Roots,Strong Stem,Green Leaves,Healthy Branches,Healthy
24.28,50.68,Good,31.85,44.53,42.61,Healthy Roots,Strong Stem,Green Leaves,Healthy Branches,Healthy
26.2,32.44,Good,35.49,88.74,18.6,Healthy Roots,Strong Stem,Green Leaves,Healthy Branches,Healthy
31.55,29.75,Good,23.8,56.69,7.58,Healthy Roots,Strong Stem,Green Leaves,Healthy Branches,Healthy
32.17,75.16,Poor,33.39,62.8,23.21,Root Rot Risk,Soft Stem,Yellowing Leaves,Branch Weakness,Overwatered
30.52,18.76,Poor,25.01,49.26,62.67,Root Stress,Weak Stem,Leaf Wilting,Slow Growth,Dry_Stress
34.06,52.34,Good,27.8,74.93,56.31,Healthy Roots,Strong Stem,Green Leaves,Healthy Branches,Healthy
27.59,54.51,Good,38.57,49.63,82.74,Healthy Roots,Strong Stem,Green Leaves,Healthy Branches,Healthy
20.99,24.2,Poor,38.59,93.09,80.5,Root Stress,Weak Stem,Leaf Wilting,Slow Growth,Dry_Stress
29.02,11.8,Poor,39.49,48.22,32.61,Root Stress,Weak Stem,Leaf Wilting,Slow Growth,Dry_Stress
26.14,50.22,Good,25.81,56.66,92.72,Healthy Roots,Strong Stem,Green Leaves,Healthy Branches,Healthy
32.93,53.18,Good,35.2,44.31,57.3,Healthy Roots,Strong Stem,Green Leaves,Healthy Branches,Healthy
22.37,22.47,Poor,34.74,40.68,33.85,Root Stress,Weak Stem,Leaf Wilting,Slow Growth,Dry_Stress
30.19,10.36,Poor,37.9,74.12,54.39,Root Stress,Weak Stem,Leaf Wilting,Slow Growth,Dry_Stress
18.18,51.67,Good,33.77,70.5,99.11,Healthy Roots,Strong Stem,Green Leaves,Healthy Branches,Healthy
24.9,11.44,Poor,37.79,75.67,88.05,Root Stress,Weak Stem,Leaf Wilting,Slow Growth,Dry_Stress
24.23,43.35,Good,38.63,65.22,75.91,Healthy Roots,Strong Stem,Green Leaves,Healthy Branches,Healthy
19.7,71.6,Good,24.09,42.91,88.08,Healthy Roots,Strong Stem,Green Leaves,Healthy Branches,Healthy
32.78,77.56,Poor,23.43,77.58,55.09,Root Rot Risk,Soft Stem,Yellowing Leaves,Branch Weakness,Overwatered
32.88,56.63,Good,27.08,75.13,89.13,Healthy Roots,Strong Stem,Green Leaves,Healthy Branches,Healthy
22.51,58.34,Good,36.36,71.9,10.33,Healthy Roots,Strong Stem,Green Leaves,Healthy Branches,Healthy
30.81,21.13,Poor,33.89,46.16,17.8,Root Stress,Weak Stem,Leaf Wilting,Slow Growth,Dry_Stress
34.24,50.34,Good,32.29,52.01,11.39,Healthy Roots,Strong Stem,Green Leaves,Healthy Branches,Healthy
28.44,29.19,Good,26.67,71.91,86.09,Healthy Roots,Strong Stem,Green Leaves,Healthy Branches,Healthy
24.64,76.01,Poor,25.75,76.91,49.28,Root Rot Risk,Soft Stem,Yellowing Leaves,Branch Weakness,Overwatered
30.28,40.81,Good,32.16,67.23,99.87,Healthy Roots,Strong Stem,Green Leaves,Healthy Branches,Healthy
25.12,60.06,Good,33.85,63.37,14.77,Healthy Roots,Strong Stem,Green Leaves,Healthy Branches,Healthy
28.29,70.72,Good,38.86,87.36,14.27,Healthy Roots,Strong Stem,Green Leaves,Healthy Branches,Healthy
29.91,45.01,Good,21.44,92.62,18.95,Healthy Roots,Strong Stem,Green Leaves,Healthy Branches,Healthy
23.27,84.66,Poor,32.36,54.73,7.44,Root Rot Risk,Soft Stem,Yellowing Leaves,Branch Weakness,Overwatered
29.92,52.27,Good,32.16,50.28,89.5,Healthy Roots,Strong Stem,Green Leaves,Healthy Branches,Healthy
27.14,31.84,Good,33.81,94.21,30.06,Healthy Roots,Strong Stem,Green Leaves,Healthy Branches,Healthy
28.68,78.67,Poor,29.24,44.13,24.04,Root Rot Risk,Soft Stem,Yellowing Leaves,Branch Weakness,Overwatered
23.2,63.52,Good,33.12,42.12,96.49,Healthy Roots,Strong Stem,Green Leaves,Healthy Branches,Healthy
31.42,11.03,Poor,34.29,72.42,88.07,Root Stress,Weak Stem,Leaf Wilting,Slow Growth,Dry_Stress
20.69,30.64,Good,21.88,77.03,46.54,Healthy Roots,Strong Stem,Green Leaves,Healthy Branches,Healthy
26.65,70.62,Good,34.76,65.5,43.08,Healthy Roots,Strong Stem,Green Leaves,Healthy Branches,Healthy
27.57,62.91,Good,20.73,68.7,88.61,Healthy Roots,Strong Stem,Green Leaves,Healthy Branches,Healthy
18.15,48.3,Good,37.17,53.2,39.51,Healthy Roots,Strong Stem,Green Leaves,Healthy Branches,Healthy
32.35,86.07,Poor,25.77,53.27,35.28,Root Rot Risk,Soft Stem,Yellowing Leaves,Branch Weakness,Overwatered
27.98,37.22,Good,27.66,72.98,12.2,Healthy Roots,Strong Stem,Green Leaves,Healthy Branches,Healthy
19.42,65.87,Good,25.35,86.76,36.79,Healthy Roots,Strong Stem,Green Leaves,Healthy Branches,Healthy
33.28,38.08,Good,24.97,44.46,2.18,Healthy Roots,Strong Stem,Green Leaves,Healthy Branches,Healthy
30.78,31.52,Good,21.49,57.26,13.71,Healthy Roots,Strong Stem,Green Leaves,Healthy Branches,Healthy
34.47,26.92,Good,31.3,57.24,6.11,Healthy Roots,Strong Stem,Green Leaves,Healthy Branches,Healthy
30.27,17.18,Poor,30.24,53.46,45.06,Root Stress,Weak Stem,Leaf Wilting,Slow Growth,Dry_Stress
27.06,20.09,Poor,25.63,77.9,31.96,Root Stress,Weak Stem,Leaf Wilting,Slow Growth,Dry_Stress
32.23,24.16,Poor,39.85,50.44,55.55,Root Stress,Weak Stem,Leaf Wilting,Slow Growth,Dry_Stress
24.45,33.9,Good,21.07,74.07,62.3,Healthy Roots,Strong Stem,Green Leaves,Healthy Branches,Healthy
25.84,86.61,Poor,29.38,72.98,71.2,Root Rot Risk,Soft Stem,Yellowing Leaves,Branch Weakness,Overwatered
24.41,22.54,Poor,26.87,50.54,99.73,Root Stress,Weak Stem,Leaf Wilting,Slow Growth,Dry_Stress
23.87,45.38,Good,25.47,54.44,62.95,Healthy Roots,Strong Stem,Green Leaves,Healthy Branches,Healthy
34.98,25.5,Good,31.71,75.01,7.32,Healthy Roots,Strong Stem,Green Leaves,Healthy Branches,Healthy
27.12,43.93,Good,29.31,71.61,42,Healthy Roots,Strong Stem,Green Leaves,Healthy Branches,Healthy
27.13,12.46,Poor,23.41,47.02,88.33,Root Stress,Weak Stem,Leaf Wilting,Slow Growth,Dry_Stress
24.81,31.85,Good,28.9,55.81,61.48,Healthy Roots,Strong Stem,Green Leaves,Healthy Branches,Healthy
23.9,30.21,Good,36.63,57.67,93.95,Healthy Roots,Strong Stem,Green Leaves,Healthy Branches,Healthy
22.16,52.62,Good,33.05,71.91,54.21,Healthy Roots,Strong Stem,Green Leaves,Healthy Branches,Healthy
35.08,10.91,Poor,21.26,47.95,7.51,Root Stress,Weak Stem,Leaf Wilting,Slow Growth,Dry_Stress
31.19,49.39,Good,39.72,68.87,9.27,Healthy Roots,Strong Stem,Green Leaves,Healthy Branches,Healthy
26.66,17.07,Poor,22.93,65.37,7.74,Root Stress,Weak Stem,Leaf Wilting,Slow Growth,Dry_Stress
28.76,79.57,Poor,28.45,84.21,48.19,Root Rot Risk,Soft Stem,Yellowing Leaves,Branch Weakness,Overwatered
33.1,44.04,Moderate,28.23,90.2,13.95,Moderate Stress,Possible Fungal Infection,Leaf Spot Risk,Moderate Growth,Disease_Risk
24.66,71.15,Good,36.17,74.24,11.56,Healthy Roots,Strong Stem,Green Leaves,Healthy Branches,Healthy
23.08,76.6,Poor,35.18,76.16,74.18,Root Rot Risk,Soft Stem,Yellowing Leaves,Branch Weakness,Overwatered
26.59,35.26,Good,30.99,45.05,71.19,Healthy Roots,Strong Stem,Green Leaves,Healthy Branches,Healthy
26.28,74.45,Good,39.31,59.44,91.49,Healthy Roots,Strong Stem,Green Leaves,Healthy Branches,Healthy
32.96,53.68,Good,25.87,50.1,10.37,Healthy Roots,Strong Stem,Green Leaves,Healthy Branches,Healthy
34.1,75.21,Poor,30.83,41.35,81.11,Root Rot Risk,Soft Stem,Yellowing Leaves,Branch Weakness,Overwatered
33.46,74,Good,27.46,50.05,2.81,Healthy Roots,Strong Stem,Green Leaves,Healthy Branches,Healthy
30.5,22.66,Poor,23.75,74.74,55.53,Root Stress,Weak Stem,Leaf Wilting,Slow Growth,Dry_Stress
27.5,62.44,Good,33.77,92.05,58.43,Healthy Roots,Strong Stem,Green Leaves,Healthy Branches,Healthy
21.14,42.65,Good,39.9,90.87,8.25,Healthy Roots,Strong Stem,Green Leaves,Healthy Branches,Healthy
34.76,12.28,Poor,20.8,64.9,92.76,Root Stress,Weak Stem,Leaf Wilting,Slow Growth,Dry_Stress
33.38,28.7,Good,37.01,75.73,83.74,Healthy Roots,Strong Stem,Green Leaves,Healthy Branches,Healthy
27.47,26.88,Good,31.05,77.25,88.83,Healthy Roots,Strong Stem,Green Leaves,Healthy Branches,Healthy
31.57,54.21,Good,38.13,82.16,55.97,Healthy Roots,Strong Stem,Green Leaves,Healthy Branches,Healthy
34.18,38.53,Good,23.02,54.81,12.37,Healthy Roots,Strong Stem,Green Leaves,Healthy Branches,Healthy
23.48,24.18,Poor,29.74,45.47,91.19,Root Stress,Weak Stem,Leaf Wilting,Slow Growth,Dry_Stress
28.33,73.04,Good,39.64,68.73,53.66,Healthy Roots,Strong Stem,Green Leaves,Healthy Branches,Healthy
35.26,23.05,Poor,31.53,44.73,27.66,Root Stress,Weak Stem,Leaf Wilting,Slow Growth,Dry_Stress
22.02,69.47,Good,20.11,90.81,11.1,Healthy Roots,Strong Stem,Green Leaves,Healthy Branches,Healthy
20.7,66.89,Good,37.96,48.97,24.02,Healthy Roots,Strong Stem,Green Leaves,Healthy Branches,Healthy
35.09,23.91,Poor,26.58,65.68,59.07,Root Stress,Weak Stem,Leaf Wilting,Slow Growth,Dry_Stress
33.77,65.74,Moderate,38.65,93.04,45.03,Moderate Stress,Possible Fungal Infection,Leaf Spot Risk,Moderate Growth,Disease_Risk
18.79,65.22,Good,28.62,65.89,53.62,Healthy Roots,Strong Stem,Green Leaves,Healthy Branches,Healthy
28.44,63.89,Good,32.23,41.07,94.25,Healthy Roots,Strong Stem,Green Leaves,Healthy Branches,Healthy
29.62,86.92,Poor,25.43,77.05,25.44,Root Rot Risk,Soft Stem,Yellowing Leaves,Branch Weakness,Overwatered
30.9,84.45,Poor,32.86,80.91,57.71,Root Rot Risk,Soft Stem,Yellowing Leaves,Branch Weakness,Overwatered
29.09,45.69,Good,32.56,47.95,16.58,Healthy Roots,Strong Stem,Green Leaves,Healthy Branches,Healthy
28.13,35.08,Good,24.82,80.49,1.13,Healthy Roots,Strong Stem,Green Leaves,Healthy Branches,Healthy
28.94,19.07,Poor,22.95,83.4,94.03,Root Stress,Weak Stem,Leaf Wilting,Slow Growth,Dry_Stress
29.15,36.18,Good,26.04,48.75,27.91,Healthy Roots,Strong Stem,Green Leaves,Healthy Branches,Healthy
19.66,61.96,Good,32.1,47.73,17.79,Healthy Roots,Strong Stem,Green Leaves,Healthy Branches,Healthy
21.13,76.77,Poor,29.99,55.7,49.54,Root Rot Risk,Soft Stem,Yellowing Leaves,Branch Weakness,Overwatered
23.15,21.75,Poor,38.71,68.29,93.59,Root Stress,Weak Stem,Leaf Wilting,Slow Growth,Dry_Stress
34.7,51.61,Moderate,37.47,85.6,89.87,Moderate Stress,Possible Fungal Infection,Leaf Spot Risk,Moderate Growth,Disease_Risk
26.41,22.53,Poor,25.65,40.01,74.06,Root Stress,Weak Stem,Leaf Wilting,Slow Growth,Dry_Stress
29.05,79.95,Poor,22.46,69.29,45.15,Root Rot Risk,Soft Stem,Yellowing Leaves,Branch Weakness,Overwatered
35.43,83.02,Poor,27.13,43.7,64.83,Root Rot Risk,Soft Stem,Yellowing Leaves,Branch Weakness,Overwatered
19.81,16.78,Poor,35.74,74.25,84.95,Root Stress,Weak Stem,Leaf Wilting,Slow Growth,Dry_Stress
21.47,16.43,Poor,29.21,94.09,58.34,Root Stress,Weak Stem,Leaf Wilting,Slow Growth,Dry_Stress
23.06,76.83,Poor,31.42,42.4,51.97,Root Rot Risk,Soft Stem,Yellowing Leaves,Branch Weakness,Overwatered
34.54,44.98,Moderate,37.62,90.13,19.45,Moderate Stress,Possible Fungal Infection,Leaf Spot Risk,Moderate Growth,Disease_Risk
30.92,38.89,Good,28.05,74.35,80.66,Healthy Roots,Strong Stem,Green Leaves,Healthy Branches,Healthy
20.35,88.67,Poor,21.75,52.17,52.1,Root Rot Risk,Soft Stem,Yellowing Leaves,Branch Weakness,Overwatered
19.28,82.52,Poor,25.94,69.7,24.19,Root Rot Risk,Soft Stem,Yellowing Leaves,Branch Weakness,Overwatered
21.06,29.25,Good,29.34,83.63,29.04,Healthy Roots,Strong Stem,Green Leaves,Healthy Branches,Healthy
34.48,30.92,Good,24.1,49.4,50.01,Healthy Roots,Strong Stem,Green Leaves,Healthy Branches,Healthy
25.58,83.95,Poor,27.24,89.18,41.3,Root Rot Risk,Soft Stem,Yellowing Leaves,Branch Weakness,Overwatered
33.66,84.47,Poor,37.76,71.49,3.29,Root Rot Risk,Soft Stem,Yellowing Leaves,Branch Weakness,Overwatered
33.24,45.29,Good,39.65,59.33,35.82,Healthy Roots,Strong Stem,Green Leaves,Healthy Branches,Healthy
35.4,43.5,Good,34.81,42.22,47.69,Healthy Roots,Strong Stem,Green Leaves,Healthy Branches,Healthy
27.76,72.67,Good,33.98,43.18,32.9,Healthy Roots,Strong Stem,Green Leaves,Healthy Branches,Healthy
22.92,20.38,Poor,26.88,41.47,33.47,Root Stress,Weak Stem,Leaf Wilting,Slow Growth,Dry_Stress
27.26,34.89,Good,34.37,64.41,43.35,Healthy Roots,Strong Stem,Green Leaves,Healthy Branches,Healthy
34.08,16.35,Poor,36.53,90.37,84.32,Root Stress,Weak Stem,Leaf Wilting,Slow Growth,Dry_Stress
35.06,22.57,Poor,22.23,57.72,18.34,Root Stress,Weak Stem,Leaf Wilting,Slow Growth,Dry_Stress
25.16,21.05,Poor,27.8,71.77,97.76,Root Stress,Weak Stem,Leaf Wilting,Slow Growth,Dry_Stress
26.77,36.22,Good,30.2,78.96,65.82,Healthy Roots,Strong Stem,Green Leaves,Healthy Branches,Healthy
32.36,70.31,Good,37.35,53.72,20.26,Healthy Roots,Strong Stem,Green Leaves,Healthy Branches,Healthy
25.15,84.39,Poor,25.56,82.23,99.01,Root Rot Risk,Soft Stem,Yellowing Leaves,Branch Weakness,Overwatered
22.31,25.61,Good,21.64,83.16,18.58,Healthy Roots,Strong Stem,Green Leaves,Healthy Branches,Healthy
23.03,24.18,Poor,37.57,81.31,4.43,Root Stress,Weak Stem,Leaf Wilting,Slow Growth,Dry_Stress
26.64,53.76,Good,33.28,81.16,87.23,Healthy Roots,Strong Stem,Green Leaves,Healthy Branches,Healthy
22.29,63.47,Good,20.54,76.35,44.27,Healthy Roots,Strong Stem,Green Leaves,Healthy Branches,Healthy
31.76,71.85,Good,28.63,60.59,29.43,Healthy Roots,Strong Stem,Green Leaves,Healthy Branches,Healthy
30.01,53.28,Good,28.17,43.51,16.52,Healthy Roots,Strong Stem,Green Leaves,Healthy Branches,Healthy
34.79,81.63,Poor,23.31,93.31,65.45,Root Rot Risk,Soft Stem,Yellowing Leaves,Branch Weakness,Overwatered
31.44,23.22,Poor,37.11,90.73,34.57,Root Stress,Weak Stem,Leaf Wilting,Slow Growth,Dry_Stress
26.16,47.26,Good,23.46,41.03,40.79,Healthy Roots,Strong Stem,Green Leaves,Healthy Branches,Healthy
21.29,20.68,Poor,20.87,43.19,72.39,Root Stress,Weak Stem,Leaf Wilting,Slow Growth,Dry_Stress
22.24,88.5,Poor,28.97,84.25,21.25,Root Rot Risk,Soft Stem,Yellowing Leaves,Branch Weakness,Overwatered
33.96,88.95,Poor,26.18,53.81,88.23,Root Rot Risk,Soft Stem,Yellowing Leaves,Branch Weakness,Overwatered
29.44,60.04,Good,39.62,76.14,61.86,Healthy Roots,Strong Stem,Green Leaves,Healthy Branches,Healthy
19.92,74.78,Good,38.82,71.32,60.21,Healthy Roots,Strong Stem,Green Leaves,Healthy Branches,Healthy
27,55.58,Good,27.56,51.15,47.19,Healthy Roots,Strong Stem,Green Leaves,Healthy Branches,Healthy
31.79,86.59,Poor,21.78,78.79,40.88,Root Rot Risk,Soft Stem,Yellowing Leaves,Branch Weakness,Overwatered
32.49,71.77,Good,24.61,47.59,34.92,Healthy Roots,Strong Stem,Green Leaves,Healthy Branches,Healthy
33.11,51.68,Good,34.35,42.02,52.05,Healthy Roots,Strong Stem,Green Leaves,Healthy Branches,Healthy
34.4,47.33,Good,39.58,50.07,37.06,Healthy Roots,Strong Stem,Green Leaves,Healthy Branches,Healthy
26.68,65.99,Good,22.54,53.36,67.86,Healthy Roots,Strong Stem,Green Leaves,Healthy Branches,Healthy
30.01,21.96,Poor,24.21,64.14,51.42,Root Stress,Weak Stem,Leaf Wilting,Slow Growth,Dry_Stress
19.32,43.56,Good,39.26,57.97,21.08,Healthy Roots,Strong Stem,Green Leaves,Healthy Branches,Healthy
29.91,16.73,Poor,26.16,48.57,17.66,Root Stress,Weak Stem,Leaf Wilting,Slow Growth,Dry_Stress
27.26,42.29,Good,38.02,91.63,49.63,Healthy Roots,Strong Stem,Green Leaves,Healthy Branches,Healthy
21.84,83.05,Poor,34.15,64.08,49.47,Root Rot Risk,Soft Stem,Yellowing Leaves,Branch Weakness,Overwatered
22.55,50.36,Good,24.5,78.02,95.79,Healthy Roots,Strong Stem,Green Leaves,Healthy Branches,Healthy
30.74,68.53,Good,22.14,46.79,15.61,Healthy Roots,Strong Stem,Green Leaves,Healthy Branches,Healthy
22.07,17.17,Poor,37.72,52.45,40.05,Root Stress,Weak Stem,Leaf Wilting,Slow Growth,Dry_Stress
24.17,13.61,Poor,33.75,45.62,99.25,Root Stress,Weak Stem,Leaf Wilting,Slow Growth,Dry_Stress
24.79,27.08,Good,39.92,65.98,8.04,Healthy Roots,Strong Stem,Green Leaves,Healthy Branches,Healthy
31.7,73.87,Good,22.29,61.36,46.62,Healthy Roots,Strong Stem,Green Leaves,Healthy Branches,Healthy
21.47,27.46,Good,27.08,72.61,92.42,Healthy Roots,Strong Stem,Green Leaves,Healthy Branches,Healthy
19.43,21.62,Poor,32.83,54.08,84.39,Root Stress,Weak Stem,Leaf Wilting,Slow Growth,Dry_Stress
21.3,68.75,Good,25.65,92.56,17.37,Healthy Roots,Strong Stem,Green Leaves,Healthy Branches,Healthy
30.83,55.64,Moderate,36.67,93.27,62.52,Moderate Stress,Possible Fungal Infection,Leaf Spot Risk,Moderate Growth,Disease_Risk
18.91,23.02,Poor,36.36,74.38,3.41,Root Stress,Weak Stem,Leaf Wilting,Slow Growth,Dry_Stress
27.98,50.66,Good,34.22,87.43,96.68,Healthy Roots,Strong Stem,Green Leaves,Healthy Branches,Healthy
27.08,28.66,Good,20.62,68.42,67.12,Healthy Roots,Strong Stem,Green Leaves,Healthy Branches,Healthy
24.74,40.45,Good,38.21,78.11,96.35,Healthy Roots,Strong Stem,Green Leaves,Healthy Branches,Healthy
24.25,51.99,Good,28.78,55.99,55.87,Healthy Roots,Strong Stem,Green Leaves,Healthy Branches,Healthy
27.7,87.78,Poor,34.03,87.38,29.72,Root Rot Risk,Soft Stem,Yellowing Leaves,Branch Weakness,Overwatered
19.1,40.62,Good,28.33,48.02,50.06,Healthy Roots,Strong Stem,Green Leaves,Healthy Branches,Healthy
23.81,22.05,Poor,30.66,72.24,88.45,Root Stress,Weak Stem,Leaf Wilting,Slow Growth,Dry_Stress
25.5,63.58,Good,27.07,46.88,75.81,Healthy Roots,Strong Stem,Green Leaves,Healthy Branches,Healthy
20.55,77.74,Poor,30.02,93.37,82.51,Root Rot Risk,Soft Stem,Yellowing Leaves,Branch Weakness,Overwatered
27.44,75.76,Poor,24.76,87.23,26.49,Root Rot Risk,Soft Stem,Yellowing Leaves,Branch Weakness,Overwatered
23.57,30.42,Good,26.6,59.28,1.41,Healthy Roots,Strong Stem,Green Leaves,Healthy Branches,Healthy
19.18,81.99,Poor,29.75,41.94,88.59,Root Rot Risk,Soft Stem,Yellowing Leaves,Branch Weakness,Overwatered
20.31,20.73,Poor,24.22,61.43,27.67,Root Stress,Weak Stem,Leaf Wilting,Slow Growth,Dry_Stress
23.9,20.77,Poor,37.97,90.78,40.64,Root Stress,Weak Stem,Leaf Wilting,Slow Growth,Dry_Stress
29.91,70.85,Good,22.45,55.6,64.28,Healthy Roots,Strong Stem,Green Leaves,Healthy Branches,Healthy
32.4,67.16,Good,26.3,42.72,11.05,Healthy Roots,Strong Stem,Green Leaves,Healthy Branches,Healthy
26.75,51.69,Good,26.48,43.98,74.67,Healthy Roots,Strong Stem,Green Leaves,Healthy Branches,Healthy
18.84,65.91,Good,23.56,48.96,3.72,Healthy Roots,Strong Stem,Green Leaves,Healthy Branches,Healthy
28.93,32.81,Good,39.02,40.71,39.61,Healthy Roots,Strong Stem,Green Leaves,Healthy Branches,Healthy
34.3,85.35,Poor,25.64,59.67,53.99,Root Rot Risk,Soft Stem,Yellowing Leaves,Branch Weakness,Overwatered
18.93,42.18,Good,23.58,73.77,2.69,Healthy Roots,Strong Stem,Green Leaves,Healthy Branches,Healthy
24.26,71.74,Good,23.47,43.18,86.08,Healthy Roots,Strong Stem,Green Leaves,Healthy Branches,Healthy
18.3,80.92,Poor,36.1,55.6,0.96,Root Rot Risk,Soft Stem,Yellowing Leaves,Branch Weakness,Overwatered
28.39,50.81,Good,26.76,58.59,66.33,Healthy Roots,Strong Stem,Green Leaves,Healthy Branches,Healthy
19.88,10.24,Poor,28.19,42.35,8.41,Root Stress,Weak Stem,Leaf Wilting,Slow Growth,Dry_Stress
34.94,71.74,Moderate,33.73,86.02,54.69,Moderate Stress,Possible Fungal Infection,Leaf Spot Risk,Moderate Growth,Disease_Risk
25.33,86.17,Poor,38.44,74.77,36.99,Root Rot Risk,Soft Stem,Yellowing Leaves,Branch Weakness,Overwatered
29.18,27.96,Good,21.52,62.71,21.16,Healthy Roots,Strong Stem,Green Leaves,Healthy Branches,Healthy
23.92,88.75,Poor,23.93,60.71,23.41,Root Rot Risk,Soft Stem,Yellowing Leaves,Branch Weakness,Overwatered
24.05,14.41,Poor,23.57,52.12,69.54,Root Stress,Weak Stem,Leaf Wilting,Slow Growth,Dry_Stress
18.21,68.34,Good,34.99,67.67,78,Healthy Roots,Strong Stem,Green Leaves,Healthy Branches,Healthy
33.6,83.18,Poor,32.72,47.46,79.38,Root Rot Risk,Soft Stem,Yellowing Leaves,Branch Weakness,Overwatered
22.86,86.53,Poor,36.25,75,80.94,Root Rot Risk,Soft Stem,Yellowing Leaves,Branch Weakness,Overwatered
22.47,12.87,Poor,20.04,49.45,12.26,Root Stress,Weak Stem,Leaf Wilting,Slow Growth,Dry_Stress
24.48,84.19,Poor,23.23,64.11,56.62,Root Rot Risk,Soft Stem,Yellowing Leaves,Branch Weakness,Overwatered
21.31,69.15,Good,29.47,71.26,75.02,Healthy Roots,Strong Stem,Green Leaves,Healthy Branches,Healthy
23.62,78.24,Poor,32.83,66.04,87.48,Root Rot Risk,Soft Stem,Yellowing Leaves,Branch Weakness,Overwatered
23.06,56.84,Good,34.22,83.67,32.66,Healthy Roots,Strong Stem,Green Leaves,Healthy Branches,Healthy
35.55,28.11,Good,32.11,62.14,92.12,Healthy Roots,Strong Stem,Green Leaves,Healthy Branches,Healthy
33.77,62.4,Moderate,27.52,92.04,9.71,Moderate Stress,Possible Fungal Infection,Leaf Spot Risk,Moderate Growth,Disease_Risk
23.08,68.14,Good,20.53,60.29,36.71,Healthy Roots,Strong Stem,Green Leaves,Healthy Branches,Healthy
33.11,32.18,Good,25.42,75.84,26.9,Healthy Roots,Strong Stem,Green Leaves,Healthy Branches,Healthy
18.69,52.06,Good,22.18,47.53,98.92,Healthy Roots,Strong Stem,Green Leaves,Healthy Branches,Healthy
28.23,74.72,Good,38.56,64.64,36,Healthy Roots,Strong Stem,Green Leaves,Healthy Branches,Healthy
33.54,72.08,Good,39.14,66.88,74.11,Healthy Roots,Strong Stem,Green Leaves,Healthy Branches,Healthy
21.9,39.43,Good,31.75,67.13,18.07,Healthy Roots,Strong Stem,Green Leaves,Healthy Branches,Healthy
20.9,66.21,Good,38.47,63.25,80.65,Healthy Roots,Strong Stem,Green Leaves,Healthy Branches,Healthy
32.29,80.49,Poor,31.62,49.53,99.42,Root Rot Risk,Soft Stem,Yellowing Leaves,Branch Weakness,Overwatered
29.76,78.43,Poor,29.26,78.29,38.06,Root Rot Risk,Soft Stem,Yellowing Leaves,Branch Weakness,Overwatered
35.53,16.21,Poor,35.31,49.03,41.54,Root Stress,Weak Stem,Leaf Wilting,Slow Growth,Dry_Stress
20.86,35.09,Good,26.41,90.19,16.57,Healthy Roots,Strong Stem,Green Leaves,Healthy Branches,Healthy
20.67,30.88,Good,39.03,58.77,43.11,Healthy Roots,Strong Stem,Green Leaves,Healthy Branches,Healthy
19,47.01,Good,30.2,52.57,22.49,Healthy Roots,Strong Stem,Green Leaves,Healthy Branches,Healthy
23.84,25.47,Good,36.58,62.71,99.69,Healthy Roots,Strong Stem,Green Leaves,Healthy Branches,Healthy
18.86,23.28,Poor,34.62,71.2,55.9,Root Stress,Weak Stem,Leaf Wilting,Slow Growth,Dry_Stress
29.05,70.61,Good,33.91,49.23,9.73,Healthy Roots,Strong Stem,Green Leaves,Healthy Branches,Healthy
19.55,45.07,Good,31.77,94.5,45.74,Healthy Roots,Strong Stem,Green Leaves,Healthy Branches,Healthy
26.18,29.92,Good,24.94,85.25,57.29,Healthy Roots,Strong Stem,Green Leaves,Healthy Branches,Healthy
27.27,21.82,Poor,27.33,76.6,2.7,Root Stress,Weak Stem,Leaf Wilting,Slow Growth,Dry_Stress
19.55,37.42,Good,28.64,60.44,15.44,Healthy Roots,Strong Stem,Green Leaves,Healthy Branches,Healthy
30.45,74.51,Good,28.89,57.65,47.86,Healthy Roots,Strong Stem,Green Leaves,Healthy Branches,Healthy
35.83,59.43,Good,25.77,41.42,7.16,Healthy Roots,Strong Stem,Green Leaves,Healthy Branches,Healthy
25.01,75.55,Poor,31.12,93.54,53.63,Root Rot Risk,Soft Stem,Yellowing Leaves,Branch Weakness,Overwatered
27.3,73.64,Good,30.64,49.25,37.96,Healthy Roots,Strong Stem,Green Leaves,Healthy Branches,Healthy
24.75,89.32,Poor,24.91,55.42,12.87,Root Rot Risk,Soft Stem,Yellowing Leaves,Branch Weakness,Overwatered
35.64,12.85,Poor,23.79,65.99,84.96,Root Stress,Weak Stem,Leaf Wilting,Slow Growth,Dry_Stress
33.31,66.47,Moderate,38.63,90.76,27.53,Moderate Stress,Possible Fungal Infection,Leaf Spot Risk,Moderate Growth,Disease_Risk
35.44,26.01,Good,31.57,75.43,4.42,Healthy Roots,Strong Stem,Green Leaves,Healthy Branches,Healthy
24.96,28.68,Good,20.39,44.47,58.67,Healthy Roots,Strong Stem,Green Leaves,Healthy Branches,Healthy
23.69,16.32,Poor,29.54,59.32,56.37,Root Stress,Weak Stem,Leaf Wilting,Slow Growth,Dry_Stress
18.29,70.51,Good,29.05,85.08,61.19,Healthy Roots,Strong Stem,Green Leaves,Healthy Branches,Healthy
19.38,13.6,Poor,29.74,79.54,98.52,Root Stress,Weak Stem,Leaf Wilting,Slow Growth,Dry_Stress
35.21,55.19,Good,24.61,53.06,8.23,Healthy Roots,Strong Stem,Green Leaves,Healthy Branches,Healthy
28.52,24.71,Poor,38.9,73.38,96.88,Root Stress,Weak Stem,Leaf Wilting,Slow Growth,Dry_Stress
26.03,71.26,Good,23.21,74.07,81.14,Healthy Roots,Strong Stem,Green Leaves,Healthy Branches,Healthy
20.84,35.91,Good,37.77,58.63,44.84,Healthy Roots,Strong Stem,Green Leaves,Healthy Branches,Healthy
34.88,15.27,Poor,23.39,89.8,42.74,Root Stress,Weak Stem,Leaf Wilting,Slow Growth,Dry_Stress
18.71,84.81,Poor,20.7,80.18,9.65,Root Rot Risk,Soft Stem,Yellowing Leaves,Branch Weakness,Overwatered
29.67,28.79,Good,22.08,86.59,17.94,Healthy Roots,Strong Stem,Green Leaves,Healthy Branches,Healthy
28.78,43.3,Good,39.34,91.58,69.44,Healthy Roots,Strong Stem,Green Leaves,Healthy Branches,Healthy
31.16,24.4,Poor,27.39,80.83,30.29,Root Stress,Weak Stem,Leaf Wilting,Slow Growth,Dry_Stress
31.39,26.54,Good,30.39,62.53,46.42,Healthy Roots,Strong Stem,Green Leaves,Healthy Branches,Healthy
30.14,46.42,Moderate,30.13,92.56,15.19,Moderate Stress,Possible Fungal Infection,Leaf Spot Risk,Moderate Growth,Disease_Risk
27.96,13.72,Poor,36.18,79.47,84.18,Root Stress,Weak Stem,Leaf Wilting,Slow Growth,Dry_Stress
25.81,10.73,Poor,24.44,81.7,39.21,Root Stress,Weak Stem,Leaf Wilting,Slow Growth,Dry_Stress
32.43,57.18,Good,28.45,74.69,98.56,Healthy Roots,Strong Stem,Green Leaves,Healthy Branches,Healthy
20.39,39.37,Good,38.17,53.03,98.48,Healthy Roots,Strong Stem,Green Leaves,Healthy Branches,Healthy
23.08,86.28,Poor,33.98,68.85,3.3,Root Rot Risk,Soft Stem,Yellowing Leaves,Branch Weakness,Overwatered
32.07,86.81,Poor,24.87,46.58,14.88,Root Rot Risk,Soft Stem,Yellowing Leaves,Branch Weakness,Overwatered
34,10.6,Poor,34.06,91.36,80.11,Root Stress,Weak Stem,Leaf Wilting,Slow Growth,Dry_Stress
29.92,58.83,Good,36.75,57.15,15.59,Healthy Roots,Strong Stem,Green Leaves,Healthy Branches,Healthy
18.9,30.95,Good,27.71,42.03,82.64,Healthy Roots,Strong Stem,Green Leaves,Healthy Branches,Healthy
32.95,15.99,Poor,29.22,50.37,44.38,Root Stress,Weak Stem,Leaf Wilting,Slow Growth,Dry_Stress
35.43,68.65,Good,33.92,52.81,75.46,Healthy Roots,Strong Stem,Green Leaves,Healthy Branches,Healthy
26.29,42.19,Good,26.31,47.79,93.32,Healthy Roots,Strong Stem,Green Leaves,Healthy Branches,Healthy
25.03,32.01,Good,26.26,51.04,84.84,Healthy Roots,Strong Stem,Green Leaves,Healthy Branches,Healthy
24.34,47.74,Good,34.03,50.29,73.08,Healthy Roots,Strong Stem,Green Leaves,Healthy Branches,Healthy
28.92,22.89,Poor,36.62,72.32,29.05,Root Stress,Weak Stem,Leaf Wilting,Slow Growth,Dry_Stress
21.06,62.76,Good,31.09,52.92,6.37,Healthy Roots,Strong Stem,Green Leaves,Healthy Branches,Healthy
20.42,36.83,Good,26.82,78.66,64.58,Healthy Roots,Strong Stem,Green Leaves,Healthy Branches,Healthy
35.84,85.83,Poor,34.22,45.73,57.8,Root Rot Risk,Soft Stem,Yellowing Leaves,Branch Weakness,Overwatered
27.02,58.97,Good,25.76,93.84,95.62,Healthy Roots,Strong Stem,Green Leaves,Healthy Branches,Healthy
27.27,74.54,Good,21.11,64.64,38.3,Healthy Roots,Strong Stem,Green Leaves,Healthy Branches,Healthy
23.43,86.11,Poor,32.37,52.18,68.52,Root Rot Risk,Soft Stem,Yellowing Leaves,Branch Weakness,Overwatered
18.8,17.11,Poor,20.06,73.85,37.72,Root Stress,Weak Stem,Leaf Wilting,Slow Growth,Dry_Stress
19.16,73.06,Good,32.94,87.88,62.93,Healthy Roots,Strong Stem,Green Leaves,Healthy Branches,Healthy
19.06,43.54,Good,28.02,49.52,17.29,Healthy Roots,Strong Stem,Green Leaves,Healthy Branches,Healthy
30.66,48.74,Good,30.87,52.67,14.39,Healthy Roots,Strong Stem,Green Leaves,Healthy Branches,Healthy
32.03,56.26,Good,25.76,51.8,70.77,Healthy Roots,Strong Stem,Green Leaves,Healthy Branches,Healthy
35.12,59.44,Moderate,32.93,85.02,46.09,Moderate Stress,Possible Fungal Infection,Leaf Spot Risk,Moderate Growth,Disease_Risk
35.65,77.75,Poor,36.93,72.34,14.39,Root Rot Risk,Soft Stem,Yellowing Leaves,Branch Weakness,Overwatered
20.72,25.24,Good,27.67,85.66,29.98,Healthy Roots,Strong Stem,Green Leaves,Healthy Branches,Healthy
18.27,58.79,Good,30.73,81.56,64.05,Healthy Roots,Strong Stem,Green Leaves,Healthy Branches,Healthy
30.32,66.12,Good,39.79,41.25,42.05,Healthy Roots,Strong Stem,Green Leaves,Healthy Branches,Healthy
23.26,38.8,Good,30.8,84.75,48.76,Healthy Roots,Strong Stem,Green Leaves,Healthy Branches,Healthy
34.61,20.01,Poor,23.83,94.79,15.72,Root Stress,Weak Stem,Leaf Wilting,Slow Growth,Dry_Stress
26.78,82.31,Poor,31.18,49.66,44.2,Root Rot Risk,Soft Stem,Yellowing Leaves,Branch Weakness,Overwatered
25.89,14.19,Poor,25.55,78.61,87.63,Root Stress,Weak Stem,Leaf Wilting,Slow Growth,Dry_Stress
25.57,59.85,Good,20.78,69.26,88.96,Healthy Roots,Strong Stem,Green Leaves,Healthy Branches,Healthy
23.53,57.2,Good,24.98,48.38,46.06,Healthy Roots,Strong Stem,Green Leaves,Healthy Branches,Healthy
28.15,60.6,Good,20.37,47.28,4.01,Healthy Roots,Strong Stem,Green Leaves,Healthy Branches,Healthy
21.33,85.09,Poor,22.14,90.1,76.73,Root Rot Risk,Soft Stem,Yellowing Leaves,Branch Weakness,Overwatered
35.59,87.54,Poor,27.55,68.25,22.43,Root Rot Risk,Soft Stem,Yellowing Leaves,Branch Weakness,Overwatered
32.52,27.7,Good,27.51,67.68,69.12,Healthy Roots,Strong Stem,Green Leaves,Healthy Branches,Healthy
33.36,66.76,Good,35.02,69.17,68.03,Healthy Roots,Strong Stem,Green Leaves,Healthy Branches,Healthy
35.03,73.68,Good,20.6,49.6,4.75,Healthy Roots,Strong Stem,Green Leaves,Healthy Branches,Healthy
30.29,49.84,Good,24.63,43.91,38.1,Healthy Roots,Strong Stem,Green Leaves,Healthy Branches,Healthy
34.23,65.94,Good,22.22,52.44,77.92,Healthy Roots,Strong Stem,Green Leaves,Healthy Branches,Healthy
31.29,11.83,Poor,23.97,67.23,70.05,Root Stress,Weak Stem,Leaf Wilting,Slow Growth,Dry_Stress
26.54,45.05,Good,34.87,71.3,8.79,Healthy Roots,Strong Stem,Green Leaves,Healthy Branches,Healthy
18.38,43.67,Good,29.33,64.58,0.75,Healthy Roots,Strong Stem,Green Leaves,Healthy Branches,Healthy
27.28,71.09,Good,31.42,45.17,44.41,Healthy Roots,Strong Stem,Green Leaves,Healthy Branches,Healthy
27.71,32.75,Good,35.63,68.68,3.93,Healthy Roots,Strong Stem,Green Leaves,Healthy Branches,Healthy
31.25,83.57,Poor,22.69,50.21,90.5,Root Rot Risk,Soft Stem,Yellowing Leaves,Branch Weakness,Overwatered
33.64,66.47,Good,24.4,59.79,35.66,Healthy Roots,Strong Stem,Green Leaves,Healthy Branches,Healthy
29.32,68.78,Good,30.13,42.82,38.17,Healthy Roots,Strong Stem,Green Leaves,Healthy Branches,Healthy
19.57,84.76,Poor,25.83,66.61,47.27,Root Rot Risk,Soft Stem,Yellowing Leaves,Branch Weakness,Overwatered
19.65,51.12,Good,24.99,81.36,82.02,Healthy Roots,Strong Stem,Green Leaves,Healthy Branches,Healthy
33.68,50.38,Good,38.88,72.79,70,Healthy Roots,Strong Stem,Green Leaves,Healthy Branches,Healthy
33.86,10.98,Poor,24.88,69.52,90.87,Root Stress,Weak Stem,Leaf Wilting,Slow Growth,Dry_Stress
25.21,16.97,Poor,38.23,93.43,59.3,Root Stress,Weak Stem,Leaf Wilting,Slow Growth,Dry_Stress
19.23,73.36,Good,34.45,84.86,16.63,Healthy Roots,Strong Stem,Green Leaves,Healthy Branches,Healthy
19.93,58.41,Good,26.44,67.78,48.07,Healthy Roots,Strong Stem,Green Leaves,Healthy Branches,Healthy
20.06,69.67,Good,20.31,59.18,12.59,Healthy Roots,Strong Stem,Green Leaves,Healthy Branches,Healthy
34.45,44.73,Good,23.78,56,76.37,Healthy Roots,Strong Stem,Green Leaves,Healthy Branches,Healthy
25.31,22.7,Poor,31.69,51.31,66.27,Root Stress,Weak Stem,Leaf Wilting,Slow Growth,Dry_Stress
26.35,18.85,Poor,38.45,59.96,30.68,Root Stress,Weak Stem,Leaf Wilting,Slow Growth,Dry_Stress
32.74,84.65,Poor,30.84,52.23,43.49,Root Rot Risk,Soft Stem,Yellowing Leaves,Branch Weakness,Overwatered
22.38,69.05,Good,35.28,87.21,49.82,Healthy Roots,Strong Stem,Green Leaves,Healthy Branches,Healthy
27.59,21.52,Poor,29.56,77.5,52.32,Root Stress,Weak Stem,Leaf Wilting,Slow Growth,Dry_Stress
28.41,32.97,Good,34.35,49.74,96.46,Healthy Roots,Strong Stem,Green Leaves,Healthy Branches,Healthy
25.47,23.95,Poor,21.18,89.96,20.74,Root Stress,Weak Stem,Leaf Wilting,Slow Growth,Dry_Stress
20.17,35.58,Good,32.24,48.72,16.71,Healthy Roots,Strong Stem,Green Leaves,Healthy Branches,Healthy
25.63,59.5,Good,26.39,93.21,84.14,Healthy Roots,Strong Stem,Green Leaves,Healthy Branches,Healthy
20.02,43.45,Good,36.79,61.62,76.06,Healthy Roots,Strong Stem,Green Leaves,Healthy Branches,Healthy
23.71,76.79,Poor,20.23,41.85,78.16,Root Rot Risk,Soft Stem,Yellowing Leaves,Branch Weakness,Overwatered
25.21,14.71,Poor,22.83,66.95,66.6,Root Stress,Weak Stem,Leaf Wilting,Slow Growth,Dry_Stress
21.43,12.76,Poor,37.66,75.25,72.12,Root Stress,Weak Stem,Leaf Wilting,Slow Growth,Dry_Stress
35.95,73.02,Good,23.54,49.32,40.97,Healthy Roots,Strong Stem,Green Leaves,Healthy Branches,Healthy
30.42,77.04,Poor,32.97,80.24,50.42,Root Rot Risk,Soft Stem,Yellowing Leaves,Branch Weakness,Overwatered
34.77,62.37,Good,39.08,55.93,58.37,Healthy Roots,Strong Stem,Green Leaves,Healthy Branches,Healthy
34.78,28.41,Good,32.46,63.37,12.85,Healthy Roots,Strong Stem,Green Leaves,Healthy Branches,Healthy
23.16,57.95,Good,29.17,94.26,97.1,Healthy Roots,Strong Stem,Green Leaves,Healthy Branches,Healthy
20.61,16.93,Poor,28.5,78.33,82.9,Root Stress,Weak Stem,Leaf Wilting,Slow Growth,Dry_Stress
35.85,51.77,Good,37.16,62.13,79.47,Healthy Roots,Strong Stem,Green Leaves,Healthy Branches,Healthy
27.18,45.71,Good,20.43,90.09,34.21,Healthy Roots,Strong Stem,Green Leaves,Healthy Branches,Healthy
30.19,16.03,Poor,38.42,56.47,65.8,Root Stress,Weak Stem,Leaf Wilting,Slow Growth,Dry_Stress
33.6,70.19,Good,33.11,83.12,35.25,Healthy Roots,Strong Stem,Green Leaves,Healthy Branches,Healthy
24.12,84.04,Poor,37.47,58.84,81.14,Root Rot Risk,Soft Stem,Yellowing Leaves,Branch Weakness,Overwatered
28.66,20.37,Poor,34.02,86.12,2.37,Root Stress,Weak Stem,Leaf Wilting,Slow Growth,Dry_Stress
23.38,79.66,Poor,29.07,75.21,74.67,Root Rot Risk,Soft Stem,Yellowing Leaves,Branch Weakness,Overwatered
21.88,15.19,Poor,34.52,64.28,24.35,Root Stress,Weak Stem,Leaf Wilting,Slow Growth,Dry_Stress
18.62,67.75,Good,36.12,90.39,96.34,Healthy Roots,Strong Stem,Green Leaves,Healthy Branches,Healthy
22.24,76.96,Poor,20.11,69.51,97.19,Root Rot Risk,Soft Stem,Yellowing Leaves,Branch Weakness,Overwatered
22.49,50.95,Good,26.96,44.72,56.24,Healthy Roots,Strong Stem,Green Leaves,Healthy Branches,Healthy
31.45,74.85,Good,36.54,55.58,0.47,Healthy Roots,Strong Stem,Green Leaves,Healthy Branches,Healthy
27.29,84.74,Poor,35.08,46.4,59.97,Root Rot Risk,Soft Stem,Yellowing Leaves,Branch Weakness,Overwatered
31.92,54.04,Good,32.76,72.69,39.12,Healthy Roots,Strong Stem,Green Leaves,Healthy Branches,Healthy
23.15,57.85,Good,37.97,76.8,93.33,Healthy Roots,Strong Stem,Green Leaves,Healthy Branches,Healthy
21.83,83.8,Poor,22.29,88.57,81.1,Root Rot Risk,Soft Stem,Yellowing Leaves,Branch Weakness,Overwatered
28.4,32.65,Good,39.94,78.17,62.76,Healthy Roots,Strong Stem,Green Leaves,Healthy Branches,Healthy
22.88,67.71,Good,35.53,73.62,81.32,Healthy Roots,Strong Stem,Green Leaves,Healthy Branches,Healthy
31.57,66.92,Moderate,38.12,88.36,56.72,Moderate Stress,Possible Fungal Infection,Leaf Spot Risk,Moderate Growth,Disease_Risk
24.88,63.24,Good,39.19,86.76,30.91,Healthy Roots,Strong Stem,Green Leaves,Healthy Branches,Healthy
23.05,63.04,Good,21.73,47.49,47.83,Healthy Roots,Strong Stem,Green Leaves,Healthy Branches,Healthy
31.56,29.77,Moderate,29.42,94.77,30.07,Moderate Stress,Possible Fungal Infection,Leaf Spot Risk,Moderate Growth,Disease_Risk
21.4,81.74,Poor,24.24,67.41,4.37,Root Rot Risk,Soft Stem,Yellowing Leaves,Branch Weakness,Overwatered
31.05,59.74,Good,32.88,75.75,9.66,Healthy Roots,Strong Stem,Green Leaves,Healthy Branches,Healthy
25.02,36.27,Good,32.31,69.64,99.23,Healthy Roots,Strong Stem,Green Leaves,Healthy Branches,Healthy
19.53,25.57,Good,24.03,70.08,23.19,Healthy Roots,Strong Stem,Green Leaves,Healthy Branches,Healthy
29.3,68.12,Good,39.97,46.95,49.08,Healthy Roots,Strong Stem,Green Leaves,Healthy Branches,Healthy
28.97,11.56,Poor,21.83,73.46,40.24,Root Stress,Weak Stem,Leaf Wilting,Slow Growth,Dry_Stress
19.8,52.46,Good,32.5,66.4,21.92,Healthy Roots,Strong Stem,Green Leaves,Healthy Branches,Healthy
26.28,26.43,Good,26.08,84.55,12.85,Healthy Roots,Strong Stem,Green Leaves,Healthy Branches,Healthy
26.33,83.18,Poor,35.3,43.27,91.78,Root Rot Risk,Soft Stem,Yellowing Leaves,Branch Weakness,Overwatered
30.89,67.34,Good,26.02,83.59,0.96,Healthy Roots,Strong Stem,Green Leaves,Healthy Branches,Healthy
21.54,45.74,Good,27.1,62.27,46.94,Healthy Roots,Strong Stem,Green Leaves,Healthy Branches,Healthy
28.07,58.84,Good,31.03,81.82,62.89,Healthy Roots,Strong Stem,Green Leaves,Healthy Branches,Healthy
35.86,48.73,Good,28.92,84.79,80.97,Healthy Roots,Strong Stem,Green Leaves,Healthy Branches,Healthy
18.28,15.41,Poor,28.62,75.04,13.59,Root Stress,Weak Stem,Leaf Wilting,Slow Growth,Dry_Stress
30.9,43.78,Good,30.03,84.49,81.91,Healthy Roots,Strong Stem,Green Leaves,Healthy Branches,Healthy
24.29,59.35,Good,24.07,77.89,55.65,Healthy Roots,Strong Stem,Green Leaves,Healthy Branches,Healthy
26.73,50.53,Good,38.53,66.46,23.83,Healthy Roots,Strong Stem,Green Leaves,Healthy Branches,Healthy
23.08,85.78,Poor,26.17,58.96,84.15,Root Rot Risk,Soft Stem,Yellowing Leaves,Branch Weakness,Overwatered
26.28,39.67,Good,28.19,62.35,17.12,Healthy Roots,Strong Stem,Green Leaves,Healthy Branches,Healthy
26.92,52.62,Good,25.56,91.22,49.74,Healthy Roots,Strong Stem,Green Leaves,Healthy Branches,Healthy
34.56,40,Good,36.02,52.18,71.71,Healthy Roots,Strong Stem,Green Leaves,Healthy Branches,Healthy
33.72,80.74,Poor,35.1,83.68,45.27,Root Rot Risk,Soft Stem,Yellowing Leaves,Branch Weakness,Overwatered
34.75,83.15,Poor,24.01,53.98,66.12,Root Rot Risk,Soft Stem,Yellowing Leaves,Branch Weakness,Overwatered
35.42,47.89,Good,28.03,76.03,19.76,Healthy Roots,Strong Stem,Green Leaves,Healthy Branches,Healthy
25.1,25.07,Good,34.1,43.78,32.13,Healthy Roots,Strong Stem,Green Leaves,Healthy Branches,Healthy
32.05,45.51,Good,20.86,78.54,33.27,Healthy Roots,Strong Stem,Green Leaves,Healthy Branches,Healthy
34.02,74.42,Good,23.98,81.89,50.96,Healthy Roots,Strong Stem,Green Leaves,Healthy Branches,Healthy
20.11,39.62,Good,22.17,83.97,91.68,Healthy Roots,Strong Stem,Green Leaves,Healthy Branches,Healthy
31.07,83.17,Poor,29.5,74.55,72.48,Root Rot Risk,Soft Stem,Yellowing Leaves,Branch Weakness,Overwatered
28.39,74.31,Good,31.97,86.59,99.08,Healthy Roots,Strong Stem,Green Leaves,Healthy Branches,Healthy
21.58,20.58,Poor,37.8,70.15,28.79,Root Stress,Weak Stem,Leaf Wilting,Slow Growth,Dry_Stress
29.37,52.66,Good,38.5,47.34,17.55,Healthy Roots,Strong Stem,Green Leaves,Healthy Branches,Healthy
30.39,79.65,Poor,39.04,42.79,89.89,Root Rot Risk,Soft Stem,Yellowing Leaves,Branch Weakness,Overwatered
29.77,84.77,Poor,21.67,81.13,20,Root Rot Risk,Soft Stem,Yellowing Leaves,Branch Weakness,Overwatered
18.11,19.09,Poor,31.08,70.26,8.8,Root Stress,Weak Stem,Leaf Wilting,Slow Growth,Dry_Stress
34.65,18.19,Poor,28.79,52.89,67.34,Root Stress,Weak Stem,Leaf Wilting,Slow Growth,Dry_Stress
24.32,49.34,Good,35.62,91.56,88.98,Healthy Roots,Strong Stem,Green Leaves,Healthy Branches,Healthy
32.44,51.47,Good,39.56,70.86,76.09,Healthy Roots,Strong Stem,Green Leaves,Healthy Branches,Healthy
20.78,30.44,Good,37.04,86.06,78.89,Healthy Roots,Strong Stem,Green Leaves,Healthy Branches,Healthy
28.84,82.09,Poor,33.63,76.22,98.48,Root Rot Risk,Soft Stem,Yellowing Leaves,Branch Weakness,Overwatered
19.04,27.89,Good,33.48,78.13,57.52,Healthy Roots,Strong Stem,Green Leaves,Healthy Branches,Healthy
28.02,66.06,Good,28.71,76.74,95.71,Healthy Roots,Strong Stem,Green Leaves,Healthy Branches,Healthy
29.65,70.37,Good,23.05,85.49,28.25,Healthy Roots,Strong Stem,Green Leaves,Healthy Branches,Healthy
24.97,12.41,Poor,39.53,60.73,32.47,Root Stress,Weak Stem,Leaf Wilting,Slow Growth,Dry_Stress
30.93,13.96,Poor,22.19,47.37,7.14,Root Stress,Weak Stem,Leaf Wilting,Slow Growth,Dry_Stress
26.54,58.93,Good,28.22,77.37,36.75,Healthy Roots,Strong Stem,Green Leaves,Healthy Branches,Healthy
19.02,18.8,Poor,39.95,74.86,66.34,Root Stress,Weak Stem,Leaf Wilting,Slow Growth,Dry_Stress
18.7,24,Poor,22.84,92.88,68.32,Root Stress,Weak Stem,Leaf Wilting,Slow Growth,Dry_Stress
18.91,78.59,Poor,31.52,56.12,75.93,Root Rot Risk,Soft Stem,Yellowing Leaves,Branch Weakness,Overwatered
24.11,46.77,Good,39.07,60.13,39.75,Healthy Roots,Strong Stem,Green Leaves,Healthy Branches,Healthy
34.72,40.98,Good,26.42,53.89,40.25,Healthy Roots,Strong Stem,Green Leaves,Healthy Branches,Healthy
23.92,84.4,Poor,24.96,63.02,73,Root Rot Risk,Soft Stem,Yellowing Leaves,Branch Weakness,Overwatered
32.67,45.31,Good,20.22,60.29,11.76,Healthy Roots,Strong Stem,Green Leaves,Healthy Branches,Healthy
29.6,26.75,Good,20.59,56.17,86.45,Healthy Roots,Strong Stem,Green Leaves,Healthy Branches,Healthy
30.65,44.68,Moderate,38.58,87.1,28.24,Moderate Stress,Possible Fungal Infection,Leaf Spot Risk,Moderate Growth,Disease_Risk
29.8,49.06,Good,29.07,79.84,19.34,Healthy Roots,Strong Stem,Green Leaves,Healthy Branches,Healthy
21.63,75.37,Poor,25.18,72.63,45.2,Root Rot Risk,Soft Stem,Yellowing Leaves,Branch Weakness,Overwatered
33.7,76.21,Poor,22.15,41.54,84.73,Root Rot Risk,Soft Stem,Yellowing Leaves,Branch Weakness,Overwatered
25.53,26.18,Good,34.87,55.82,71.82,Healthy Roots,Strong Stem,Green Leaves,Healthy Branches,Healthy
34.83,45.01,Good,35.75,70.23,16.85,Healthy Roots,Strong Stem,Green Leaves,Healthy Branches,Healthy
18.28,85.26,Poor,39.24,52.91,15.05,Root Rot Risk,Soft Stem,Yellowing Leaves,Branch Weakness,Overwatered
20.07,26.58,Good,24.91,86,62.85,Healthy Roots,Strong Stem,Green Leaves,Healthy Branches,Healthy
20.42,25.99,Good,27.83,82.18,26.89,Healthy Roots,Strong Stem,Green Leaves,Healthy Branches,Healthy
31.09,43.16,Good,20.26,76.68,51.02,Healthy Roots,Strong Stem,Green Leaves,Healthy Branches,Healthy
19.93,83.52,Poor,21.75,75.81,75.57,Root Rot Risk,Soft Stem,Yellowing Leaves,Branch Weakness,Overwatered
25.77,35.51,Good,24.56,52.96,36.72,Healthy Roots,Strong Stem,Green Leaves,Healthy Branches,Healthy
27.24,53.58,Good,20.12,82.41,36.41,Healthy Roots,Strong Stem,Green Leaves,Healthy Branches,Healthy
27.25,27.82,Good,39.91,71.54,17.72,Healthy Roots,Strong Stem,Green Leaves,Healthy Branches,Healthy
23.31,21.73,Poor,29.64,69.84,47.67,Root Stress,Weak Stem,Leaf Wilting,Slow Growth,Dry_Stress
33.87,36.14,Good,36.37,70.09,21.47,Healthy Roots,Strong Stem,Green Leaves,Healthy Branches,Healthy
26.14,46.52,Good,29.39,44.99,36.09,Healthy Roots,Strong Stem,Green Leaves,Healthy Branches,Healthy
21.16,69.95,Good,20.47,61.15,91.09,Healthy Roots,Strong Stem,Green Leaves,Healthy Branches,Healthy
28.04,43.91,Good,29.7,91.97,82.46,Healthy Roots,Strong Stem,Green Leaves,Healthy Branches,Healthy
20.03,73.31,Good,31.59,89.73,15.46,Healthy Roots,Strong Stem,Green Leaves,Healthy Branches,Healthy
30.05,83.66,Poor,34,47.17,52.82,Root Rot Risk,Soft Stem,Yellowing Leaves,Branch Weakness,Overwatered
21.12,17.5,Poor,33.81,85.86,90.42,Root Stress,Weak Stem,Leaf Wilting,Slow Growth,Dry_Stress
34.03,66.27,Good,33.23,83.76,82.79,Healthy Roots,Strong Stem,Green Leaves,Healthy Branches,Healthy
19.41,31,Good,23.51,65.95,69.93,Healthy Roots,Strong Stem,Green Leaves,Healthy Branches,Healthy
23.58,39.75,Good,26.5,85.18,62.08,Healthy Roots,Strong Stem,Green Leaves,Healthy Branches,Healthy
21.88,17.37,Poor,28.42,76.43,38.35,Root Stress,Weak Stem,Leaf Wilting,Slow Growth,Dry_Stress
28.25,57.96,Good,31.36,67.8,60.92,Healthy Roots,Strong Stem,Green Leaves,Healthy Branches,Healthy
25.3,78.46,Poor,39.57,64.31,60.11,Root Rot Risk,Soft Stem,Yellowing Leaves,Branch Weakness,Overwatered
26.14,35.84,Good,22.95,85.11,81.69,Healthy Roots,Strong Stem,Green Leaves,Healthy Branches,Healthy
26.06,66.15,Good,34.73,70.97,77.47,Healthy Roots,Strong Stem,Green Leaves,Healthy Branches,Healthy
29.01,75.1,Poor,28.4,46.28,83.03,Root Rot Risk,Soft Stem,Yellowing Leaves,Branch Weakness,Overwatered
22.72,44.01,Good,35.8,66.61,9.94,Healthy Roots,Strong Stem,Green Leaves,Healthy Branches,Healthy
23.8,33.1,Good,24.77,91.48,98.22,Healthy Roots,Strong Stem,Green Leaves,Healthy Branches,Healthy
22.65,20.54,Poor,32.01,57.49,72.55,Root Stress,Weak Stem,Leaf Wilting,Slow Growth,Dry_Stress
20.61,84.14,Poor,29.32,56.32,85.42,Root Rot Risk,Soft Stem,Yellowing Leaves,Branch Weakness,Overwatered
29.24,35.47,Good,39.05,82.67,36.16,Healthy Roots,Strong Stem,Green Leaves,Healthy Branches,Healthy
34.81,63.63,Moderate,23.42,92.27,97.4,Moderate Stress,Possible Fungal Infection,Leaf Spot Risk,Moderate Growth,Disease_Risk
34.35,48.58,Moderate,37.89,94.79,79.39,Moderate Stress,Possible Fungal Infection,Leaf Spot Risk,Moderate Growth,Disease_Risk
35.37,77.54,Poor,21.96,42.43,33.05,Root Rot Risk,Soft Stem,Yellowing Leaves,Branch Weakness,Overwatered
19.98,36.25,Good,38.44,47.39,3.6,Healthy Roots,Strong Stem,Green Leaves,Healthy Branches,Healthy
30.9,77.66,Poor,29.17,88.81,36.54,Root Rot Risk,Soft Stem,Yellowing Leaves,Branch Weakness,Overwatered
19.34,82.94,Poor,32.73,76.2,68.86,Root Rot Risk,Soft Stem,Yellowing Leaves,Branch Weakness,Overwatered
32.68,77.33,Poor,25.07,43.34,84.29,Root Rot Risk,Soft Stem,Yellowing Leaves,Branch Weakness,Overwatered
33.19,36.09,Good,39.17,84.13,43.13,Healthy Roots,Strong Stem,Green Leaves,Healthy Branches,Healthy
26.63,34.1,Good,39.3,73.16,0.66,Healthy Roots,Strong Stem,Green Leaves,Healthy Branches,Healthy
35.77,44.2,Good,25.35,50.04,42.34,Healthy Roots,Strong Stem,Green Leaves,Healthy Branches,Healthy
26.34,72.71,Good,37.05,53.26,37.3,Healthy Roots,Strong Stem,Green Leaves,Healthy Branches,Healthy
27.74,62.1,Good,27.45,61.66,75.93,Healthy Roots,Strong Stem,Green Leaves,Healthy Branches,Healthy
24.09,30.32,Good,38.43,57.09,10.41,Healthy Roots,Strong Stem,Green Leaves,Healthy Branches,Healthy
32.73,47.31,Good,22.95,45.27,18.47,Healthy Roots,Strong Stem,Green Leaves,Healthy Branches,Healthy
28.15,29.02,Good,35.64,51.96,59.2,Healthy Roots,Strong Stem,Green Leaves,Healthy Branches,Healthy
27.01,74.87,Good,23.85,92.96,65.79,Healthy Roots,Strong Stem,Green Leaves,Healthy Branches,Healthy
25.65,79.39,Poor,27.74,58.96,6.31,Root Rot Risk,Soft Stem,Yellowing Leaves,Branch Weakness,Overwatered
31.56,37.53,Good,36.56,48.71,25.29,Healthy Roots,Strong Stem,Green Leaves,Healthy Branches,Healthy
19.3,86.32,Poor,21.56,91.2,76.54,Root Rot Risk,Soft Stem,Yellowing Leaves,Branch Weakness,Overwatered
29.38,50.67,Good,26.08,41.23,27.9,Healthy Roots,Strong Stem,Green Leaves,Healthy Branches,Healthy
19.31,41.74,Good,38.57,93.72,35.04,Healthy Roots,Strong Stem,Green Leaves,Healthy Branches,Healthy
21.91,12.98,Poor,34.16,50.64,95.7,Root Stress,Weak Stem,Leaf Wilting,Slow Growth,Dry_Stress
18.6,36.68,Good,28.25,63.9,32.26,Healthy Roots,Strong Stem,Green Leaves,Healthy Branches,Healthy
27.35,78.41,Poor,21.16,89.18,39.03,Root Rot Risk,Soft Stem,Yellowing Leaves,Branch Weakness,Overwatered
34.98,67.52,Good,24.74,81.39,87.68,Healthy Roots,Strong Stem,Green Leaves,Healthy Branches,Healthy
21.83,84.3,Poor,20.24,68.98,52.05,Root Rot Risk,Soft Stem,Yellowing Leaves,Branch Weakness,Overwatered
20.03,12.46,Poor,31.95,67.19,90.86,Root Stress,Weak Stem,Leaf Wilting,Slow Growth,Dry_Stress
27.48,73.21,Good,35.62,65.54,17.03,Healthy Roots,Strong Stem,Green Leaves,Healthy Branches,Healthy
18.38,52.71,Good,25.7,64.22,55.2,Healthy Roots,Strong Stem,Green Leaves,Healthy Branches,Healthy
24.31,85.48,Poor,21.75,90.19,46.81,Root Rot Risk,Soft Stem,Yellowing Leaves,Branch Weakness,Overwatered
26.02,70.42,Good,31.64,45.85,74.24,Healthy Roots,Strong Stem,Green Leaves,Healthy Branches,Healthy
19.4,51.39,Good,38.38,50.34,65.36,Healthy Roots,Strong Stem,Green Leaves,Healthy Branches,Healthy
33.97,62.33,Good,26.59,50.43,78.1,Healthy Roots,Strong Stem,Green Leaves,Healthy Branches,Healthy
24.91,87,Poor,37.91,74.94,7.74,Root Rot Risk,Soft Stem,Yellowing Leaves,Branch Weakness,Overwatered
28.57,16.93,Poor,22.22,46.38,93.27,Root Stress,Weak Stem,Leaf Wilting,Slow Growth,Dry_Stress
20.03,26.4,Good,37.05,75.57,11.03,Healthy Roots,Strong Stem,Green Leaves,Healthy Branches,Healthy
35.43,43.09,Good,30.68,83.24,29.06,Healthy Roots,Strong Stem,Green Leaves,Healthy Branches,Healthy
21.27,34.4,Good,32.08,81.16,24.14,Healthy Roots,Strong Stem,Green Leaves,Healthy Branches,Healthy
26.39,54.56,Good,30.98,69.86,80.69,Healthy Roots,Strong Stem,Green Leaves,Healthy Branches,Healthy
19.59,58.11,Good,29.53,66.08,24.61,Healthy Roots,Strong Stem,Green Leaves,Healthy Branches,Healthy
20.83,64.25,Good,20.99,51.25,24.83,Healthy Roots,Strong Stem,Green Leaves,Healthy Branches,Healthy
20.44,10.78,Poor,23.14,43.5,79.12,Root Stress,Weak Stem,Leaf Wilting,Slow Growth,Dry_Stress
24.94,79.34,Poor,23.08,87.5,4.58,Root Rot Risk,Soft Stem,Yellowing Leaves,Branch Weakness,Overwatered
19.58,25.3,Good,20.57,44.04,26.06,Healthy Roots,Strong Stem,Green Leaves,Healthy Branches,Healthy
26.4,17.03,Poor,32.28,47.59,21.8,Root Stress,Weak Stem,Leaf Wilting,Slow Growth,Dry_Stress
28.17,74.83,Good,39.07,43.64,88.11,Healthy Roots,Strong Stem,Green Leaves,Healthy Branches,Healthy
21.43,27.78,Good,25.45,79.92,90.42,Healthy Roots,Strong Stem,Green Leaves,Healthy Branches,Healthy
31.82,31.75,Good,20.06,42.84,51.01,Healthy Roots,Strong Stem,Green Leaves,Healthy Branches,Healthy
19.37,35.44,Good,35.02,55.82,80.5,Healthy Roots,Strong Stem,Green Leaves,Healthy Branches,Healthy
28.35,28.05,Good,25.48,51.23,62.49,Healthy Roots,Strong Stem,Green Leaves,Healthy Branches,Healthy
32.58,64.86,Good,33.38,58.99,83.75,Healthy Roots,Strong Stem,Green Leaves,Healthy Branches,Healthy
29.05,24.32,Poor,38.97,62.23,5.81,Root Stress,Weak Stem,Leaf Wilting,Slow Growth,Dry_Stress
18.08,79.75,Poor,30.95,47.42,31.7,Root Rot Risk,Soft Stem,Yellowing Leaves,Branch Weakness,Overwatered
19.35,53.85,Good,30.02,86.26,58.69,Healthy Roots,Strong Stem,Green Leaves,Healthy Branches,Healthy
18.83,71.73,Good,37.74,82.81,14.21,Healthy Roots,Strong Stem,Green Leaves,Healthy Branches,Healthy
20.32,82.83,Poor,32.17,62.04,0.32,Root Rot Risk,Soft Stem,Yellowing Leaves,Branch Weakness,Overwatered
27.47,82.94,Poor,39.48,69.28,55.66,Root Rot Risk,Soft Stem,Yellowing Leaves,Branch Weakness,Overwatered
35.27,58.85,Good,27.32,54.57,94.82,Healthy Roots,Strong Stem,Green Leaves,Healthy Branches,Healthy
24.64,66.54,Good,38.92,57.52,36.52,Healthy Roots,Strong Stem,Green Leaves,Healthy Branches,Healthy
32.19,30.52,Moderate,34.85,92.75,22.18,Moderate Stress,Possible Fungal Infection,Leaf Spot Risk,Moderate Growth,Disease_Risk
22.86,36.93,Good,32.61,78.38,37.67,Healthy Roots,Strong Stem,Green Leaves,Healthy Branches,Healthy
35.51,49.92,Moderate,29.52,86.66,30.96,Moderate Stress,Possible Fungal Infection,Leaf Spot Risk,Moderate Growth,Disease_Risk
24.89,37.51,Good,33.24,59.98,43.08,Healthy Roots,Strong Stem,Green Leaves,Healthy Branches,Healthy
21.51,48.69,Good,39.8,42.13,77.68,Healthy Roots,Strong Stem,Green Leaves,Healthy Branches,Healthy
21.44,45.72,Good,20.28,44.1,53.29,Healthy Roots,Strong Stem,Green Leaves,Healthy Branches,Healthy
20.06,47.93,Good,32.65,74.85,83.43,Healthy Roots,Strong Stem,Green Leaves,Healthy Branches,Healthy
19.47,42.41,Good,37.68,42.58,31.79,Healthy Roots,Strong Stem,Green Leaves,Healthy Branches,Healthy
34.68,26.35,Good,23.81,83.39,98.45,Healthy Roots,Strong Stem,Green Leaves,Healthy Branches,Healthy
31.02,66.72,Moderate,36.69,85.61,32.08,Moderate Stress,Possible Fungal Infection,Leaf Spot Risk,Moderate Growth,Disease_Risk
20.62,27.96,Good,38.85,83.79,47.32,Healthy Roots,Strong Stem,Green Leaves,Healthy Branches,Healthy
28.84,23.84,Poor,32.2,63.85,69.19,Root Stress,Weak Stem,Leaf Wilting,Slow Growth,Dry_Stress
26.35,28.26,Good,38.11,82.8,84.2,Healthy Roots,Strong Stem,Green Leaves,Healthy Branches,Healthy
19.3,53.07,Good,23.01,78.89,74.49,Healthy Roots,Strong Stem,Green Leaves,Healthy Branches,Healthy
35.78,12.4,Poor,20.46,84.9,56.02,Root Stress,Weak Stem,Leaf Wilting,Slow Growth,Dry_Stress
22.26,62.8,Good,31.5,87.86,75.71,Healthy Roots,Strong Stem,Green Leaves,Healthy Branches,Healthy
28.32,34.34,Good,30.85,58.62,24.32,Healthy Roots,Strong Stem,Green Leaves,Healthy Branches,Healthy
24.49,33.58,Good,36.68,63.95,18.71,Healthy Roots,Strong Stem,Green Leaves,Healthy Branches,Healthy
26.78,62.85,Good,32.64,58.55,41.66,Healthy Roots,Strong Stem,Green Leaves,Healthy Branches,Healthy
35.83,72.24,Good,20.46,61.02,11.75,Healthy Roots,Strong Stem,Green Leaves,Healthy Branches,Healthy
31.78,20.75,Poor,21.52,94.06,78.21,Root Stress,Weak Stem,Leaf Wilting,Slow Growth,Dry_Stress
22.29,62.09,Good,27.86,44.32,80.87,Healthy Roots,Strong Stem,Green Leaves,Healthy Branches,Healthy
30.67,11.14,Poor,26.87,51.15,80.69,Root Stress,Weak Stem,Leaf Wilting,Slow Growth,Dry_Stress
26.36,89.42,Poor,38.64,67.14,19.37,Root Rot Risk,Soft Stem,Yellowing Leaves,Branch Weakness,Overwatered
22.29,26.86,Good,35.7,49.33,88.62,Healthy Roots,Strong Stem,Green Leaves,Healthy Branches,Healthy
28.05,43.12,Good,39.8,57.51,3.94,Healthy Roots,Strong Stem,Green Leaves,Healthy Branches,Healthy
22.21,45.45,Good,33.48,40.24,48.66,Healthy Roots,Strong Stem,Green Leaves,Healthy Branches,Healthy
32.61,34.44,Good,25.93,68.03,25.92,Healthy Roots,Strong Stem,Green Leaves,Healthy Branches,Healthy
23.3,77.74,Poor,24.19,75.16,92.83,Root Rot Risk,Soft Stem,Yellowing Leaves,Branch Weakness,Overwatered
19.77,89.51,Poor,28.69,79.15,20.23,Root Rot Risk,Soft Stem,Yellowing Leaves,Branch Weakness,Overwatered
33.53,23.63,Poor,21.14,44.81,46.66,Root Stress,Weak Stem,Leaf Wilting,Slow Growth,Dry_Stress
21.05,19.35,Poor,29.24,92.38,83.14,Root Stress,Weak Stem,Leaf Wilting,Slow Growth,Dry_Stress
30.75,29.21,Moderate,38.03,94,81.12,Moderate Stress,Possible Fungal Infection,Leaf Spot Risk,Moderate Growth,Disease_Risk
33.64,39.49,Good,38.56,54.48,38.93,Healthy Roots,Strong Stem,Green Leaves,Healthy Branches,Healthy
31.09,10.02,Poor,35.47,48.04,90.24,Root Stress,Weak Stem,Leaf Wilting,Slow Growth,Dry_Stress
35.1,39.41,Moderate,21.18,92.08,80.48,Moderate Stress,Possible Fungal Infection,Leaf Spot Risk,Moderate Growth,Disease_Risk
22.87,55.9,Good,23.03,68.52,51.28,Healthy Roots,Strong Stem,Green Leaves,Healthy Branches,Healthy
24.71,24.83,Poor,31.17,82.47,82.4,Root Stress,Weak Stem,Leaf Wilting,Slow Growth,Dry_Stress
29.44,32.01,Good,25.15,72.29,87.61,Healthy Roots,Strong Stem,Green Leaves,Healthy Branches,Healthy
20.11,44.19,Good,28.79,58.93,97.91,Healthy Roots,Strong Stem,Green Leaves,Healthy Branches,Healthy
35.79,45.49,Good,30.4,65.5,55.02,Healthy Roots,Strong Stem,Green Leaves,Healthy Branches,Healthy
29.88,54.92,Good,23.73,77.53,35.29,Healthy Roots,Strong Stem,Green Leaves,Healthy Branches,Healthy
30.24,20.45,Poor,34.94,65.72,42.37,Root Stress,Weak Stem,Leaf Wilting,Slow Growth,Dry_Stress
28.51,53.93,Good,28.12,83.79,66.19,Healthy Roots,Strong Stem,Green Leaves,Healthy Branches,Healthy
27.09,65.41,Good,37.41,50.22,9.23,Healthy Roots,Strong Stem,Green Leaves,Healthy Branches,Healthy
21.5,89.97,Poor,37.38,88.65,13.85,Root Rot Risk,Soft Stem,Yellowing Leaves,Branch Weakness,Overwatered
19.9,50.01,Good,31.79,53.02,46.12,Healthy Roots,Strong Stem,Green Leaves,Healthy Branches,Healthy
22.58,86.49,Poor,21.5,48.4,60.38,Root Rot Risk,Soft Stem,Yellowing Leaves,Branch Weakness,Overwatered
18.51,45.29,Good,32.96,68.79,85.44,Healthy Roots,Strong Stem,Green Leaves,Healthy Branches,Healthy
29.22,81.5,Poor,27.43,54.59,12.32,Root Rot Risk,Soft Stem,Yellowing Leaves,Branch Weakness,Overwatered
21.25,68.03,Good,24.4,91.05,69.63,Healthy Roots,Strong Stem,Green Leaves,Healthy Branches,Healthy
34.58,39.12,Good,30.11,72.28,71.68,Healthy Roots,Strong Stem,Green Leaves,Healthy Branches,Healthy
19.97,14.51,Poor,20.76,93.64,25.28,Root Stress,Weak Stem,Leaf Wilting,Slow Growth,Dry_Stress
23.76,33.7,Good,21.57,65.09,77.47,Healthy Roots,Strong Stem,Green Leaves,Healthy Branches,Healthy
33.46,17.59,Poor,24.45,69.98,1.14,Root Stress,Weak Stem,Leaf Wilting,Slow Growth,Dry_Stress
29.19,40.91,Good,38.51,73.03,77.55,Healthy Roots,Strong Stem,Green Leaves,Healthy Branches,Healthy
25.45,70.3,Good,21.52,91.81,27.5,Healthy Roots,Strong Stem,Green Leaves,Healthy Branches,Healthy
31.17,53.53,Good,33.8,55.96,63.36,Healthy Roots,Strong Stem,Green Leaves,Healthy Branches,Healthy
25.21,53.73,Good,31.11,85.55,17,Healthy Roots,Strong Stem,Green Leaves,Healthy Branches,Healthy
20.82,73.53,Good,32.19,67.94,87.55,Healthy Roots,Strong Stem,Green Leaves,Healthy Branches,Healthy
35.63,75.09,Poor,35.07,85.16,13.35,Root Rot Risk,Soft Stem,Yellowing Leaves,Branch Weakness,Overwatered
33.7,71.27,Good,24.33,59.39,52.75,Healthy Roots,Strong Stem,Green Leaves,Healthy Branches,Healthy
31.28,69.09,Good,24.5,59.01,31.14,Healthy Roots,Strong Stem,Green Leaves,Healthy Branches,Healthy
23.05,40.45,Good,37.34,40.29,42.28,Healthy Roots,Strong Stem,Green Leaves,Healthy Branches,Healthy
27.13,33.82,Good,24.12,62.83,53.2,Healthy Roots,Strong Stem,Green Leaves,Healthy Branches,Healthy
19.58,51.52,Good,22.45,68.26,71.89,Healthy Roots,Strong Stem,Green Leaves,Healthy Branches,Healthy
18.69,24.65,Poor,32.19,93.74,68.15,Root Stress,Weak Stem,Leaf Wilting,Slow Growth,Dry_Stress
35.03,15.52,Poor,22.54,78.96,9.81,Root Stress,Weak Stem,Leaf Wilting,Slow Growth,Dry_Stress
25.52,24.48,Poor,28.23,49.25,76.42,Root Stress,Weak Stem,Leaf Wilting,Slow Growth,Dry_Stress
21.93,64.03,Good,20.78,83.19,50.08,Healthy Roots,Strong Stem,Green Leaves,Healthy Branches,Healthy
32.2,83.76,Poor,22.36,67.49,94.79,Root Rot Risk,Soft Stem,Yellowing Leaves,Branch Weakness,Overwatered
27.47,62.71,Good,26.2,45.06,4.47,Healthy Roots,Strong Stem,Green Leaves,Healthy Branches,Healthy
29.91,67.58,Good,30.59,73.42,79.88,Healthy Roots,Strong Stem,Green Leaves,Healthy Branches,Healthy
19.95,16.14,Poor,33.9,68.27,35.95,Root Stress,Weak Stem,Leaf Wilting,Slow Growth,Dry_Stress
26.02,38.19,Good,31.48,44.74,47.89,Healthy Roots,Strong Stem,Green Leaves,Healthy Branches,Healthy
25.35,60.35,Good,30.37,69.63,19.78,Healthy Roots,Strong Stem,Green Leaves,Healthy Branches,Healthy
23.3,48.48,Good,35.37,92.78,2.01,Healthy Roots,Strong Stem,Green Leaves,Healthy Branches,Healthy
21.21,34.93,Good,20.47,61.8,1.03,Healthy Roots,Strong Stem,Green Leaves,Healthy Branches,Healthy
33.73,84.67,Poor,21.15,59.98,32.02,Root Rot Risk,Soft Stem,Yellowing Leaves,Branch Weakness,Overwatered
31.36,28.98,Moderate,29.52,94.78,92.81,Moderate Stress,Possible Fungal Infection,Leaf Spot Risk,Moderate Growth,Disease_Risk
28.15,64.18,Good,28.08,41.27,57.1,Healthy Roots,Strong Stem,Green Leaves,Healthy Branches,Healthy
22.91,47.74,Good,27.7,53.49,87.91,Healthy Roots,Strong Stem,Green Leaves,Healthy Branches,Healthy
29.42,87.41,Poor,24.82,62.28,22.03,Root Rot Risk,Soft Stem,Yellowing Leaves,Branch Weakness,Overwatered
25.4,10.16,Poor,32.36,46.16,16.29,Root Stress,Weak Stem,Leaf Wilting,Slow Growth,Dry_Stress
18.04,63.54,Good,30.07,61.46,50.37,Healthy Roots,Strong Stem,Green Leaves,Healthy Branches,Healthy
29.21,77.71,Poor,26.4,59.59,82,Root Rot Risk,Soft Stem,Yellowing Leaves,Branch Weakness,Overwatered
29.99,72.12,Good,34.98,87.47,23.89,Healthy Roots,Strong Stem,Green Leaves,Healthy Branches,Healthy
35.32,12.52,Poor,29.77,56.22,44.84,Root Stress,Weak Stem,Leaf Wilting,Slow Growth,Dry_Stress
32.87,35.68,Good,32.68,54.57,36.46,Healthy Roots,Strong Stem,Green Leaves,Healthy Branches,Healthy
19.42,48.72,Good,26.21,53.79,29.37,Healthy Roots,Strong Stem,Green Leaves,Healthy Branches,Healthy
23.7,43.46,Good,30.87,46.2,78.51,Healthy Roots,Strong Stem,Green Leaves,Healthy Branches,Healthy
18.79,27.54,Good,28.43,65.68,65.37,Healthy Roots,Strong Stem,Green Leaves,Healthy Branches,Healthy
19.23,13.33,Poor,20.56,85.53,64.88,Root Stress,Weak Stem,Leaf Wilting,Slow Growth,Dry_Stress
26.37,57.2,Good,21.16,45.1,45.29,Healthy Roots,Strong Stem,Green Leaves,Healthy Branches,Healthy
21.76,86.39,Poor,22.45,49.74,79.29,Root Rot Risk,Soft Stem,Yellowing Leaves,Branch Weakness,Overwatered
19.09,51.43,Good,32.26,92.29,89.35,Healthy Roots,Strong Stem,Green Leaves,Healthy Branches,Healthy
29.29,32.72,Good,30.94,49.68,9.94,Healthy Roots,Strong Stem,Green Leaves,Healthy Branches,Healthy
34.59,23.17,Poor,36.79,56.8,62.97,Root Stress,Weak Stem,Leaf Wilting,Slow Growth,Dry_Stress
32.85,85.65,Poor,20.17,93.24,93.29,Root Rot Risk,Soft Stem,Yellowing Leaves,Branch Weakness,Overwatered
18.96,81.26,Poor,22.86,88.58,77.34,Root Rot Risk,Soft Stem,Yellowing Leaves,Branch Weakness,Overwatered
23.36,16.73,Poor,23.47,64.25,11.63,Root Stress,Weak Stem,Leaf Wilting,Slow Growth,Dry_Stress
18.68,75.92,Poor,20.61,79.52,92.34,Root Rot Risk,Soft Stem,Yellowing Leaves,Branch Weakness,Overwatered
25.57,66.05,Good,30.65,69.11,56.97,Healthy Roots,Strong Stem,Green Leaves,Healthy Branches,Healthy
34.84,34.79,Good,39.14,84.37,87.7,Healthy Roots,Strong Stem,Green Leaves,Healthy Branches,Healthy
21.47,52.85,Good,33.26,62.7,9.14,Healthy Roots,Strong Stem,Green Leaves,Healthy Branches,Healthy
31.15,38.08,Good,35.65,76.21,17.65,Healthy Roots,Strong Stem,Green Leaves,Healthy Branches,Healthy
26.92,39,Good,25.48,43.35,28.11,Healthy Roots,Strong Stem,Green Leaves,Healthy Branches,Healthy
27.35,53.49,Good,25.09,45.11,59.53,Healthy Roots,Strong Stem,Green Leaves,Healthy Branches,Healthy
33,74.88,Good,34.97,60.96,64.38,Healthy Roots,Strong Stem,Green Leaves,Healthy Branches,Healthy
23.6,35.37,Good,24.74,67.99,26.73,Healthy Roots,Strong Stem,Green Leaves,Healthy Branches,Healthy
23.85,19.59,Poor,33.78,74.58,88.84,Root Stress,Weak Stem,Leaf Wilting,Slow Growth,Dry_Stress
31.28,81.91,Poor,38.08,82.3,85.34,Root Rot Risk,Soft Stem,Yellowing Leaves,Branch Weakness,Overwatered
20.53,34.45,Good,21.49,40.37,71.51,Healthy Roots,Strong Stem,Green Leaves,Healthy Branches,Healthy
19.93,27,Good,26.72,79.98,3.63,Healthy Roots,Strong Stem,Green Leaves,Healthy Branches,Healthy
25.38,77.33,Poor,38.01,76.93,46.21,Root Rot Risk,Soft Stem,Yellowing Leaves,Branch Weakness,Overwatered
25.09,46.79,Good,38.39,65.85,78.88,Healthy Roots,Strong Stem,Green Leaves,Healthy Branches,Healthy
23.44,77.12,Poor,20.09,68.43,91.25,Root Rot Risk,Soft Stem,Yellowing Leaves,Branch Weakness,Overwatered
22.57,89.08,Poor,20.71,69.25,91.97,Root Rot Risk,Soft Stem,Yellowing Leaves,Branch Weakness,Overwatered
33.85,23.23,Poor,39.08,68.08,42.57,Root Stress,Weak Stem,Leaf Wilting,Slow Growth,Dry_Stress
25.37,67.61,Good,37.65,82,1.21,Healthy Roots,Strong Stem,Green Leaves,Healthy Branches,Healthy
23.56,41.1,Good,37.53,42,17.46,Healthy Roots,Strong Stem,Green Leaves,Healthy Branches,Healthy
32.16,41.84,Good,33.18,84.85,36.37,Healthy Roots,Strong Stem,Green Leaves,Healthy Branches,Healthy
33.23,39.25,Good,21.8,71.36,68.87,Healthy Roots,Strong Stem,Green Leaves,Healthy Branches,Healthy
30.62,51.08,Moderate,38.95,94.74,35.11,Moderate Stress,Possible Fungal Infection,Leaf Spot Risk,Moderate Growth,Disease_Risk
35.36,69.28,Good,34.04,55.69,83.07,Healthy Roots,Strong Stem,Green Leaves,Healthy Branches,Healthy
20.21,22.57,Poor,31.93,61.15,27.73,Root Stress,Weak Stem,Leaf Wilting,Slow Growth,Dry_Stress
26.06,42.2,Good,29.07,59.93,59.82,Healthy Roots,Strong Stem,Green Leaves,Healthy Branches,Healthy
32.6,26.46,Good,34.55,71.8,25.58,Healthy Roots,Strong Stem,Green Leaves,Healthy Branches,Healthy
35.54,21.38,Poor,30.6,93.28,43.29,Root Stress,Weak Stem,Leaf Wilting,Slow Growth,Dry_Stress
21.57,15.37,Poor,31.01,40.1,81.96,Root Stress,Weak Stem,Leaf Wilting,Slow Growth,Dry_Stress
31.39,83.65,Poor,37.28,80.45,61.33,Root Rot Risk,Soft Stem,Yellowing Leaves,Branch Weakness,Overwatered
21.8,38.21,Good,35.97,66.11,84.63,Healthy Roots,Strong Stem,Green Leaves,Healthy Branches,Healthy
25.16,49.28,Good,24.24,50.21,49.26,Healthy Roots,Strong Stem,Green Leaves,Healthy Branches,Healthy
31.52,26.6,Good,36.51,72.63,60.92,Healthy Roots,Strong Stem,Green Leaves,Healthy Branches,Healthy
31.86,47.32,Good,30.88,80.19,11.71,Healthy Roots,Strong Stem,Green Leaves,Healthy Branches,Healthy
19.03,10.38,Poor,21.04,59.16,43.41,Root Stress,Weak Stem,Leaf Wilting,Slow Growth,Dry_Stress
22.6,54.25,Good,28.64,59.67,92.79,Healthy Roots,Strong Stem,Green Leaves,Healthy Branches,Healthy
35.34,31.64,Good,29.83,49.17,46.87,Healthy Roots,Strong Stem,Green Leaves,Healthy Branches,Healthy
28.24,42.69,Good,20.81,66.87,74.46,Healthy Roots,Strong Stem,Green Leaves,Healthy Branches,Healthy
28.41,19.48,Poor,34.17,50.59,37.66,Root Stress,Weak Stem,Leaf Wilting,Slow Growth,Dry_Stress
22.6,67.8,Good,26.42,84,72.75,Healthy Roots,Strong Stem,Green Leaves,Healthy Branches,Healthy
26.11,13.31,Poor,31.23,57.73,9.89,Root Stress,Weak Stem,Leaf Wilting,Slow Growth,Dry_Stress
22.88,14.26,Poor,23.5,90.22,9.47,Root Stress,Weak Stem,Leaf Wilting,Slow Growth,Dry_Stress
20.48,79.82,Poor,36.85,43.03,8.03,Root Rot Risk,Soft Stem,Yellowing Leaves,Branch Weakness,Overwatered
23.13,62.2,Good,36.16,42.08,40.14,Healthy Roots,Strong Stem,Green Leaves,Healthy Branches,Healthy
28.04,43.56,Good,25.11,41.39,76.89,Healthy Roots,Strong Stem,Green Leaves,Healthy Branches,Healthy
27.42,64.31,Good,24.77,59.28,1.35,Healthy Roots,Strong Stem,Green Leaves,Healthy Branches,Healthy
27.44,49.59,Good,25.59,48.53,98.62,Healthy Roots,Strong Stem,Green Leaves,Healthy Branches,Healthy
24.19,34.3,Good,35.79,69.64,17.55,Healthy Roots,Strong Stem,Green Leaves,Healthy Branches,Healthy
25.85,20.29,Poor,37.71,63.65,86.63,Root Stress,Weak Stem,Leaf Wilting,Slow Growth,Dry_Stress
33.73,42.14,Good,24.27,63.41,16.99,Healthy Roots,Strong Stem,Green Leaves,Healthy Branches,Healthy
34.56,72.41,Moderate,24.77,85.7,89.61,Moderate Stress,Possible Fungal Infection,Leaf Spot Risk,Moderate Growth,Disease_Risk
34.15,19.37,Poor,33.64,92.02,76.46,Root Stress,Weak Stem,Leaf Wilting,Slow Growth,Dry_Stress
22.23,14.99,Poor,22.26,75.96,19.67,Root Stress,Weak Stem,Leaf Wilting,Slow Growth,Dry_Stress
29.43,78.25,Poor,38.43,58.73,44.34,Root Rot Risk,Soft Stem,Yellowing Leaves,Branch Weakness,Overwatered
31.82,58.98,Good,39.64,73.22,37.98,Healthy Roots,Strong Stem,Green Leaves,Healthy Branches,Healthy
23.9,22.37,Poor,37.11,73.22,97.44,Root Stress,Weak Stem,Leaf Wilting,Slow Growth,Dry_Stress
26.59,33.1,Good,33.82,65.24,39.59,Healthy Roots,Strong Stem,Green Leaves,Healthy Branches,Healthy
33.41,79.39,Poor,20.2,75.57,25.81,Root Rot Risk,Soft Stem,Yellowing Leaves,Branch Weakness,Overwatered
30.66,38.44,Good,21.71,83.42,34.65,Healthy Roots,Strong Stem,Green Leaves,Healthy Branches,Healthy
31.07,76.51,Poor,21.85,42.89,58.31,Root Rot Risk,Soft Stem,Yellowing Leaves,Branch Weakness,Overwatered
19.44,57.2,Good,29.08,48.37,71.57,Healthy Roots,Strong Stem,Green Leaves,Healthy Branches,Healthy
18.95,20.02,Poor,31.54,90.42,62.41,Root Stress,Weak Stem,Leaf Wilting,Slow Growth,Dry_Stress
30.41,30.97,Good,30.42,68.55,93.13,Healthy Roots,Strong Stem,Green Leaves,Healthy Branches,Healthy
28.31,41.82,Good,27.83,80.4,60.09,Healthy Roots,Strong Stem,Green Leaves,Healthy Branches,Healthy
21.08,25.07,Good,33.47,80.59,82.56,Healthy Roots,Strong Stem,Green Leaves,Healthy Branches,Healthy
18.08,82.14,Poor,28.74,68.17,51.33,Root Rot Risk,Soft Stem,Yellowing Leaves,Branch Weakness,Overwatered
22.24,77.67,Poor,38.52,46.64,16.22,Root Rot Risk,Soft Stem,Yellowing Leaves,Branch Weakness,Overwatered
29.21,73.61,Good,22.97,83.28,32.96,Healthy Roots,Strong Stem,Green Leaves,Healthy Branches,Healthy
24.52,85.34,Poor,22.22,87.77,61.22,Root Rot Risk,Soft Stem,Yellowing Leaves,Branch Weakness,Overwatered
29.71,39.22,Good,20.8,45.98,59.11,Healthy Roots,Strong Stem,Green Leaves,Healthy Branches,Healthy
20.76,16.72,Poor,26.57,45.93,4.62,Root Stress,Weak Stem,Leaf Wilting,Slow Growth,Dry_Stress
29.67,80.5,Poor,22.17,90.08,4.16,Root Rot Risk,Soft Stem,Yellowing Leaves,Branch Weakness,Overwatered
20.01,76,Poor,23.34,47.48,54.16,Root Rot Risk,Soft Stem,Yellowing Leaves,Branch Weakness,Overwatered
34.12,34.13,Good,21.4,63.34,90.54,Healthy Roots,Strong Stem,Green Leaves,Healthy Branches,Healthy
22.61,29.77,Good,36.81,47.01,74.51,Healthy Roots,Strong Stem,Green Leaves,Healthy Branches,Healthy
18.08,78.64,Poor,25.69,44.56,43.28,Root Rot Risk,Soft Stem,Yellowing Leaves,Branch Weakness,Overwatered
32.42,36.12,Good,27.68,42.97,66.66,Healthy Roots,Strong Stem,Green Leaves,Healthy Branches,Healthy
23.78,21.47,Poor,23.1,59.33,11.66,Root Stress,Weak Stem,Leaf Wilting,Slow Growth,Dry_Stress
25.36,31.54,Good,39.03,48.19,50.12,Healthy Roots,Strong Stem,Green Leaves,Healthy Branches,Healthy
20.6,67.71,Good,38.83,90.75,61.96,Healthy Roots,Strong Stem,Green Leaves,Healthy Branches,Healthy
21.66,63.14,Good,23.89,84.53,82.48,Healthy Roots,Strong Stem,Green Leaves,Healthy Branches,Healthy
25.18,25.18,Good,23.46,90.48,76.91,Healthy Roots,Strong Stem,Green Leaves,Healthy Branches,Healthy
23.24,22.33,Poor,39.18,76.92,83.11,Root Stress,Weak Stem,Leaf Wilting,Slow Growth,Dry_Stress
27.1,44.74,Good,23.22,84.01,46.56,Healthy Roots,Strong Stem,Green Leaves,Healthy Branches,Healthy
22.81,43.94,Good,33.04,77.28,71.12,Healthy Roots,Strong Stem,Green Leaves,Healthy Branches,Healthy
25.87,13.44,Poor,37.16,49.08,89.91,Root Stress,Weak Stem,Leaf Wilting,Slow Growth,Dry_Stress
18.52,17.48,Poor,20.3,70.08,70.85,Root Stress,Weak Stem,Leaf Wilting,Slow Growth,Dry_Stress
27.06,76.2,Poor,24.83,41.77,32.43,Root Rot Risk,Soft Stem,Yellowing Leaves,Branch Weakness,Overwatered
28.82,46.89,Good,22.62,72.39,38.01,Healthy Roots,Strong Stem,Green Leaves,Healthy Branches,Healthy
34.17,10.12,Poor,20.74,45.92,57.12,Root Stress,Weak Stem,Leaf Wilting,Slow Growth,Dry_Stress
30.88,72.06,Good,32.31,42.79,90.87,Healthy Roots,Strong Stem,Green Leaves,Healthy Branches,Healthy
19.42,56.32,Good,20.94,63.27,50.07,Healthy Roots,Strong Stem,Green Leaves,Healthy Branches,Healthy
24.57,65.27,Good,27,55.9,92.18,Healthy Roots,Strong Stem,Green Leaves,Healthy Branches,Healthy
31.67,70.15,Moderate,37.71,85.93,14.14,Moderate Stress,Possible Fungal Infection,Leaf Spot Risk,Moderate Growth,Disease_Risk
30.93,21.16,Poor,35.56,75.07,16.41,Root Stress,Weak Stem,Leaf Wilting,Slow Growth,Dry_Stress
18.96,47.52,Good,31.96,50.53,12.18,Healthy Roots,Strong Stem,Green Leaves,Healthy Branches,Healthy
18.51,28.69,Good,35.02,66.32,79.66,Healthy Roots,Strong Stem,Green Leaves,Healthy Branches,Healthy
26.93,48.01,Good,36.16,84.27,80.69,Healthy Roots,Strong Stem,Green Leaves,Healthy Branches,Healthy
26.06,23.61,Poor,24.09,91.17,41.37,Root Stress,Weak Stem,Leaf Wilting,Slow Growth,Dry_Stress
20.47,81.41,Poor,26.21,43.39,50.64,Root Rot Risk,Soft Stem,Yellowing Leaves,Branch Weakness,Overwatered
22.77,76.52,Poor,36.47,66.25,87.36,Root Rot Risk,Soft Stem,Yellowing Leaves,Branch Weakness,Overwatered
24.29,57.36,Good,36.9,58.85,5.53,Healthy Roots,Strong Stem,Green Leaves,Healthy Branches,Healthy
32.17,54.73,Good,38.08,76.36,7.8,Healthy Roots,Strong Stem,Green Leaves,Healthy Branches,Healthy
22.67,86.38,Poor,27.32,62.05,43.6,Root Rot Risk,Soft Stem,Yellowing Leaves,Branch Weakness,Overwatered
32.5,64.06,Moderate,29.36,89.34,73.23,Moderate Stress,Possible Fungal Infection,Leaf Spot Risk,Moderate Growth,Disease_Risk
33.12,43.66,Good,30.62,76.86,72.03,Healthy Roots,Strong Stem,Green Leaves,Healthy Branches,Healthy
22.44,35.2,Good,35.64,41.33,68.86,Healthy Roots,Strong Stem,Green Leaves,Healthy Branches,Healthy
33.35,60.92,Good,27.32,48.34,73.85,Healthy Roots,Strong Stem,Green Leaves,Healthy Branches,Healthy
19.45,64.6,Good,32.44,87.96,47.22,Healthy Roots,Strong Stem,Green Leaves,Healthy Branches,Healthy
24.88,75.79,Poor,21.26,47.31,50.5,Root Rot Risk,Soft Stem,Yellowing Leaves,Branch Weakness,Overwatered
19.79,87.08,Poor,20.93,79.2,12.16,Root Rot Risk,Soft Stem,Yellowing Leaves,Branch Weakness,Overwatered
23.82,64.59,Good,35.05,67.85,75.87,Healthy Roots,Strong Stem,Green Leaves,Healthy Branches,Healthy
23.1,80.61,Poor,21.04,93.09,41.4,Root Rot Risk,Soft Stem,Yellowing Leaves,Branch Weakness,Overwatered
31.7,45.24,Good,39.75,47.23,13,Healthy Roots,Strong Stem,Green Leaves,Healthy Branches,Healthy
32.98,70.79,Good,24.2,64.32,71.56,Healthy Roots,Strong Stem,Green Leaves,Healthy Branches,Healthy
24.01,17.37,Poor,30.37,57.44,5.67,Root Stress,Weak Stem,Leaf Wilting,Slow Growth,Dry_Stress
24.11,75.24,Poor,27.44,64.57,44.26,Root Rot Risk,Soft Stem,Yellowing Leaves,Branch Weakness,Overwatered
35.36,18.89,Poor,31.94,55.65,32.74,Root Stress,Weak Stem,Leaf Wilting,Slow Growth,Dry_Stress
20.92,22.1,Poor,21.81,89.63,77,Root Stress,Weak Stem,Leaf Wilting,Slow Growth,Dry_Stress
26.52,56.22,Good,35.46,61.26,8.71,Healthy Roots,Strong Stem,Green Leaves,Healthy Branches,Healthy
28.65,49.34,Good,25.13,73.75,87.91,Healthy Roots,Strong Stem,Green Leaves,Healthy Branches,Healthy
29.84,60.67,Good,24.64,71.38,71.76,Healthy Roots,Strong Stem,Green Leaves,Healthy Branches,Healthy
20.76,21.02,Poor,38.72,80.65,14.13,Root Stress,Weak Stem,Leaf Wilting,Slow Growth,Dry_Stress
23.71,71.95,Good,25.99,85.94,75.73,Healthy Roots,Strong Stem,Green Leaves,Healthy Branches,Healthy
20.67,42.6,Good,21.13,51.31,10.84,Healthy Roots,Strong Stem,Green Leaves,Healthy Branches,Healthy
31.62,72.04,Good,24.31,58.95,5.96,Healthy Roots,Strong Stem,Green Leaves,Healthy Branches,Healthy
31.1,86.36,Poor,36.96,59.62,66.74,Root Rot Risk,Soft Stem,Yellowing Leaves,Branch Weakness,Overwatered
32.79,21.45,Poor,37.5,61.63,41.43,Root Stress,Weak Stem,Leaf Wilting,Slow Growth,Dry_Stress
25.73,26.65,Good,36.79,71.14,44.04,Healthy Roots,Strong Stem,Green Leaves,Healthy Branches,Healthy
18.34,79.34,Poor,35.73,84.5,6.87,Root Rot Risk,Soft Stem,Yellowing Leaves,Branch Weakness,Overwatered
34.19,33.18,Good,20.5,67.85,72.57,Healthy Roots,Strong Stem,Green Leaves,Healthy Branches,Healthy
19.9,37,Good,36.27,84.66,65.78,Healthy Roots,Strong Stem,Green Leaves,Healthy Branches,Healthy
22.03,40.94,Good,28.25,69.2,93.11,Healthy Roots,Strong Stem,Green Leaves,Healthy Branches,Healthy
18.55,16.12,Poor,39.55,92.02,1.91,Root Stress,Weak Stem,Leaf Wilting,Slow Growth,Dry_Stress
25.12,33.78,Good,27.65,54.81,42.44,Healthy Roots,Strong Stem,Green Leaves,Healthy Branches,Healthy
30.5,24.35,Poor,32.38,44.17,46.2,Root Stress,Weak Stem,Leaf Wilting,Slow Growth,Dry_Stress
34.72,75.65,Poor,38.98,60.3,51.06,Root Rot Risk,Soft Stem,Yellowing Leaves,Branch Weakness,Overwatered
27.87,59.19,Good,33.56,77,56.23,Healthy Roots,Strong Stem,Green Leaves,Healthy Branches,Healthy
19.57,16.18,Poor,31,79.92,27.02,Root Stress,Weak Stem,Leaf Wilting,Slow Growth,Dry_Stress
33.92,79.56,Poor,26.4,84.15,7.96,Root Rot Risk,Soft Stem,Yellowing Leaves,Branch Weakness,Overwatered
19.77,60.66,Good,32.95,66.78,43.13,Healthy Roots,Strong Stem,Green Leaves,Healthy Branches,Healthy
21.67,33.91,Good,29.04,77.92,83.85,Healthy Roots,Strong Stem,Green Leaves,Healthy Branches,Healthy
21.96,49.74,Good,27.5,56.53,28.19,Healthy Roots,Strong Stem,Green Leaves,Healthy Branches,Healthy
33.95,84.07,Poor,29.65,82.06,65.22,Root Rot Risk,Soft Stem,Yellowing Leaves,Branch Weakness,Overwatered
25.37,12.99,Poor,29.69,45.82,95.18,Root Stress,Weak Stem,Leaf Wilting,Slow Growth,Dry_Stress
33.18,29.2,Moderate,25.74,90.38,59.46,Moderate Stress,Possible Fungal Infection,Leaf Spot Risk,Moderate Growth,Disease_Risk
28.02,16.16,Poor,25.36,81.98,33.19,Root Stress,Weak Stem,Leaf Wilting,Slow Growth,Dry_Stress
26.6,84.52,Poor,38.58,81.46,76.1,Root Rot Risk,Soft Stem,Yellowing Leaves,Branch Weakness,Overwatered
32.17,34.67,Good,33.69,72.91,18.53,Healthy Roots,Strong Stem,Green Leaves,Healthy Branches,Healthy
21.8,77.9,Poor,29.19,92.58,99.55,Root Rot Risk,Soft Stem,Yellowing Leaves,Branch Weakness,Overwatered
22.89,39.67,Good,32.6,86,76.09,Healthy Roots,Strong Stem,Green Leaves,Healthy Branches,Healthy
34.41,74.12,Good,37.05,68.89,27.13,Healthy Roots,Strong Stem,Green Leaves,Healthy Branches,Healthy
28.87,42.87,Good,20.63,83.65,56.76,Healthy Roots,Strong Stem,Green Leaves,Healthy Branches,Healthy
24.85,44.44,Good,23.15,45.8,2.34,Healthy Roots,Strong Stem,Green Leaves,Healthy Branches,Healthy
29.33,47.27,Good,20.65,69.84,4.82,Healthy Roots,Strong Stem,Green Leaves,Healthy Branches,Healthy
31.49,54.22,Good,33.61,72.71,36.62,Healthy Roots,Strong Stem,Green Leaves,Healthy Branches,Healthy
30.82,48.38,Good,21.67,76.63,37.99,Healthy Roots,Strong Stem,Green Leaves,Healthy Branches,Healthy
27.1,30.75,Good,28.53,76.37,68.81,Healthy Roots,Strong Stem,Green Leaves,Healthy Branches,Healthy
29.23,16.79,Poor,37.11,44.23,20.01,Root Stress,Weak Stem,Leaf Wilting,Slow Growth,Dry_Stress
22.26,14.94,Poor,28.6,62.27,57.4,Root Stress,Weak Stem,Leaf Wilting,Slow Growth,Dry_Stress
26.68,62.19,Good,29.54,79.87,85.07,Healthy Roots,Strong Stem,Green Leaves,Healthy Branches,Healthy
33.89,81.36,Poor,39.98,70.71,8.23,Root Rot Risk,Soft Stem,Yellowing Leaves,Branch Weakness,Overwatered
34.46,80.81,Poor,30.83,94.1,38.36,Root Rot Risk,Soft Stem,Yellowing Leaves,Branch Weakness,Overwatered
18.39,57.62,Good,28.08,87.4,49.55,Healthy Roots,Strong Stem,Green Leaves,Healthy Branches,Healthy
22.58,88.94,Poor,38.01,93.45,79.05,Root Rot Risk,Soft Stem,Yellowing Leaves,Branch Weakness,Overwatered
22.71,55.39,Good,39.56,79.75,19.64,Healthy Roots,Strong Stem,Green Leaves,Healthy Branches,Healthy
23.89,59.56,Good,24.77,43.45,93.14,Healthy Roots,Strong Stem,Green Leaves,Healthy Branches,Healthy
23.47,84.44,Poor,31.8,71.25,50.61,Root Rot Risk,Soft Stem,Yellowing Leaves,Branch Weakness,Overwatered
23.06,60.57,Good,31.54,60.42,8.01,Healthy Roots,Strong Stem,Green Leaves,Healthy Branches,Healthy
26.52,25.74,Good,30.93,77.32,22.58,Healthy Roots,Strong Stem,Green Leaves,Healthy Branches,Healthy
22.34,61.03,Good,33.7,43.26,84.88,Healthy Roots,Strong Stem,Green Leaves,Healthy Branches,Healthy
31.14,34.91,Good,25.58,71.14,24.37,Healthy Roots,Strong Stem,Green Leaves,Healthy Branches,Healthy
18.52,72.22,Good,33.02,65.39,42.21,Healthy Roots,Strong Stem,Green Leaves,Healthy Branches,Healthy
35.33,53.35,Good,24.42,58,16.03,Healthy Roots,Strong Stem,Green Leaves,Healthy Branches,Healthy
21.39,84.95,Poor,37.39,70.6,73.01,Root Rot Risk,Soft Stem,Yellowing Leaves,Branch Weakness,Overwatered
34.1,68.06,Good,20.24,56.09,58.17,Healthy Roots,Strong Stem,Green Leaves,Healthy Branches,Healthy
30.23,61.16,Good,34.34,45.55,94.82,Healthy Roots,Strong Stem,Green Leaves,Healthy Branches,Healthy
33.91,21.6,Poor,26.87,45.53,7.13,Root Stress,Weak Stem,Leaf Wilting,Slow Growth,Dry_Stress
25.83,88.9,Poor,36.38,91.71,61.89,Root Rot Risk,Soft Stem,Yellowing Leaves,Branch Weakness,Overwatered
23.83,24.75,Poor,21.84,56.03,17.76,Root Stress,Weak Stem,Leaf Wilting,Slow Growth,Dry_Stress
28.99,73.74,Good,27.9,59.35,61.9,Healthy Roots,Strong Stem,Green Leaves,Healthy Branches,Healthy
21.52,78.73,Poor,21.51,59.3,78.43,Root Rot Risk,Soft Stem,Yellowing Leaves,Branch Weakness,Overwatered
25.58,27.93,Good,22.75,54.78,52.68,Healthy Roots,Strong Stem,Green Leaves,Healthy Branches,Healthy
27.75,16.22,Poor,30.31,89.38,80.38,Root Stress,Weak Stem,Leaf Wilting,Slow Growth,Dry_Stress
20.22,15.84,Poor,34.32,83.05,0,Root Stress,Weak Stem,Leaf Wilting,Slow Growth,Dry_Stress
32.42,25.58,Good,27.28,65.42,88.32,Healthy Roots,Strong Stem,Green Leaves,Healthy Branches,Healthy
26.25,23.76,Poor,22.88,85.32,6.95,Root Stress,Weak Stem,Leaf Wilting,Slow Growth,Dry_Stress
27.58,21.92,Poor,33.23,67.03,45.01,Root Stress,Weak Stem,Leaf Wilting,Slow Growth,Dry_Stress
30.22,84.35,Poor,26.63,59.76,60.27,Root Rot Risk,Soft Stem,Yellowing Leaves,Branch Weakness,Overwatered
34.17,15.29,Poor,30.92,57.07,10.91,Root Stress,Weak Stem,Leaf Wilting,Slow Growth,Dry_Stress
20.47,34.79,Good,36.73,77.32,99.25,Healthy Roots,Strong Stem,Green Leaves,Healthy Branches,Healthy
21.45,23.42,Poor,24.23,90.59,53.87,Root Stress,Weak Stem,Leaf Wilting,Slow Growth,Dry_Stress
20.23,73.51,Good,31.24,80.47,97.02,Healthy Roots,Strong Stem,Green Leaves,Healthy Branches,Healthy
35.33,15.92,Poor,29.88,50.36,87.99,Root Stress,Weak Stem,Leaf Wilting,Slow Growth,Dry_Stress
25.76,51.17,Good,35.44,45.47,32.73,Healthy Roots,Strong Stem,Green Leaves,Healthy Branches,Healthy
30.93,55.85,Good,29.14,63.43,62.36,Healthy Roots,Strong Stem,Green Leaves,Healthy Branches,Healthy
21,35.61,Good,33.14,46.88,22.16,Healthy Roots,Strong Stem,Green Leaves,Healthy Branches,Healthy
34.7,34.22,Good,36.84,41.03,72.1,Healthy Roots,Strong Stem,Green Leaves,Healthy Branches,Healthy
20.26,75.48,Poor,33.72,42.13,35.31,Root Rot Risk,Soft Stem,Yellowing Leaves,Branch Weakness,Overwatered
30.16,60.86,Good,28.96,61.08,61,Healthy Roots,Strong Stem,Green Leaves,Healthy Branches,Healthy
18.48,82.58,Poor,38.43,40.01,51.31,Root Rot Risk,Soft Stem,Yellowing Leaves,Branch Weakness,Overwatered
33.56,10.01,Poor,32.49,77.77,55.63,Root Stress,Weak Stem,Leaf Wilting,Slow Growth,Dry_Stress
24.99,13.82,Poor,36.71,60.35,83.61,Root Stress,Weak Stem,Leaf Wilting,Slow Growth,Dry_Stress
29.3,14.27,Poor,22.28,69.82,43.03,Root Stress,Weak Stem,Leaf Wilting,Slow Growth,Dry_Stress
28.79,79.68,Poor,30.27,92.03,46.23,Root Rot Risk,Soft Stem,Yellowing Leaves,Branch Weakness,Overwatered
21.65,63.54,Good,30.24,82.65,10.16,Healthy Roots,Strong Stem,Green Leaves,Healthy Branches,Healthy
26.18,35.19,Good,36.62,82.92,77.31,Healthy Roots,Strong Stem,Green Leaves,Healthy Branches,Healthy
18.04,49.22,Good,28.99,55.03,28.15,Healthy Roots,Strong Stem,Green Leaves,Healthy Branches,Healthy
32.1,36.2,Good,39.36,59.39,74.86,Healthy Roots,Strong Stem,Green Leaves,Healthy Branches,Healthy
26.2,27.78,Good,21.23,60.21,5.76,Healthy Roots,Strong Stem,Green Leaves,Healthy Branches,Healthy
23,62.57,Good,38.48,59.27,55.61,Healthy Roots,Strong Stem,Green Leaves,Healthy Branches,Healthy
25.09,42.34,Good,38.56,81.13,81.65,Healthy Roots,Strong Stem,Green Leaves,Healthy Branches,Healthy
25.34,68.27,Good,35.82,77.68,84.31,Healthy Roots,Strong Stem,Green Leaves,Healthy Branches,Healthy
20.87,44.45,Good,23.35,61.1,50.15,Healthy Roots,Strong Stem,Green Leaves,Healthy Branches,Healthy
24.59,76.98,Poor,36.64,74.88,20,Root Rot Risk,Soft Stem,Yellowing Leaves,Branch Weakness,Overwatered
30.18,86.7,Poor,30.5,86.26,62.29,Root Rot Risk,Soft Stem,Yellowing Leaves,Branch Weakness,Overwatered
28.07,79.11,Poor,30.7,67.51,84.11,Root Rot Risk,Soft Stem,Yellowing Leaves,Branch Weakness,Overwatered
35.86,44.08,Good,33.44,41.11,4.98,Healthy Roots,Strong Stem,Green Leaves,Healthy Branches,Healthy
31.48,85.6,Poor,38,57.5,18.02,Root Rot Risk,Soft Stem,Yellowing Leaves,Branch Weakness,Overwatered
32.91,51.54,Good,24.25,65.41,34.36,Healthy Roots,Strong Stem,Green Leaves,Healthy Branches,Healthy
20.65,59.89,Good,38.95,79.22,74.41,Healthy Roots,Strong Stem,Green Leaves,Healthy Branches,Healthy
27.37,14.53,Poor,24.19,49.07,41.28,Root Stress,Weak Stem,Leaf Wilting,Slow Growth,Dry_Stress
22.4,82.29,Poor,34.74,49.63,30.91,Root Rot Risk,Soft Stem,Yellowing Leaves,Branch Weakness,Overwatered
22.3,65.94,Good,28.79,45.26,64.93,Healthy Roots,Strong Stem,Green Leaves,Healthy Branches,Healthy
23.93,72.98,Good,39.03,49.39,39.31,Healthy Roots,Strong Stem,Green Leaves,Healthy Branches,Healthy
28.25,16.82,Poor,22.66,86.92,90.49,Root Stress,Weak Stem,Leaf Wilting,Slow Growth,Dry_Stress
25.46,21,Poor,25.53,78.15,56.18,Root Stress,Weak Stem,Leaf Wilting,Slow Growth,Dry_Stress
25.17,15.6,Poor,22.18,59.27,54.2,Root Stress,Weak Stem,Leaf Wilting,Slow Growth,Dry_Stress
24.58,68.22,Good,22.88,86.17,77.24,Healthy Roots,Strong Stem,Green Leaves,Healthy Branches,Healthy
35.76,78.55,Poor,35.02,60.57,46.38,Root Rot Risk,Soft Stem,Yellowing Leaves,Branch Weakness,Overwatered
25.6,61.09,Good,23.19,77.82,46.68,Healthy Roots,Strong Stem,Green Leaves,Healthy Branches,Healthy
34.53,65.68,Good,39.56,81.44,78.4,Healthy Roots,Strong Stem,Green Leaves,Healthy Branches,Healthy
35.87,76.52,Poor,36.07,74.08,74.22,Root Rot Risk,Soft Stem,Yellowing Leaves,Branch Weakness,Overwatered
29.18,84.44,Poor,21.4,74.55,63.71,Root Rot Risk,Soft Stem,Yellowing Leaves,Branch Weakness,Overwatered
35.58,42.17,Good,30.35,84.97,17.48,Healthy Roots,Strong Stem,Green Leaves,Healthy Branches,Healthy
36,48.87,Good,33.17,63.74,59.42,Healthy Roots,Strong Stem,Green Leaves,Healthy Branches,Healthy
32.67,19.04,Poor,38.97,41.17,95.14,Root Stress,Weak Stem,Leaf Wilting,Slow Growth,Dry_Stress
30.87,46.08,Good,35.91,52.62,18.61,Healthy Roots,Strong Stem,Green Leaves,Healthy Branches,Healthy
21.98,38.4,Good,29.64,51.6,89.77,Healthy Roots,Strong Stem,Green Leaves,Healthy Branches,Healthy
21.31,20.04,Poor,23.7,79.44,65.82,Root Stress,Weak Stem,Leaf Wilting,Slow Growth,Dry_Stress
18.95,20.72,Poor,28.8,57.28,32.37,Root Stress,Weak Stem,Leaf Wilting,Slow Growth,Dry_Stress
21.91,26.23,Good,39.5,85.73,66.05,Healthy Roots,Strong Stem,Green Leaves,Healthy Branches,Healthy
27.51,47.19,Good,23.68,88.47,16.94,Healthy Roots,Strong Stem,Green Leaves,Healthy Branches,Healthy
25.87,64.48,Good,22.25,58.64,37.07,Healthy Roots,Strong Stem,Green Leaves,Healthy Branches,Healthy
31.59,32.09,Good,31.25,52.31,29.14,Healthy Roots,Strong Stem,Green Leaves,Healthy Branches,Healthy
23.42,75.34,Poor,34.4,53.15,24.28,Root Rot Risk,Soft Stem,Yellowing Leaves,Branch Weakness,Overwatered
29.17,61.62,Good,36.39,94.42,70.26,Healthy Roots,Strong Stem,Green Leaves,Healthy Branches,Healthy
24.5,62.34,Good,37.89,72.32,47.72,Healthy Roots,Strong Stem,Green Leaves,Healthy Branches,Healthy
21.98,72.32,Good,25.31,83.17,23.07,Healthy Roots,Strong Stem,Green Leaves,Healthy Branches,Healthy
31.97,36.31,Good,23.08,71.94,14.94,Healthy Roots,Strong Stem,Green Leaves,Healthy Branches,Healthy
23.27,87.87,Poor,23.99,72.4,43.98,Root Rot Risk,Soft Stem,Yellowing Leaves,Branch Weakness,Overwatered
27.34,15.27,Poor,21.54,40.65,88.68,Root Stress,Weak Stem,Leaf Wilting,Slow Growth,Dry_Stress
22.52,10.32,Poor,39.05,48.52,73.26,Root Stress,Weak Stem,Leaf Wilting,Slow Growth,Dry_Stress
29.67,61.8,Good,21.96,84.75,73.41,Healthy Roots,Strong Stem,Green Leaves,Healthy Branches,Healthy
21.14,81.04,Poor,39.79,74.57,97.89,Root Rot Risk,Soft Stem,Yellowing Leaves,Branch Weakness,Overwatered
19.13,38.75,Good,28.75,72.74,75.13,Healthy Roots,Strong Stem,Green Leaves,Healthy Branches,Healthy
29.28,59.63,Good,28.94,48.08,53.02,Healthy Roots,Strong Stem,Green Leaves,Healthy Branches,Healthy
26.9,79.81,Poor,34.42,70.65,77.83,Root Rot Risk,Soft Stem,Yellowing Leaves,Branch Weakness,Overwatered
29.72,45.52,Good,28.98,78.36,37.01,Healthy Roots,Strong Stem,Green Leaves,Healthy Branches,Healthy
19.41,53.3,Good,29.55,40.79,96.36,Healthy Roots,Strong Stem,Green Leaves,Healthy Branches,Healthy
31.99,83.01,Poor,22.93,44.6,11.83,Root Rot Risk,Soft Stem,Yellowing Leaves,Branch Weakness,Overwatered
18.87,80.54,Poor,35.21,71.3,84.9,Root Rot Risk,Soft Stem,Yellowing Leaves,Branch Weakness,Overwatered
35.21,38.98,Good,23.36,67.98,0.39,Healthy Roots,Strong Stem,Green Leaves,Healthy Branches,Healthy
34.91,20.91,Poor,28.9,55.67,19.4,Root Stress,Weak Stem,Leaf Wilting,Slow Growth,Dry_Stress
32.42,46.08,Good,21.6,75.11,46.83,Healthy Roots,Strong Stem,Green Leaves,Healthy Branches,Healthy
23.63,42.09,Good,31.02,92.3,36.98,Healthy Roots,Strong Stem,Green Leaves,Healthy Branches,Healthy
29.62,76.09,Poor,39.97,83.06,39.14,Root Rot Risk,Soft Stem,Yellowing Leaves,Branch Weakness,Overwatered
35.85,29.34,Moderate,22.91,88.95,52.58,Moderate Stress,Possible Fungal Infection,Leaf Spot Risk,Moderate Growth,Disease_Risk
30.91,52.64,Good,35.61,47.48,31.94,Healthy Roots,Strong Stem,Green Leaves,Healthy Branches,Healthy
29.89,71.49,Good,39.58,63.75,44.92,Healthy Roots,Strong Stem,Green Leaves,Healthy Branches,Healthy
18.54,89.83,Poor,20.31,69.38,27.82,Root Rot Risk,Soft Stem,Yellowing Leaves,Branch Weakness,Overwatered
18.65,51.37,Good,21.98,82.59,1.42,Healthy Roots,Strong Stem,Green Leaves,Healthy Branches,Healthy
29.31,42.62,Good,24.31,86.16,55.31,Healthy Roots,Strong Stem,Green Leaves,Healthy Branches,Healthy
26.37,45.59,Good,36.55,46.99,25.71,Healthy Roots,Strong Stem,Green Leaves,Healthy Branches,Healthy
26.83,53.28,Good,35.46,56.3,65.7,Healthy Roots,Strong Stem,Green Leaves,Healthy Branches,Healthy
21.45,76.28,Poor,34.17,50.55,71.84,Root Rot Risk,Soft Stem,Yellowing Leaves,Branch Weakness,Overwatered
23.49,27.51,Good,37.26,40.64,28.19,Healthy Roots,Strong Stem,Green Leaves,Healthy Branches,Healthy
34.02,88.1,Poor,27.09,71.14,43.61,Root Rot Risk,Soft Stem,Yellowing Leaves,Branch Weakness,Overwatered
24.57,78.38,Poor,23,67.04,89.25,Root Rot Risk,Soft Stem,Yellowing Leaves,Branch Weakness,Overwatered
35.48,25.01,Good,30.82,56.75,26.19,Healthy Roots,Strong Stem,Green Leaves,Healthy Branches,Healthy
21,13.86,Poor,39.36,52.42,94.02,Root Stress,Weak Stem,Leaf Wilting,Slow Growth,Dry_Stress
27.57,12.14,Poor,25.27,42.23,30.94,Root Stress,Weak Stem,Leaf Wilting,Slow Growth,Dry_Stress
29.49,81.99,Poor,33.22,58.84,25.01,Root Rot Risk,Soft Stem,Yellowing Leaves,Branch Weakness,Overwatered
30.35,10.25,Poor,25.19,70.12,70.96,Root Stress,Weak Stem,Leaf Wilting,Slow Growth,Dry_Stress
32.5,28.27,Good,24.92,78.8,58.14,Healthy Roots,Strong Stem,Green Leaves,Healthy Branches,Healthy
31.61,64.28,Moderate,21.01,90.46,18.82,Moderate Stress,Possible Fungal Infection,Leaf Spot Risk,Moderate Growth,Disease_Risk
32.72,86.83,Poor,38.25,65.61,92,Root Rot Risk,Soft Stem,Yellowing Leaves,Branch Weakness,Overwatered
19.06,18.02,Poor,21.9,61.64,35.71,Root Stress,Weak Stem,Leaf Wilting,Slow Growth,Dry_Stress
19.46,49.62,Good,33.68,93.19,9.45,Healthy Roots,Strong Stem,Green Leaves,Healthy Branches,Healthy
20.4,65.18,Good,32.81,91.96,70.63,Healthy Roots,Strong Stem,Green Leaves,Healthy Branches,Healthy
21.56,67.28,Good,22.46,85.15,27.96,Healthy Roots,Strong Stem,Green Leaves,Healthy Branches,Healthy
30.93,39.62,Good,23.23,60.78,98.47,Healthy Roots,Strong Stem,Green Leaves,Healthy Branches,Healthy
27.68,51.75,Good,27.39,41.18,49.18,Healthy Roots,Strong Stem,Green Leaves,Healthy Branches,Healthy
30.72,79.76,Poor,38.1,41.08,76.62,Root Rot Risk,Soft Stem,Yellowing Leaves,Branch Weakness,Overwatered
28.79,89.99,Poor,36.25,63.2,32.39,Root Rot Risk,Soft Stem,Yellowing Leaves,Branch Weakness,Overwatered
28.07,49.59,Good,27.36,84.7,2.97,Healthy Roots,Strong Stem,Green Leaves,Healthy Branches,Healthy
21.34,69.43,Good,39.22,67.88,86.65,Healthy Roots,Strong Stem,Green Leaves,Healthy Branches,Healthy
33.48,63.89,Good,36.68,40.65,9.79,Healthy Roots,Strong Stem,Green Leaves,Healthy Branches,Healthy
31.91,53.9,Good,35.75,84.93,85.33,Healthy Roots,Strong Stem,Green Leaves,Healthy Branches,Healthy
31.61,48.63,Good,23.32,44.14,13.35,Healthy Roots,Strong Stem,Green Leaves,Healthy Branches,Healthy
34.77,75.65,Poor,22.47,49.06,92.92,Root Rot Risk,Soft Stem,Yellowing Leaves,Branch Weakness,Overwatered
25.12,63.29,Good,25.99,40.62,85.02,Healthy Roots,Strong Stem,Green Leaves,Healthy Branches,Healthy
25.59,73.46,Good,21.97,41.56,67.18,Healthy Roots,Strong Stem,Green Leaves,Healthy Branches,Healthy
26.48,59.76,Good,38.79,74.58,11.9,Healthy Roots,Strong Stem,Green Leaves,Healthy Branches,Healthy
24.29,14.58,Poor,28.14,50.41,30.33,Root Stress,Weak Stem,Leaf Wilting,Slow Growth,Dry_Stress
27.2,43.22,Good,37.8,67.48,78.3,Healthy Roots,Strong Stem,Green Leaves,Healthy Branches,Healthy
29.27,42.37,Good,29.61,90.61,89.38,Healthy Roots,Strong Stem,Green Leaves,Healthy Branches,Healthy
28.57,12.88,Poor,29.76,86.25,5.69,Root Stress,Weak Stem,Leaf Wilting,Slow Growth,Dry_Stress
21.18,65.47,Good,20.72,68.37,94.64,Healthy Roots,Strong Stem,Green Leaves,Healthy Branches,Healthy
31.05,73.3,Good,26.82,53.13,68.67,Healthy Roots,Strong Stem,Green Leaves,Healthy Branches,Healthy
19.27,53.5,Good,32.89,40.97,69.15,Healthy Roots,Strong Stem,Green Leaves,Healthy Branches,Healthy
21.73,67.19,Good,32.89,89,39.38,Healthy Roots,Strong Stem,Green Leaves,Healthy Branches,Healthy
25.14,36.56,Good,24.56,57.44,42.66,Healthy Roots,Strong Stem,Green Leaves,Healthy Branches,Healthy
32.88,67.18,Good,20.57,77.61,36.78,Healthy Roots,Strong Stem,Green Leaves,Healthy Branches,Healthy
22.54,51.65,Good,26.51,89.62,81.61,Healthy Roots,Strong Stem,Green Leaves,Healthy Branches,Healthy
32.89,13.5,Poor,35.64,88.06,93.82,Root Stress,Weak Stem,Leaf Wilting,Slow Growth,Dry_Stress
28.45,67.19,Good,34.31,74.39,82.22,Healthy Roots,Strong Stem,Green Leaves,Healthy Branches,Healthy
30.58,54.13,Good,35.2,61.23,94.09,Healthy Roots,Strong Stem,Green Leaves,Healthy Branches,Healthy
23.33,49.54,Good,34.23,77.52,76.79,Healthy Roots,Strong Stem,Green Leaves,Healthy Branches,Healthy
35.48,35.1,Good,30.13,59.14,82.98,Healthy Roots,Strong Stem,Green Leaves,Healthy Branches,Healthy
29.72,84.25,Poor,20.58,83.76,22.95,Root Rot Risk,Soft Stem,Yellowing Leaves,Branch Weakness,Overwatered
19.45,32.87,Good,23.96,75.16,35.22,Healthy Roots,Strong Stem,Green Leaves,Healthy Branches,Healthy
32.51,52.68,Good,32.7,45.76,97.7,Healthy Roots,Strong Stem,Green Leaves,Healthy Branches,Healthy
26.41,17.54,Poor,27.32,53.99,17.41,Root Stress,Weak Stem,Leaf Wilting,Slow Growth,Dry_Stress
33.03,21.39,Poor,24.3,69.81,83.14,Root Stress,Weak Stem,Leaf Wilting,Slow Growth,Dry_Stress
30.61,26.94,Good,34.3,64.93,6.15,Healthy Roots,Strong Stem,Green Leaves,Healthy Branches,Healthy
35.39,79.95,Poor,35.62,79.89,34.18,Root Rot Risk,Soft Stem,Yellowing Leaves,Branch Weakness,Overwatered
34.37,32.22,Good,27.46,79.32,8.28,Healthy Roots,Strong Stem,Green Leaves,Healthy Branches,Healthy
30,81.82,Poor,24.29,86.4,67.02,Root Rot Risk,Soft Stem,Yellowing Leaves,Branch Weakness,Overwatered
31.78,49.16,Good,30.9,73.45,57.77,Healthy Roots,Strong Stem,Green Leaves,Healthy Branches,Healthy
19.08,49.12,Good,20.77,90.88,78.41,Healthy Roots,Strong Stem,Green Leaves,Healthy Branches,Healthy
32.31,28.19,Good,29.14,77.78,89.81,Healthy Roots,Strong Stem,Green Leaves,Healthy Branches,Healthy
31.23,38.92,Moderate,39.89,91.61,44.59,Moderate Stress,Possible Fungal Infection,Leaf Spot Risk,Moderate Growth,Disease_Risk
34.98,31.22,Moderate,34.71,85.84,97.21,Moderate Stress,Possible Fungal Infection,Leaf Spot Risk,Moderate Growth,Disease_Risk
31.59,65.86,Good,25.87,63.69,77.06,Healthy Roots,Strong Stem,Green Leaves,Healthy Branches,Healthy
29.1,38.22,Good,25.6,91.95,81.05,Healthy Roots,Strong Stem,Green Leaves,Healthy Branches,Healthy
32.01,85.82,Poor,34.21,82.75,4.29,Root Rot Risk,Soft Stem,Yellowing Leaves,Branch Weakness,Overwatered
28.84,13.23,Poor,37.6,89.97,89.38,Root Stress,Weak Stem,Leaf Wilting,Slow Growth,Dry_Stress
26.69,10.46,Poor,28.61,80.12,64.47,Root Stress,Weak Stem,Leaf Wilting,Slow Growth,Dry_Stress
35.64,51.43,Good,25.12,43.43,22.08,Healthy Roots,Strong Stem,Green Leaves,Healthy Branches,Healthy
26.9,71.58,Good,39.41,94.23,61.57,Healthy Roots,Strong Stem,Green Leaves,Healthy Branches,Healthy
19.82,19.97,Poor,37.5,49.29,68.67,Root Stress,Weak Stem,Leaf Wilting,Slow Growth,Dry_Stress
18.82,56.32,Good,35.52,51.62,72.14,Healthy Roots,Strong Stem,Green Leaves,Healthy Branches,Healthy
24.64,79.88,Poor,35.77,50.37,60.37,Root Rot Risk,Soft Stem,Yellowing Leaves,Branch Weakness,Overwatered
26.21,66.88,Good,28.11,70.96,48.4,Healthy Roots,Strong Stem,Green Leaves,Healthy Branches,Healthy
28.01,84.63,Poor,33.99,64.7,66.01,Root Rot Risk,Soft Stem,Yellowing Leaves,Branch Weakness,Overwatered
19.25,44.75,Good,25.12,82.33,29.96,Healthy Roots,Strong Stem,Green Leaves,Healthy Branches,Healthy
27.91,43.89,Good,28.25,78.31,38.23,Healthy Roots,Strong Stem,Green Leaves,Healthy Branches,Healthy
35.25,20.41,Poor,33.99,94.34,2.55,Root Stress,Weak Stem,Leaf Wilting,Slow Growth,Dry_Stress
31.53,27.68,Good,33.03,44.74,8.82,Healthy Roots,Strong Stem,Green Leaves,Healthy Branches,Healthy
30.66,80.03,Poor,34.89,54.83,92.05,Root Rot Risk,Soft Stem,Yellowing Leaves,Branch Weakness,Overwatered
27.27,61.41,Good,32.01,90.78,74.21,Healthy Roots,Strong Stem,Green Leaves,Healthy Branches,Healthy
33.92,71.7,Good,21.19,76,70.78,Healthy Roots,Strong Stem,Green Leaves,Healthy Branches,Healthy
19.64,25.51,Good,28.14,54.81,80.37,Healthy Roots,Strong Stem,Green Leaves,Healthy Branches,Healthy
31.99,33.81,Good,35.8,84.99,90.5,Healthy Roots,Strong Stem,Green Leaves,Healthy Branches,Healthy
30.84,14.9,Poor,28.54,66.49,90.31,Root Stress,Weak Stem,Leaf Wilting,Slow Growth,Dry_Stress
24.81,49.83,Good,29.77,46.35,0.13,Healthy Roots,Strong Stem,Green Leaves,Healthy Branches,Healthy
26.83,23.48,Poor,28.83,44.99,26.96,Root Stress,Weak Stem,Leaf Wilting,Slow Growth,Dry_Stress
20.74,40.7,Good,25.01,84.83,63.79,Healthy Roots,Strong Stem,Green Leaves,Healthy Branches,Healthy
18.11,57.57,Good,39.33,42.83,88.91,Healthy Roots,Strong Stem,Green Leaves,Healthy Branches,Healthy
24.04,83.18,Poor,35.69,65.92,9.01,Root Rot Risk,Soft Stem,Yellowing Leaves,Branch Weakness,Overwatered
24.09,80.83,Poor,38.95,59.07,32.41,Root Rot Risk,Soft Stem,Yellowing Leaves,Branch Weakness,Overwatered
27.37,61.47,Good,27.8,79.16,78.98,Healthy Roots,Strong Stem,Green Leaves,Healthy Branches,Healthy
24.23,12.35,Poor,33.24,81.79,87.45,Root Stress,Weak Stem,Leaf Wilting,Slow Growth,Dry_Stress
34.01,71.72,Good,31.43,56.26,17.98,Healthy Roots,Strong Stem,Green Leaves,Healthy Branches,Healthy
20.6,50.21,Good,31.26,58.06,64.67,Healthy Roots,Strong Stem,Green Leaves,Healthy Branches,Healthy
32.83,39.31,Good,30.3,42.51,32.14,Healthy Roots,Strong Stem,Green Leaves,Healthy Branches,Healthy
27.8,83.1,Poor,35.05,53.47,13.79,Root Rot Risk,Soft Stem,Yellowing Leaves,Branch Weakness,Overwatered
21.98,38.58,Good,32.83,58.17,43.53,Healthy Roots,Strong Stem,Green Leaves,Healthy Branches,Healthy
33.77,75.08,Poor,36.08,45.67,22.61,Root Rot Risk,Soft Stem,Yellowing Leaves,Branch Weakness,Overwatered
27.96,74.24,Good,21.01,44.81,36.34,Healthy Roots,Strong Stem,Green Leaves,Healthy Branches,Healthy
19.74,41.09,Good,34.1,55.71,60.42,Healthy Roots,Strong Stem,Green Leaves,Healthy Branches,Healthy
33.6,56.24,Good,22.85,62.68,16.88,Healthy Roots,Strong Stem,Green Leaves,Healthy Branches,Healthy
22.9,65.67,Good,34.61,76.88,21.33,Healthy Roots,Strong Stem,Green Leaves,Healthy Branches,Healthy
28.29,36.42,Good,34.64,88.42,0.95,Healthy Roots,Strong Stem,Green Leaves,Healthy Branches,Healthy
30.22,40.28,Good,29.28,67.37,79.01,Healthy Roots,Strong Stem,Green Leaves,Healthy Branches,Healthy
31.39,67.47,Good,20.46,78.24,61.29,Healthy Roots,Strong Stem,Green Leaves,Healthy Branches,Healthy
30.9,64.7,Moderate,38,85.39,93.98,Moderate Stress,Possible Fungal Infection,Leaf Spot Risk,Moderate Growth,Disease_Risk
32.97,68.84,Good,20.9,59.35,79.23,Healthy Roots,Strong Stem,Green Leaves,Healthy Branches,Healthy
31.87,40.77,Moderate,31.84,85.66,53.92,Moderate Stress,Possible Fungal Infection,Leaf Spot Risk,Moderate Growth,Disease_Risk
21.4,29,Good,23.43,59.52,60.57,Healthy Roots,Strong Stem,Green Leaves,Healthy Branches,Healthy
28.03,43.01,Good,34.31,91.83,53.06,Healthy Roots,Strong Stem,Green Leaves,Healthy Branches,Healthy
26.89,88.16,Poor,25.43,81.97,39.75,Root Rot Risk,Soft Stem,Yellowing Leaves,Branch Weakness,Overwatered
20.4,55.12,Good,39.94,55.5,90.03,Healthy Roots,Strong Stem,Green Leaves,Healthy Branches,Healthy
25.8,65.13,Good,22.51,64.51,67.34,Healthy Roots,Strong Stem,Green Leaves,Healthy Branches,Healthy
31.98,32.96,Good,38.21,49.86,59.03,Healthy Roots,Strong Stem,Green Leaves,Healthy Branches,Healthy
26,73.79,Good,32.99,47.7,89.28,Healthy Roots,Strong Stem,Green Leaves,Healthy Branches,Healthy
25.06,82.75,Poor,22.12,53.69,71.14,Root Rot Risk,Soft Stem,Yellowing Leaves,Branch Weakness,Overwatered
26.57,79.82,Poor,21.82,87.59,77.35,Root Rot Risk,Soft Stem,Yellowing Leaves,Branch Weakness,Overwatered
28.17,38.88,Good,20.74,85.75,46.1,Healthy Roots,Strong Stem,Green Leaves,Healthy Branches,Healthy
31.77,27.47,Moderate,37.03,86.47,63.73,Moderate Stress,Possible Fungal Infection,Leaf Spot Risk,Moderate Growth,Disease_Risk
33.36,58.07,Good,35.32,42.84,43.04,Healthy Roots,Strong Stem,Green Leaves,Healthy Branches,Healthy
23.2,56.15,Good,36.97,85.23,11,Healthy Roots,Strong Stem,Green Leaves,Healthy Branches,Healthy
22.75,23.79,Poor,30.87,53.5,47.68,Root Stress,Weak Stem,Leaf Wilting,Slow Growth,Dry_Stress
23.69,11.21,Poor,38.5,56.68,52.97,Root Stress,Weak Stem,Leaf Wilting,Slow Growth,Dry_Stress
33.57,82.39,Poor,32.38,55.36,1.02,Root Rot Risk,Soft Stem,Yellowing Leaves,Branch Weakness,Overwatered
34.21,75.57,Poor,27.02,62.15,72.13,Root Rot Risk,Soft Stem,Yellowing Leaves,Branch Weakness,Overwatered
24.15,44.49,Good,21.08,91.58,14.01,Healthy Roots,Strong Stem,Green Leaves,Healthy Branches,Healthy
33,16.6,Poor,20.78,71.9,43.85,Root Stress,Weak Stem,Leaf Wilting,Slow Growth,Dry_Stress
27.8,52.58,Good,35.75,45.11,96.98,Healthy Roots,Strong Stem,Green Leaves,Healthy Branches,Healthy
35.24,45.05,Good,25.52,57.13,41.3,Healthy Roots,Strong Stem,Green Leaves,Healthy Branches,Healthy
28.26,62.82,Good,20.22,76.66,72.11,Healthy Roots,Strong Stem,Green Leaves,Healthy Branches,Healthy
34.27,32.13,Good,27.06,52.04,33.69,Healthy Roots,Strong Stem,Green Leaves,Healthy Branches,Healthy
27.98,37.88,Good,35.19,40.08,46.47,Healthy Roots,Strong Stem,Green Leaves,Healthy Branches,Healthy
24.28,61.8,Good,37.35,78.67,66.53,Healthy Roots,Strong Stem,Green Leaves,Healthy Branches,Healthy
33.29,68.59,Good,38.37,61.42,26.3,Healthy Roots,Strong Stem,Green Leaves,Healthy Branches,Healthy
24.07,27.71,Good,34.98,70.62,73.94,Healthy Roots,Strong Stem,Green Leaves,Healthy Branches,Healthy
32.19,41.73,Good,31.51,70.71,69.68,Healthy Roots,Strong Stem,Green Leaves,Healthy Branches,Healthy
27.55,71.77,Good,39.78,71.75,23.76,Healthy Roots,Strong Stem,Green Leaves,Healthy Branches,Healthy
23.82,59.38,Good,39.18,68.65,23.86,Healthy Roots,Strong Stem,Green Leaves,Healthy Branches,Healthy
26.57,22,Poor,26.68,41.63,68.83,Root Stress,Weak Stem,Leaf Wilting,Slow Growth,Dry_Stress
34.31,37.12,Moderate,25.04,91.36,74.59,Moderate Stress,Possible Fungal Infection,Leaf Spot Risk,Moderate Growth,Disease_Risk
23.35,64.83,Good,37.28,78.15,60.98,Healthy Roots,Strong Stem,Green Leaves,Healthy Branches,Healthy
19.55,13.59,Poor,20.39,87.81,25.79,Root Stress,Weak Stem,Leaf Wilting,Slow Growth,Dry_Stress
34.27,84.46,Poor,37.04,51.99,41.44,Root Rot Risk,Soft Stem,Yellowing Leaves,Branch Weakness,Overwatered
20.12,70.19,Good,23.53,72.92,85.16,Healthy Roots,Strong Stem,Green Leaves,Healthy Branches,Healthy
22.16,36.38,Good,31.22,68.97,60.61,Healthy Roots,Strong Stem,Green Leaves,Healthy Branches,Healthy
26.63,16.92,Poor,21.66,42.44,95.52,Root Stress,Weak Stem,Leaf Wilting,Slow Growth,Dry_Stress
32.04,76.26,Poor,22.56,65.95,50.62,Root Rot Risk,Soft Stem,Yellowing Leaves,Branch Weakness,Overwatered
35.6,17.57,Poor,26.02,67.58,71.86,Root Stress,Weak Stem,Leaf Wilting,Slow Growth,Dry_Stress
21.36,57.99,Good,28.13,88.76,9.65,Healthy Roots,Strong Stem,Green Leaves,Healthy Branches,Healthy
22.18,73.8,Good,22.05,40.41,81.32,Healthy Roots,Strong Stem,Green Leaves,Healthy Branches,Healthy
35.93,14.41,Poor,36.51,77.16,12.66,Root Stress,Weak Stem,Leaf Wilting,Slow Growth,Dry_Stress
28.13,77.6,Poor,37.87,82.53,47.81,Root Rot Risk,Soft Stem,Yellowing Leaves,Branch Weakness,Overwatered
33.51,10.98,Poor,24.64,90.15,93.72,Root Stress,Weak Stem,Leaf Wilting,Slow Growth,Dry_Stress
24.58,87.75,Poor,37.12,85.76,22.09,Root Rot Risk,Soft Stem,Yellowing Leaves,Branch Weakness,Overwatered
23.22,50.32,Good,39.92,40.49,47.97,Healthy Roots,Strong Stem,Green Leaves,Healthy Branches,Healthy
33.75,58.31,Good,24.74,47.34,44.42,Healthy Roots,Strong Stem,Green Leaves,Healthy Branches,Healthy
21.72,78.85,Poor,32.75,51.53,31.47,Root Rot Risk,Soft Stem,Yellowing Leaves,Branch Weakness,Overwatered
22.78,88.93,Poor,24.72,47.77,91.28,Root Rot Risk,Soft Stem,Yellowing Leaves,Branch Weakness,Overwatered
24.63,23.33,Poor,34.23,55.46,78.91,Root Stress,Weak Stem,Leaf Wilting,Slow Growth,Dry_Stress
24.03,15.58,Poor,20.42,78.78,1.96,Root Stress,Weak Stem,Leaf Wilting,Slow Growth,Dry_Stress
21,80.5,Poor,36.03,65.03,46.8,Root Rot Risk,Soft Stem,Yellowing Leaves,Branch Weakness,Overwatered
23.22,30.32,Good,22.93,43.52,97.81,Healthy Roots,Strong Stem,Green Leaves,Healthy Branches,Healthy
21.12,49.85,Good,24.26,66.4,17.99,Healthy Roots,Strong Stem,Green Leaves,Healthy Branches,Healthy
27.59,73.97,Good,39.81,79.6,1.3,Healthy Roots,Strong Stem,Green Leaves,Healthy Branches,Healthy
30.5,75.25,Poor,38.08,57.94,52.4,Root Rot Risk,Soft Stem,Yellowing Leaves,Branch Weakness,Overwatered
27.28,53.57,Good,38.21,75.38,14.94,Healthy Roots,Strong Stem,Green Leaves,Healthy Branches,Healthy
19.27,89.42,Poor,20.04,43.56,24.89,Root Rot Risk,Soft Stem,Yellowing Leaves,Branch Weakness,Overwatered
28.63,85.48,Poor,30.63,63.57,97.77,Root Rot Risk,Soft Stem,Yellowing Leaves,Branch Weakness,Overwatered
30.83,27.76,Good,35.63,64.24,78.07,Healthy Roots,Strong Stem,Green Leaves,Healthy Branches,Healthy
21.18,81.46,Poor,31.27,53.52,93.55,Root Rot Risk,Soft Stem,Yellowing Leaves,Branch Weakness,Overwatered
26.72,54.01,Good,32.68,69.84,42.73,Healthy Roots,Strong Stem,Green Leaves,Healthy Branches,Healthy
35.47,24.44,Poor,38.11,89.24,25.43,Root Stress,Weak Stem,Leaf Wilting,Slow Growth,Dry_Stress
32.89,42.12,Good,25.05,73.44,45.57,Healthy Roots,Strong Stem,Green Leaves,Healthy Branches,Healthy
26.21,37.74,Good,34.3,42.2,25.61,Healthy Roots,Strong Stem,Green Leaves,Healthy Branches,Healthy
22.66,79,Poor,20.37,46.4,26.44,Root Rot Risk,Soft Stem,Yellowing Leaves,Branch Weakness,Overwatered
20.88,81.15,Poor,35.34,56.05,89.28,Root Rot Risk,Soft Stem,Yellowing Leaves,Branch Weakness,Overwatered
18.83,29.25,Good,38.64,48.49,53.8,Healthy Roots,Strong Stem,Green Leaves,Healthy Branches,Healthy
22.22,39.2,Good,27.04,47.52,48.24,Healthy Roots,Strong Stem,Green Leaves,Healthy Branches,Healthy
26.79,12.22,Poor,34.71,55.15,43.69,Root Stress,Weak Stem,Leaf Wilting,Slow Growth,Dry_Stress
26.97,12.44,Poor,29.47,48.72,62.85,Root Stress,Weak Stem,Leaf Wilting,Slow Growth,Dry_Stress
21.11,34.46,Good,20.51,50.35,45.79,Healthy Roots,Strong Stem,Green Leaves,Healthy Branches,Healthy
26.18,19.58,Poor,23.95,74.74,73.45,Root Stress,Weak Stem,Leaf Wilting,Slow Growth,Dry_Stress
25.94,79.48,Poor,22.49,41.3,16.28,Root Rot Risk,Soft Stem,Yellowing Leaves,Branch Weakness,Overwatered
32.57,89.19,Poor,30.49,83.93,41.53,Root Rot Risk,Soft Stem,Yellowing Leaves,Branch Weakness,Overwatered
34.58,35.41,Moderate,35.11,85.71,75.49,Moderate Stress,Possible Fungal Infection,Leaf Spot Risk,Moderate Growth,Disease_Risk
35.23,14.62,Poor,22.62,43.66,31.4,Root Stress,Weak Stem,Leaf Wilting,Slow Growth,Dry_Stress
26.77,27.86,Good,24.05,69.44,4.09,Healthy Roots,Strong Stem,Green Leaves,Healthy Branches,Healthy
33.32,64.43,Moderate,38.1,86.39,98.2,Moderate Stress,Possible Fungal Infection,Leaf Spot Risk,Moderate Growth,Disease_Risk
29.16,37.55,Good,39.54,79.31,72.41,Healthy Roots,Strong Stem,Green Leaves,Healthy Branches,Healthy
19.83,61.52,Good,33,94.2,76.07,Healthy Roots,Strong Stem,Green Leaves,Healthy Branches,Healthy
19.31,38.21,Good,25.09,81.54,1.3,Healthy Roots,Strong Stem,Green Leaves,Healthy Branches,Healthy
28.89,38.49,Good,30.51,43.04,9.27,Healthy Roots,Strong Stem,Green Leaves,Healthy Branches,Healthy
30.27,29.6,Good,29.91,77.76,59.32,Healthy Roots,Strong Stem,Green Leaves,Healthy Branches,Healthy
29.73,78.34,Poor,23.19,65.37,4.72,Root Rot Risk,Soft Stem,Yellowing Leaves,Branch Weakness,Overwatered
26.71,36.05,Good,35.64,69.56,58.81,Healthy Roots,Strong Stem,Green Leaves,Healthy Branches,Healthy
28.67,15.32,Poor,27.54,76.21,72.96,Root Stress,Weak Stem,Leaf Wilting,Slow Growth,Dry_Stress
29.94,64.27,Good,23.57,90.64,38.37,Healthy Roots,Strong Stem,Green Leaves,Healthy Branches,Healthy
30.66,63.05,Good,22.72,73.12,62,Healthy Roots,Strong Stem,Green Leaves,Healthy Branches,Healthy
20.59,33.47,Good,35.17,72.08,30.7,Healthy Roots,Strong Stem,Green Leaves,Healthy Branches,Healthy
26.57,80.47,Poor,36.02,54.44,31.26,Root Rot Risk,Soft Stem,Yellowing Leaves,Branch Weakness,Overwatered
23.96,13.42,Poor,35.51,87.41,4.37,Root Stress,Weak Stem,Leaf Wilting,Slow Growth,Dry_Stress
26.7,88.27,Poor,35.9,50.77,57.65,Root Rot Risk,Soft Stem,Yellowing Leaves,Branch Weakness,Overwatered
25.08,52.34,Good,36.44,76.2,6.08,Healthy Roots,Strong Stem,Green Leaves,Healthy Branches,Healthy
19.31,15.37,Poor,20.91,43.6,89.57,Root Stress,Weak Stem,Leaf Wilting,Slow Growth,Dry_Stress
32.22,36.72,Good,30.32,71,17.08,Healthy Roots,Strong Stem,Green Leaves,Healthy Branches,Healthy
27.4,64.11,Good,33.76,55.08,19.61,Healthy Roots,Strong Stem,Green Leaves,Healthy Branches,Healthy
33.74,82.23,Poor,20.27,71.2,66.07,Root Rot Risk,Soft Stem,Yellowing Leaves,Branch Weakness,Overwatered
18.78,54.71,Good,26.83,82.82,35.31,Healthy Roots,Strong Stem,Green Leaves,Healthy Branches,Healthy
19.74,78.34,Poor,27.58,45.78,53.72,Root Rot Risk,Soft Stem,Yellowing Leaves,Branch Weakness,Overwatered
20.27,59.84,Good,37.22,45.02,18.15,Healthy Roots,Strong Stem,Green Leaves,Healthy Branches,Healthy
33.66,31.6,Good,25.28,53.24,94.95,Healthy Roots,Strong Stem,Green Leaves,Healthy Branches,Healthy
27.12,11.27,Poor,22.13,60.49,6.39,Root Stress,Weak Stem,Leaf Wilting,Slow Growth,Dry_Stress
31.51,57.34,Good,29.98,44.46,3.64,Healthy Roots,Strong Stem,Green Leaves,Healthy Branches,Healthy
19.39,49.21,Good,36.35,62.07,80.97,Healthy Roots,Strong Stem,Green Leaves,Healthy Branches,Healthy
31.43,47.18,Good,21.51,81.88,92.31,Healthy Roots,Strong Stem,Green Leaves,Healthy Branches,Healthy
19.4,15.17,Poor,25.12,58.11,28.17,Root Stress,Weak Stem,Leaf Wilting,Slow Growth,Dry_Stress
34.39,58.78,Good,34.6,55.69,35.82,Healthy Roots,Strong Stem,Green Leaves,Healthy Branches,Healthy
27.22,83.28,Poor,26.17,87.54,89.19,Root Rot Risk,Soft Stem,Yellowing Leaves,Branch Weakness,Overwatered
35.27,63.93,Good,25.46,42.28,28.28,Healthy Roots,Strong Stem,Green Leaves,Healthy Branches,Healthy
29.43,18.02,Poor,39.91,87.89,61.96,Root Stress,Weak Stem,Leaf Wilting,Slow Growth,Dry_Stress
28.83,49.24,Good,25.21,55.82,9.34,Healthy Roots,Strong Stem,Green Leaves,Healthy Branches,Healthy
21,73.84,Good,28.86,89.89,83.5,Healthy Roots,Strong Stem,Green Leaves,Healthy Branches,Healthy
29.38,78.33,Poor,21.03,60.66,44.16,Root Rot Risk,Soft Stem,Yellowing Leaves,Branch Weakness,Overwatered
31.57,34.24,Good,26.88,59.83,43.5,Healthy Roots,Strong Stem,Green Leaves,Healthy Branches,Healthy
28.99,47.9,Good,27.6,80.12,43.22,Healthy Roots,Strong Stem,Green Leaves,Healthy Branches,Healthy
30.41,62.42,Good,34.82,47.83,32.63,Healthy Roots,Strong Stem,Green Leaves,Healthy Branches,Healthy
33.91,30.43,Moderate,38.14,85.48,47.11,Moderate Stress,Possible Fungal Infection,Leaf Spot Risk,Moderate Growth,Disease_Risk
30.54,14.36,Poor,20.69,80.1,92.76,Root Stress,Weak Stem,Leaf Wilting,Slow Growth,Dry_Stress
29.57,77.07,Poor,39.94,81.73,75.54,Root Rot Risk,Soft Stem,Yellowing Leaves,Branch Weakness,Overwatered
27.5,32.84,Good,21.89,48.65,28.58,Healthy Roots,Strong Stem,Green Leaves,Healthy Branches,Healthy
26.2,47.44,Good,37.51,74.47,26.01,Healthy Roots,Strong Stem,Green Leaves,Healthy Branches,Healthy
30.83,56.73,Good,37.12,61.81,92.57,Healthy Roots,Strong Stem,Green Leaves,Healthy Branches,Healthy
32.9,10.96,Poor,34.46,41.31,72.77,Root Stress,Weak Stem,Leaf Wilting,Slow Growth,Dry_Stress
31.11,88.34,Poor,34.95,42.39,95.35,Root Rot Risk,Soft Stem,Yellowing Leaves,Branch Weakness,Overwatered
19.8,25.85,Good,30.13,64.83,71.65,Healthy Roots,Strong Stem,Green Leaves,Healthy Branches,Healthy
22.61,69.33,Good,27.12,89.75,88.85,Healthy Roots,Strong Stem,Green Leaves,Healthy Branches,Healthy
29.05,78.79,Poor,20.54,80.62,26.03,Root Rot Risk,Soft Stem,Yellowing Leaves,Branch Weakness,Overwatered
28.21,19.91,Poor,31.9,46,59.68,Root Stress,Weak Stem,Leaf Wilting,Slow Growth,Dry_Stress
34.52,63.93,Good,36.35,76.83,7.78,Healthy Roots,Strong Stem,Green Leaves,Healthy Branches,Healthy
35.7,43.81,Good,28.87,82.89,70.73,Healthy Roots,Strong Stem,Green Leaves,Healthy Branches,Healthy
34.12,33.48,Good,20.13,41.38,72.88,Healthy Roots,Strong Stem,Green Leaves,Healthy Branches,Healthy
28.9,39.48,Good,33.24,48.85,29.8,Healthy Roots,Strong Stem,Green Leaves,Healthy Branches,Healthy
30.95,59.28,Good,24.2,61.36,26.02,Healthy Roots,Strong Stem,Green Leaves,Healthy Branches,Healthy
33.28,69.85,Good,38.42,82.12,1.04,Healthy Roots,Strong Stem,Green Leaves,Healthy Branches,Healthy
20.63,85.02,Poor,25.65,50.59,34.15,Root Rot Risk,Soft Stem,Yellowing Leaves,Branch Weakness,Overwatered
23.63,33.98,Good,32.99,55.12,56.2,Healthy Roots,Strong Stem,Green Leaves,Healthy Branches,Healthy
18.45,59.21,Good,35.13,42.25,9.41,Healthy Roots,Strong Stem,Green Leaves,Healthy Branches,Healthy
29.23,51.57,Good,37.9,50.45,96.66,Healthy Roots,Strong Stem,Green Leaves,Healthy Branches,Healthy
34.55,24.33,Poor,35.33,46.47,69.51,Root Stress,Weak Stem,Leaf Wilting,Slow Growth,Dry_Stress
18.09,39.97,Good,37.58,58.43,19.3,Healthy Roots,Strong Stem,Green Leaves,Healthy Branches,Healthy
20.27,18.69,Poor,20.9,84.88,58.9,Root Stress,Weak Stem,Leaf Wilting,Slow Growth,Dry_Stress
21.6,52.46,Good,35.28,50.6,52.82,Healthy Roots,Strong Stem,Green Leaves,Healthy Branches,Healthy
32.03,21.98,Poor,30.4,67.72,16.85,Root Stress,Weak Stem,Leaf Wilting,Slow Growth,Dry_Stress
24.66,33.12,Good,29,91.78,53.22,Healthy Roots,Strong Stem,Green Leaves,Healthy Branches,Healthy
21.56,59.33,Good,25.85,43.09,40.85,Healthy Roots,Strong Stem,Green Leaves,Healthy Branches,Healthy
24.7,16.46,Poor,21.27,63.39,9.93,Root Stress,Weak Stem,Leaf Wilting,Slow Growth,Dry_Stress
22.61,13.85,Poor,20.01,89.62,44.67,Root Stress,Weak Stem,Leaf Wilting,Slow Growth,Dry_Stress
22.51,70.22,Good,33.77,81.9,45.27,Healthy Roots,Strong Stem,Green Leaves,Healthy Branches,Healthy
28.19,80.18,Poor,22.62,82.34,90.46,Root Rot Risk,Soft Stem,Yellowing Leaves,Branch Weakness,Overwatered
30.07,41.35,Moderate,34.59,93.04,86.04,Moderate Stress,Possible Fungal Infection,Leaf Spot Risk,Moderate Growth,Disease_Risk
22.49,52.83,Good,21.23,65.95,96.77,Healthy Roots,Strong Stem,Green Leaves,Healthy Branches,Healthy
27.9,31.18,Good,30.61,61.97,63.2,Healthy Roots,Strong Stem,Green Leaves,Healthy Branches,Healthy
18.54,63.68,Good,34.26,52.4,45.42,Healthy Roots,Strong Stem,Green Leaves,Healthy Branches,Healthy
35.5,18.23,Poor,26.54,71.96,58.69,Root Stress,Weak Stem,Leaf Wilting,Slow Growth,Dry_Stress
19.85,31.07,Good,37.43,58.92,0.87,Healthy Roots,Strong Stem,Green Leaves,Healthy Branches,Healthy
28.06,33.96,Good,39.56,82.01,23.67,Healthy Roots,Strong Stem,Green Leaves,Healthy Branches,Healthy
35.95,31.24,Good,25.24,73.71,91.04,Healthy Roots,Strong Stem,Green Leaves,Healthy Branches,Healthy
23.79,82.42,Poor,20.95,94.85,7.21,Root Rot Risk,Soft Stem,Yellowing Leaves,Branch Weakness,Overwatered
23.17,83.07,Poor,22.64,78.99,2.44,Root Rot Risk,Soft Stem,Yellowing Leaves,Branch Weakness,Overwatered
31.29,55.79,Good,24.02,75.22,17.63,Healthy Roots,Strong Stem,Green Leaves,Healthy Branches,Healthy
26.38,16.13,Poor,25.99,74.15,79.53,Root Stress,Weak Stem,Leaf Wilting,Slow Growth,Dry_Stress
22.8,34.77,Good,39.3,50.97,56.87,Healthy Roots,Strong Stem,Green Leaves,Healthy Branches,Healthy
28.31,80.99,Poor,38.92,65.54,91.72,Root Rot Risk,Soft Stem,Yellowing Leaves,Branch Weakness,Overwatered
32.89,55.01,Good,27.05,76.95,89.65,Healthy Roots,Strong Stem,Green Leaves,Healthy Branches,Healthy
30.04,84.37,Poor,33.84,65.78,53.37,Root Rot Risk,Soft Stem,Yellowing Leaves,Branch Weakness,Overwatered
22.32,35.65,Good,33.94,84.05,48.57,Healthy Roots,Strong Stem,Green Leaves,Healthy Branches,Healthy
30.02,61.6,Good,20.28,75.45,15.1,Healthy Roots,Strong Stem,Green Leaves,Healthy Branches,Healthy
34.74,24.17,Poor,32.86,94.65,80.75,Root Stress,Weak Stem,Leaf Wilting,Slow Growth,Dry_Stress
21.55,80.3,Poor,29.42,84.56,70.41,Root Rot Risk,Soft Stem,Yellowing Leaves,Branch Weakness,Overwatered
29.73,87.36,Poor,23.56,80.8,2.54,Root Rot Risk,Soft Stem,Yellowing Leaves,Branch Weakness,Overwatered
26.99,61.15,Good,22.28,84.83,67.25,Healthy Roots,Strong Stem,Green Leaves,Healthy Branches,Healthy
29.94,54.48,Good,31.2,47.84,9.26,Healthy Roots,Strong Stem,Green Leaves,Healthy Branches,Healthy
20.48,84.22,Poor,39.59,62.15,32.96,Root Rot Risk,Soft Stem,Yellowing Leaves,Branch Weakness,Overwatered
22.19,28.95,Good,22.72,54.28,33.23,Healthy Roots,Strong Stem,Green Leaves,Healthy Branches,Healthy
24.26,80.19,Poor,28.6,81.06,57.64,Root Rot Risk,Soft Stem,Yellowing Leaves,Branch Weakness,Overwatered
33.11,15.98,Poor,20.28,71.86,8.16,Root Stress,Weak Stem,Leaf Wilting,Slow Growth,Dry_Stress
24.92,40.28,Good,25.93,80.06,15.9,Healthy Roots,Strong Stem,Green Leaves,Healthy Branches,Healthy
24.07,65.64,Good,37.15,69.18,35.19,Healthy Roots,Strong Stem,Green Leaves,Healthy Branches,Healthy
31.35,71.8,Moderate,32.68,92.01,58.53,Moderate Stress,Possible Fungal Infection,Leaf Spot Risk,Moderate Growth,Disease_Risk
20.5,40.18,Good,26.2,62.01,69.85,Healthy Roots,Strong Stem,Green Leaves,Healthy Branches,Healthy
23.76,73.66,Good,22.96,56.73,26.38,Healthy Roots,Strong Stem,Green Leaves,Healthy Branches,Healthy
27.91,59.11,Good,37.58,55.34,0.02,Healthy Roots,Strong Stem,Green Leaves,Healthy Branches,Healthy
24.23,49.16,Good,38.38,77.12,55.28,Healthy Roots,Strong Stem,Green Leaves,Healthy Branches,Healthy
28.76,35.5,Good,28.89,76.7,10.16,Healthy Roots,Strong Stem,Green Leaves,Healthy Branches,Healthy
28.83,59.98,Good,35.13,60.33,45.83,Healthy Roots,Strong Stem,Green Leaves,Healthy Branches,Healthy
20.54,89.31,Poor,32.6,67.2,57.95,Root Rot Risk,Soft Stem,Yellowing Leaves,Branch Weakness,Overwatered
20.4,69.93,Good,30.86,57.35,83.81,Healthy Roots,Strong Stem,Green Leaves,Healthy Branches,Healthy
32.12,16.45,Poor,29.31,77.87,78.32,Root Stress,Weak Stem,Leaf Wilting,Slow Growth,Dry_Stress
25.51,22.41,Poor,21.51,69.5,18.53,Root Stress,Weak Stem,Leaf Wilting,Slow Growth,Dry_Stress
20.68,86.72,Poor,20.87,75.34,21.22,Root Rot Risk,Soft Stem,Yellowing Leaves,Branch Weakness,Overwatered
19.38,32.47,Good,25.17,85.69,88.26,Healthy Roots,Strong Stem,Green Leaves,Healthy Branches,Healthy
25.54,87.47,Poor,27.42,65.6,72.38,Root Rot Risk,Soft Stem,Yellowing Leaves,Branch Weakness,Overwatered
33.16,27.28,Good,28.96,54.12,85.3,Healthy Roots,Strong Stem,Green Leaves,Healthy Branches,Healthy
21.69,27.37,Good,20.16,69.88,54.14,Healthy Roots,Strong Stem,Green Leaves,Healthy Branches,Healthy
35.91,87.77,Poor,31.82,53.85,20.05,Root Rot Risk,Soft Stem,Yellowing Leaves,Branch Weakness,Overwatered
18.38,63.85,Good,21.04,75.86,29.88,Healthy Roots,Strong Stem,Green Leaves,Healthy Branches,Healthy
28.68,81.88,Poor,24.95,56.33,96.02,Root Rot Risk,Soft Stem,Yellowing Leaves,Branch Weakness,Overwatered
30.58,85.8,Poor,32.62,53.11,90.09,Root Rot Risk,Soft Stem,Yellowing Leaves,Branch Weakness,Overwatered
27.58,15.43,Poor,35.65,85.85,73.83,Root Stress,Weak Stem,Leaf Wilting,Slow Growth,Dry_Stress
22.66,25.87,Good,38.09,79.93,73.31,Healthy Roots,Strong Stem,Green Leaves,Healthy Branches,Healthy
23.7,21.24,Poor,25.26,90.23,27.41,Root Stress,Weak Stem,Leaf Wilting,Slow Growth,Dry_Stress
27.97,33.74,Good,37.38,74.6,41.61,Healthy Roots,Strong Stem,Green Leaves,Healthy Branches,Healthy
34.12,24.57,Poor,21.7,93.94,25.01,Root Stress,Weak Stem,Leaf Wilting,Slow Growth,Dry_Stress
25.56,30.54,Good,24.55,70.56,54.41,Healthy Roots,Strong Stem,Green Leaves,Healthy Branches,Healthy
24.21,36.88,Good,27.79,91.26,1.6,Healthy Roots,Strong Stem,Green Leaves,Healthy Branches,Healthy
25.21,22.07,Poor,23.8,87,79.52,Root Stress,Weak Stem,Leaf Wilting,Slow Growth,Dry_Stress
35.99,37.05,Good,24.8,50.69,10.78,Healthy Roots,Strong Stem,Green Leaves,Healthy Branches,Healthy
22.8,73.28,Good,21.58,82.61,68.11,Healthy Roots,Strong Stem,Green Leaves,Healthy Branches,Healthy
21.08,65.74,Good,20.14,59.4,54.61,Healthy Roots,Strong Stem,Green Leaves,Healthy Branches,Healthy
34.07,16.19,Poor,34.56,59.3,86.87,Root Stress,Weak Stem,Leaf Wilting,Slow Growth,Dry_Stress
20.26,32.33,Good,25.78,70.95,27,Healthy Roots,Strong Stem,Green Leaves,Healthy Branches,Healthy
33.11,40.05,Good,24.84,57.93,37.91,Healthy Roots,Strong Stem,Green Leaves,Healthy Branches,Healthy
29.25,85.05,Poor,26,42.25,2.32,Root Rot Risk,Soft Stem,Yellowing Leaves,Branch Weakness,Overwatered
35.24,47.96,Good,38.8,43.57,29.05,Healthy Roots,Strong Stem,Green Leaves,Healthy Branches,Healthy
23.72,51.49,Good,33.48,50.87,15.44,Healthy Roots,Strong Stem,Green Leaves,Healthy Branches,Healthy
33.4,27.4,Moderate,30.86,93.23,47.9,Moderate Stress,Possible Fungal Infection,Leaf Spot Risk,Moderate Growth,Disease_Risk
19.57,13.46,Poor,35.23,65.36,82.99,Root Stress,Weak Stem,Leaf Wilting,Slow Growth,Dry_Stress
32.08,46.97,Good,27.01,54.56,17.02,Healthy Roots,Strong Stem,Green Leaves,Healthy Branches,Healthy
23.89,43.71,Good,25.42,91.95,57.65,Healthy Roots,Strong Stem,Green Leaves,Healthy Branches,Healthy
26.29,78.85,Poor,25.76,75.33,14.15,Root Rot Risk,Soft Stem,Yellowing Leaves,Branch Weakness,Overwatered
32.35,66.9,Good,36.08,74.53,9.08,Healthy Roots,Strong Stem,Green Leaves,Healthy Branches,Healthy
29.43,47.97,Good,37.77,71.61,80.61,Healthy Roots,Strong Stem,Green Leaves,Healthy Branches,Healthy
26.25,12.65,Poor,39.68,58.82,81.76,Root Stress,Weak Stem,Leaf Wilting,Slow Growth,Dry_Stress
23.27,79.63,Poor,34.22,72.19,84.43,Root Rot Risk,Soft Stem,Yellowing Leaves,Branch Weakness,Overwatered
31.6,27.8,Good,31.07,59.38,61.69,Healthy Roots,Strong Stem,Green Leaves,Healthy Branches,Healthy
26.38,46.98,Good,27.36,86.78,4.14,Healthy Roots,Strong Stem,Green Leaves,Healthy Branches,Healthy
22.4,52.58,Good,27.43,44.64,51.82,Healthy Roots,Strong Stem,Green Leaves,Healthy Branches,Healthy
25.06,53.98,Good,28.34,42.26,80.38,Healthy Roots,Strong Stem,Green Leaves,Healthy Branches,Healthy
32.33,58.54,Good,20.24,43.65,83.43,Healthy Roots,Strong Stem,Green Leaves,Healthy Branches,Healthy
19.06,79.35,Poor,25.9,48.1,45,Root Rot Risk,Soft Stem,Yellowing Leaves,Branch Weakness,Overwatered
23.8,27.74,Good,32.23,79.2,72.18,Healthy Roots,Strong Stem,Green Leaves,Healthy Branches,Healthy
31.09,87.71,Poor,26.43,49.9,81.35,Root Rot Risk,Soft Stem,Yellowing Leaves,Branch Weakness,Overwatered
29.03,44.89,Good,38.37,49.9,53.17,Healthy Roots,Strong Stem,Green Leaves,Healthy Branches,Healthy
25.91,78.52,Poor,29.23,42.29,63.81,Root Rot Risk,Soft Stem,Yellowing Leaves,Branch Weakness,Overwatered
20.8,66.92,Good,24.93,94.88,49.46,Healthy Roots,Strong Stem,Green Leaves,Healthy Branches,Healthy
18.86,63.74,Good,34.48,60.32,50.83,Healthy Roots,Strong Stem,Green Leaves,Healthy Branches,Healthy
25.22,25.44,Good,31.19,83.84,64.78,Healthy Roots,Strong Stem,Green Leaves,Healthy Branches,Healthy
30.39,79.4,Poor,36.01,86.27,77.61,Root Rot Risk,Soft Stem,Yellowing Leaves,Branch Weakness,Overwatered
22.82,17.66,Poor,24.47,50.38,70.7,Root Stress,Weak Stem,Leaf Wilting,Slow Growth,Dry_Stress
34.24,35.13,Good,33.21,63.27,18.07,Healthy Roots,Strong Stem,Green Leaves,Healthy Branches,Healthy
29.15,18.78,Poor,25.93,80.08,26.89,Root Stress,Weak Stem,Leaf Wilting,Slow Growth,Dry_Stress
26.19,32.84,Good,35.72,45.42,66.65,Healthy Roots,Strong Stem,Green Leaves,Healthy Branches,Healthy
31.58,77.83,Poor,30.3,76.77,70.99,Root Rot Risk,Soft Stem,Yellowing Leaves,Branch Weakness,Overwatered
23.39,78.22,Poor,26.84,55.91,79.05,Root Rot Risk,Soft Stem,Yellowing Leaves,Branch Weakness,Overwatered
34.09,76.05,Poor,26.28,78.1,91.85,Root Rot Risk,Soft Stem,Yellowing Leaves,Branch Weakness,Overwatered
24.61,22.95,Poor,31.82,85.83,11.77,Root Stress,Weak Stem,Leaf Wilting,Slow Growth,Dry_Stress
18.09,51.64,Good,28.24,85.01,27.26,Healthy Roots,Strong Stem,Green Leaves,Healthy Branches,Healthy
35.61,62.26,Moderate,25.71,85.97,33,Moderate Stress,Possible Fungal Infection,Leaf Spot Risk,Moderate Growth,Disease_Risk
26.93,85.63,Poor,28.89,61.77,36.16,Root Rot Risk,Soft Stem,Yellowing Leaves,Branch Weakness,Overwatered
34.26,46.14,Good,37.15,67.7,65.75,Healthy Roots,Strong Stem,Green Leaves,Healthy Branches,Healthy
19.96,58.03,Good,20.13,79.32,86.02,Healthy Roots,Strong Stem,Green Leaves,Healthy Branches,Healthy
21.6,38.59,Good,35.55,81.27,19.07,Healthy Roots,Strong Stem,Green Leaves,Healthy Branches,Healthy
26.71,76.81,Poor,24.95,90.03,47.42,Root Rot Risk,Soft Stem,Yellowing Leaves,Branch Weakness,Overwatered
34.12,80.53,Poor,34.87,76.98,58.64,Root Rot Risk,Soft Stem,Yellowing Leaves,Branch Weakness,Overwatered
19.66,85.57,Poor,37.3,81.14,9.03,Root Rot Risk,Soft Stem,Yellowing Leaves,Branch Weakness,Overwatered
27.69,84.74,Poor,29.09,56.91,51.99,Root Rot Risk,Soft Stem,Yellowing Leaves,Branch Weakness,Overwatered
31.65,16.5,Poor,23.49,92.79,15.84,Root Stress,Weak Stem,Leaf Wilting,Slow Growth,Dry_Stress
25.03,68.68,Good,28.56,59.92,6.03,Healthy Roots,Strong Stem,Green Leaves,Healthy Branches,Healthy
26.02,46.47,Good,28.11,44.83,6.11,Healthy Roots,Strong Stem,Green Leaves,Healthy Branches,Healthy
34.81,83.47,Poor,36.47,82.91,40.55,Root Rot Risk,Soft Stem,Yellowing Leaves,Branch Weakness,Overwatered
27.67,43.63,Good,34.29,41.02,47.84,Healthy Roots,Strong Stem,Green Leaves,Healthy Branches,Healthy
